title,author,raw_isbn_in_csv,cleaned_isbn_attempt,skip_reason
To Kill a Mockingbird,Harper Lee,,,Invalid Length (not 10 or 13 after cleaning)
The Chronicles of Narnia,"C.S. Lewis, Pauline Baynes (Illustrator)",,,Invalid Length (not 10 or 13 after cleaning)
The Fault in Our Stars,John Green (Goodreads Author),,,Invalid Length (not 10 or 13 after cleaning)
The Hitchhiker's Guide to the Galaxy,Douglas Adams,,,Invalid Length (not 10 or 13 after cleaning)
The Da Vinci Code,Dan Brown (Goodreads Author),,,Invalid Length (not 10 or 13 after cleaning)
The Picture of Dorian Gray,"Oscar Wilde, Jeffrey Eugenides (Introduction)",,,Invalid Length (not 10 or 13 after cleaning)
Les Misérables,"Victor Hugo, Lee Fahnestock (Translator), Norman MacAfee (Translator)",,,Invalid Length (not 10 or 13 after cleaning)
Fahrenheit 451,Ray Bradbury,'B0064CPN7I,00647,Invalid Length (not 10 or 13 after cleaning)
The Perks of Being a Wallflower,Stephen Chbosky,,,Invalid Length (not 10 or 13 after cleaning)
The Great Gatsby,"F. Scott Fitzgerald, Francis Scott Fitzgerald",,,Invalid Length (not 10 or 13 after cleaning)
The Help,Kathryn Stockett (Goodreads Author),,,Invalid Length (not 10 or 13 after cleaning)
Harry Potter and the Sorcerer's Stone,"J.K. Rowling, Mary GrandPré (Illustrator)",,,Invalid Length (not 10 or 13 after cleaning)
The Little Prince,"Antoine de Saint-Exupéry, Richard Howard (Translator), Ivan Minatti (Translator), Nguyễn Thành Vũ (Illustrator)",,,Invalid Length (not 10 or 13 after cleaning)
One Hundred Years of Solitude,"Gabriel García Márquez, Gregory Rabassa (Translator)",,,Invalid Length (not 10 or 13 after cleaning)
The Outsiders,S.E. Hinton (Goodreads Author),,,Invalid Length (not 10 or 13 after cleaning)
Lolita,"Vladimir Nabokov, Craig Raine (Afterword)",'B00IIAQY3Q,003,Invalid Length (not 10 or 13 after cleaning)
The Kite Runner,"Khaled Hosseini (Goodreads Author), Berliani M. Nugrahani (Translator)",,,Invalid Length (not 10 or 13 after cleaning)
The Handmaid's Tale,Margaret Atwood (Goodreads Author),,,Invalid Length (not 10 or 13 after cleaning)
The Pillars of the Earth,Ken Follett (Goodreads Author),,,Invalid Length (not 10 or 13 after cleaning)
The Adventures of Sherlock Holmes,Arthur Conan Doyle,,,Invalid Length (not 10 or 13 after cleaning)
The Bell Jar,Sylvia Plath,,,Invalid Length (not 10 or 13 after cleaning)
One Flew Over the Cuckoo's Nest,Ken Kesey,,,Invalid Length (not 10 or 13 after cleaning)
Anna Karenina,"Leo Tolstoy, Aylmer Maude (Translator), Lev Tolstoi, Louise Maude (Translator), George Gibian (Preface)",,,Invalid Length (not 10 or 13 after cleaning)
The Girl with the Dragon Tattoo,"Stieg Larsson, Reg Keeland (Translator)",,,Invalid Length (not 10 or 13 after cleaning)
1984,George Orwell,'B003JTHWKU,003,Invalid Length (not 10 or 13 after cleaning)
Siddhartha,"Hermann Hesse, Hilda Rosner (Translator)",,,Invalid Length (not 10 or 13 after cleaning)
The Notebook,Nicholas Sparks (Goodreads Author),'B000Q67J66,0006766,Invalid Length (not 10 or 13 after cleaning)
Harry Potter and the Goblet of Fire,"J.K. Rowling, Mary GrandPré (Illustrator)",,,Invalid Length (not 10 or 13 after cleaning)
Harry Potter and the Half-Blood Prince,J.K. Rowling,,,Invalid Length (not 10 or 13 after cleaning)
The Stranger,"Albert Camus, Matthew Ward (Translator)",,,Invalid Length (not 10 or 13 after cleaning)
The Metamorphosis,"Franz Kafka, Stanley Corngold (Translator), Mircea Ivănescu (Translator)",,,Invalid Length (not 10 or 13 after cleaning)
Looking for Alaska,John Green (Goodreads Author),,,Invalid Length (not 10 or 13 after cleaning)
The Shadow of the Wind,"Carlos Ruiz Zafón, Lucia Graves (Translator)",,,Invalid Length (not 10 or 13 after cleaning)
The Godfather,"Mario Puzo, Robert Thompson (Introduction), Peter Bart (Afterword)",,,Invalid Length (not 10 or 13 after cleaning)
American Gods,Neil Gaiman (Goodreads Author),,,Invalid Length (not 10 or 13 after cleaning)
"The Lion, the Witch and the Wardrobe",C.S. Lewis,,,Invalid Length (not 10 or 13 after cleaning)
The Thorn Birds,Colleen McCullough,,,Invalid Length (not 10 or 13 after cleaning)
A Walk to Remember,Nicholas Sparks (Goodreads Author),,,Invalid Length (not 10 or 13 after cleaning)
The Three Musketeers,Alexandre Dumas,,,Invalid Length (not 10 or 13 after cleaning)
Frostbite,Richelle Mead (Goodreads Author),,,Invalid Length (not 10 or 13 after cleaning)
"Good Omens: The Nice and Accurate Prophecies of Agnes Nutter, Witch","Terry Pratchett, Neil Gaiman (Goodreads Author)",,,Invalid Length (not 10 or 13 after cleaning)
Tess of the D'Urbervilles,"Thomas Hardy, Margaret R. Higonnet (Introduction), Maria Grazia Griffini (Translator), Tim Dolin (Notes)",,,Invalid Length (not 10 or 13 after cleaning)
The Battle of the Labyrinth,Rick Riordan (Goodreads Author),,,Invalid Length (not 10 or 13 after cleaning)
The Mists of Avalon,Marion Zimmer Bradley,'B000FC1JCQ,0001,Invalid Length (not 10 or 13 after cleaning)
Bridge to Terabithia,Katherine Paterson,'B001UFP6JY,0016,Invalid Length (not 10 or 13 after cleaning)
Oliver Twist,"Charles Dickens, Philip Horne (Introduction), Gerald Dickens (Narrator), 查尔斯·狄更斯, 吴倩卓 (Translator)",,,Invalid Length (not 10 or 13 after cleaning)
Ulysses,"James Joyce, Morris L. Ernst (Foreword), John M. Woolsey (Foreword)",,,Invalid Length (not 10 or 13 after cleaning)
The Clan of the Cave Bear,Jean M. Auel,'B00466HQ2Y,004662,Invalid Length (not 10 or 13 after cleaning)
David Copperfield,"Charles Dickens, Jeremy Tambling (Introduction)",,,Invalid Length (not 10 or 13 after cleaning)
The Other Boleyn Girl,Philippa Gregory (Goodreads Author),,,Invalid Length (not 10 or 13 after cleaning)
The Boy in the Striped Pajamas,John Boyne,,,Invalid Length (not 10 or 13 after cleaning)
Jurassic Park,Michael Crichton,'B007UH4D3G,00743,Invalid Length (not 10 or 13 after cleaning)
The Trial,"Franz Kafka, Max Brod (Afterword), Willa Muir (Translator), Edwin Muir (Translator)",,,Invalid Length (not 10 or 13 after cleaning)
The Sun Also Rises,Ernest Hemingway,,,Invalid Length (not 10 or 13 after cleaning)
Throne of Glass,Sarah J. Maas (Goodreads Author),,,Invalid Length (not 10 or 13 after cleaning)
The Screwtape Letters,C.S. Lewis,'B002BD2V2Y,00222,Invalid Length (not 10 or 13 after cleaning)
Cinder,Marissa Meyer (Goodreads Author),,,Invalid Length (not 10 or 13 after cleaning)
Blindness,José Saramago,'B003T0GBOM,0030,Invalid Length (not 10 or 13 after cleaning)
The Sound and the Fury,William Faulkner,,,Invalid Length (not 10 or 13 after cleaning)
The Shack,William Paul Young,'B001B8Z2S0,001820,Invalid Length (not 10 or 13 after cleaning)
For Whom the Bell Tolls,Ernest Hemingway,,,Invalid Length (not 10 or 13 after cleaning)
Island of the Blue Dolphins,Scott O'Dell,'B0038AUY8M,00388,Invalid Length (not 10 or 13 after cleaning)
The Diary of a Young Girl,"Anne Frank, Eleanor Roosevelt (Introduction), 郭清玲 (Translator), Barbara Mooyaart-Doubleday (Translator)",,,Invalid Length (not 10 or 13 after cleaning)
Beautiful Disaster,Jamie McGuire (Goodreads Author),'B0052VUNHC,0052,Invalid Length (not 10 or 13 after cleaning)
Uncle Tom's Cabin,Harriet Beecher Stowe,,,Invalid Length (not 10 or 13 after cleaning)
The Historian,Elizabeth Kostova,'B000FCK6EI,0006,Invalid Length (not 10 or 13 after cleaning)
Invisible Man,Ralph Ellison,,,Invalid Length (not 10 or 13 after cleaning)
Gone Girl,Gillian Flynn (Goodreads Author),,,Invalid Length (not 10 or 13 after cleaning)
Leaves of Grass,Walt Whitman,,,Invalid Length (not 10 or 13 after cleaning)
Graceling,Kristin Cashore,,,Invalid Length (not 10 or 13 after cleaning)
The Time Machine,"H.G. Wells, Greg Bear (Introduction), Carlo Pagetti (Foreword)",,,Invalid Length (not 10 or 13 after cleaning)
Walden,Henry David Thoreau,,,Invalid Length (not 10 or 13 after cleaning)
Fangirl,Rainbow Rowell (Goodreads Author),'B00BMKH5NW,005,Invalid Length (not 10 or 13 after cleaning)
A Court of Mist and Fury,Sarah J. Maas (Goodreads Author),'B015FELXQ0,0150,Invalid Length (not 10 or 13 after cleaning)
Things Fall Apart,Chinua Achebe,,,Invalid Length (not 10 or 13 after cleaning)
A Time to Kill,John Grisham (Goodreads Author),,,Invalid Length (not 10 or 13 after cleaning)
The Gunslinger,Stephen King (Goodreads Author),,,Invalid Length (not 10 or 13 after cleaning)
Do Androids Dream of Electric Sheep?,Philip K. Dick,'B000SEGTI0,0000,Invalid Length (not 10 or 13 after cleaning)
The Lord of the Rings,J.R.R. Tolkien,,,Invalid Length (not 10 or 13 after cleaning)
Legend,Marie Lu (Goodreads Author),,,Invalid Length (not 10 or 13 after cleaning)
The Hound of the Baskervilles,"Arthur Conan Doyle, Anne Perry (Afterword)",,,Invalid Length (not 10 or 13 after cleaning)
Wonder,R.J. Palacio,,,Invalid Length (not 10 or 13 after cleaning)
Obsidian,Jennifer L. Armentrout (Goodreads Author),,,Invalid Length (not 10 or 13 after cleaning)
Robinson Crusoe,"Daniel Defoe, Virginia Woolf (Introduction)",,,Invalid Length (not 10 or 13 after cleaning)
Breakfast at Tiffany's and Three Stories,Truman Capote,,,Invalid Length (not 10 or 13 after cleaning)
Room,Emma Donoghue (Goodreads Author),'B003YFIUW8,0038,Invalid Length (not 10 or 13 after cleaning)
The Subtle Knife,Philip Pullman,'B00SSJYF8S,008,Invalid Length (not 10 or 13 after cleaning)
The Plague,"Albert Camus, Stuart Gilbert (Translator)",,,Invalid Length (not 10 or 13 after cleaning)
Snow Flower and the Secret Fan,Lisa See (Goodreads Author),'B000FCK71U,00071,Invalid Length (not 10 or 13 after cleaning)
The Remains of the Day,Kazuo Ishiguro,,,Invalid Length (not 10 or 13 after cleaning)
Miss Peregrine's Home for Peculiar Children,Ransom Riggs,,,Invalid Length (not 10 or 13 after cleaning)
Jonathan Strange & Mr Norrell,Susanna Clarke,,,Invalid Length (not 10 or 13 after cleaning)
"Blood Meridian, or the Evening Redness in the West",Cormac McCarthy,,,Invalid Length (not 10 or 13 after cleaning)
Neuromancer,William Gibson,'B000O76ON6,000766,Invalid Length (not 10 or 13 after cleaning)
Waiting for Godot,Samuel Beckett,,,Invalid Length (not 10 or 13 after cleaning)
War and Peace,"Leo Tolstoy, Henry Gifford (Editor), Aylmer Maude (Translator), Louise Maude (Translator), Vladimir Levstik (Translator)",,,Invalid Length (not 10 or 13 after cleaning)
A Dance with Dragons,George R.R. Martin,,,Invalid Length (not 10 or 13 after cleaning)
The Complete Poems of Emily Dickinson,"Emily Dickinson, Thomas H. Johnson (Editor)",,,Invalid Length (not 10 or 13 after cleaning)
Mistress Suffragette,Diana Forbes (Goodreads Author),'B06XG3G2TF,0632,Invalid Length (not 10 or 13 after cleaning)
Pet Sematary,Stephen King (Goodreads Author),,,Invalid Length (not 10 or 13 after cleaning)
Snow Crash,Neal Stephenson (Goodreads Author),'B000FBJCJE,000,Invalid Length (not 10 or 13 after cleaning)
Ishmael,Daniel Quinn,'B000SEFH6A,0006,Invalid Length (not 10 or 13 after cleaning)
The Unbecoming of Mara Dyer,Michelle Hodkin (Goodreads Author),'B004IK988I,004988,Invalid Length (not 10 or 13 after cleaning)
The Zombie Room,R.D. Ronald,'B01E4L4VEG,0144,Invalid Length (not 10 or 13 after cleaning)
Angelfall,Susan Ee (Goodreads Author),'B008ELHBAO,008,Invalid Length (not 10 or 13 after cleaning)
The Bronze Horseman,Paullina Simons,'B000FC10Y8,000108,Invalid Length (not 10 or 13 after cleaning)
Little House on the Prairie,"Laura Ingalls Wilder, Garth Williams (Illustrator)",,,Invalid Length (not 10 or 13 after cleaning)
The Last Lecture,Randy Pausch,'B00139VU7E,001397,Invalid Length (not 10 or 13 after cleaning)
Ignite Me,Tahereh Mafi,'B00DB2YN0C,0020,Invalid Length (not 10 or 13 after cleaning)
World Without End,Ken Follett (Goodreads Author),,,Invalid Length (not 10 or 13 after cleaning)
Slammed,Colleen Hoover (Goodreads Author),,,Invalid Length (not 10 or 13 after cleaning)
We Were Liars,E. Lockhart (Goodreads Author),,,Invalid Length (not 10 or 13 after cleaning)
The Silver Chair,"C.S. Lewis, Pauline Baynes (Illustrator)",,,Invalid Length (not 10 or 13 after cleaning)
The Secret,Rhonda Byrne,,,Invalid Length (not 10 or 13 after cleaning)
The Blind Assassin,Margaret Atwood (Goodreads Author),,,Invalid Length (not 10 or 13 after cleaning)
Sense and Sensibility,"Jane Austen, Tony Tanner (Introduction), Ros Ballaster (Introduction/Editor)",,,Invalid Length (not 10 or 13 after cleaning)
Night,"Elie Wiesel, Marion Wiesel (Translator), François Mauriac (Foreword)",,,Invalid Length (not 10 or 13 after cleaning)
Watchers,Dean Koontz (Goodreads Author),,,Invalid Length (not 10 or 13 after cleaning)
The Left Hand of Darkness,Ursula K. Le Guin,,,Invalid Length (not 10 or 13 after cleaning)
The Lies of Locke Lamora,Scott Lynch (Goodreads Author),'B000JMKNJ2,0002,Invalid Length (not 10 or 13 after cleaning)
The Sirens of Titan,Kurt Vonnegut Jr.,,,Invalid Length (not 10 or 13 after cleaning)
Grimm's Fairy Tales,"Jacob Grimm, Wilhelm Grimm, Edward Robert Hughes (illustrator)",'B00912L5U2,0091252,Invalid Length (not 10 or 13 after cleaning)
Crooked Kingdom,Leigh Bardugo (Goodreads Author),'B0117K9N3Q,011793,Invalid Length (not 10 or 13 after cleaning)
The Awakening: Fate in Motion,Suzanne Boisvert (Goodreads Author),'B07GNSZH8M,078,Invalid Length (not 10 or 13 after cleaning)
Club Dead,Charlaine Harris (Goodreads Author),,,Invalid Length (not 10 or 13 after cleaning)
The Witch of Blackbird Pond,Elizabeth George Speare,,,Invalid Length (not 10 or 13 after cleaning)
Digital Fortress,Dan Brown (Goodreads Author),,,Invalid Length (not 10 or 13 after cleaning)
Cryptonomicon,Neal Stephenson (Goodreads Author),,,Invalid Length (not 10 or 13 after cleaning)
How to Win Friends and Influence People,Dale Carnegie,,,Invalid Length (not 10 or 13 after cleaning)
Hard-Boiled Wonderland and the End of the World,"Haruki Murakami, Alfred Birnbaum (Translator)",,,Invalid Length (not 10 or 13 after cleaning)
Empire of Storms,Sarah J. Maas (Goodreads Author),,,Invalid Length (not 10 or 13 after cleaning)
To All the Boys I've Loved Before,Jenny Han (Goodreads Author),,,Invalid Length (not 10 or 13 after cleaning)
Holy Bible: King James Version,Anonymous,,,Invalid Length (not 10 or 13 after cleaning)
Cold Sassy Tree,Olive Ann Burns,'B003K15II0,003150,Invalid Length (not 10 or 13 after cleaning)
The Restaurant at the End of the Universe,Douglas Adams,,,Invalid Length (not 10 or 13 after cleaning)
Pale Fire,Vladimir Nabokov,,,Invalid Length (not 10 or 13 after cleaning)
Daughter of the Forest,Juliet Marillier (Goodreads Author),,,Invalid Length (not 10 or 13 after cleaning)
Illusions: The Adventures of a Reluctant Messiah,Richard Bach (Goodreads Author),,,Invalid Length (not 10 or 13 after cleaning)
Wild Swans: Three Daughters of China,Jung Chang,,,Invalid Length (not 10 or 13 after cleaning)
The Dark Tower,"Stephen King (Goodreads Author), Michael Whelan (Illustrator)",,,Invalid Length (not 10 or 13 after cleaning)
Christy,Catherine Marshall,'B0745KTJSY,0745,Invalid Length (not 10 or 13 after cleaning)
Shadow and Bone,Leigh Bardugo (Goodreads Author),,,Invalid Length (not 10 or 13 after cleaning)
A Connecticut Yankee in King Arthur's Court,Mark Twain,,,Invalid Length (not 10 or 13 after cleaning)
"84, Charing Cross Road",Helene Hanff,,,Invalid Length (not 10 or 13 after cleaning)
How Green Was My Valley,Richard Llewellyn,,,Invalid Length (not 10 or 13 after cleaning)
A Moveable Feast,Ernest Hemingway,,,Invalid Length (not 10 or 13 after cleaning)
Onyx,Jennifer L. Armentrout (Goodreads Author),,,Invalid Length (not 10 or 13 after cleaning)
Ugly Love,Colleen Hoover (Goodreads Author),'B00HB62MC0,00620,Invalid Length (not 10 or 13 after cleaning)
Sharp Objects,Gillian Flynn (Goodreads Author),,,Invalid Length (not 10 or 13 after cleaning)
The 5 Love Languages: The Secret to Love that Lasts,Gary Chapman,'B00OICLVBI,00,Invalid Length (not 10 or 13 after cleaning)
Sapiens: A Brief History of Humankind,Yuval Noah Harari,,,Invalid Length (not 10 or 13 after cleaning)
Silas Marner,George Eliot,,,Invalid Length (not 10 or 13 after cleaning)
Childhood's End,Arthur C. Clarke,,,Invalid Length (not 10 or 13 after cleaning)
Thus Spoke Zarathustra,"Friedrich Nietzsche, Walter Kaufmann (Translator)",,,Invalid Length (not 10 or 13 after cleaning)
Safe Haven,Nicholas Sparks (Goodreads Author),'B003JTHXOK,003,Invalid Length (not 10 or 13 after cleaning)
An Ember in the Ashes,Sabaa Tahir (Goodreads Author),,,Invalid Length (not 10 or 13 after cleaning)
The Tempest,"William Shakespeare, Paul Werstine (Editor), David Lindley (Editor), Israel Gollancz (Preface & Glossary), Barbara A. Mowat (Editor)",,,Invalid Length (not 10 or 13 after cleaning)
The Dispossessed,Ursula K. Le Guin,,,Invalid Length (not 10 or 13 after cleaning)
The Pilgrim's Progress,John Bunyan,,,Invalid Length (not 10 or 13 after cleaning)
The Great Divorce,C.S. Lewis,,,Invalid Length (not 10 or 13 after cleaning)
Point of Retreat,Colleen Hoover (Goodreads Author),,,Invalid Length (not 10 or 13 after cleaning)
Dirk Gently's Holistic Detective Agency,Douglas Adams,,,Invalid Length (not 10 or 13 after cleaning)
On Dublin Street,Samantha Young (Goodreads Author),'B0094J01VG,009401,Invalid Length (not 10 or 13 after cleaning)
The Collector,John Fowles,,,Invalid Length (not 10 or 13 after cleaning)
The Mysterious Benedict Society,Trenton Lee Stewart (Goodreads Author),'B000SEHIB2,0002,Invalid Length (not 10 or 13 after cleaning)
Till We Have Faces,C.S. Lewis,,,Invalid Length (not 10 or 13 after cleaning)
The Forty Rules of Love,Elif Shafak (Goodreads Author),,,Invalid Length (not 10 or 13 after cleaning)
Una Historia de Ayer,Sergio Cobo,'B00IUPH39I,0039,Invalid Length (not 10 or 13 after cleaning)
"More Than Love, A Husband's Tale",Peter B. Forster (Goodreads Author),'B082ZXXN48,08248,Invalid Length (not 10 or 13 after cleaning)
Forever,Maggie Stiefvater (Goodreads Author),,,Invalid Length (not 10 or 13 after cleaning)
"Dodging Satan: My Irish/Italian, Sometimes Awesome, But Mostly Creepy, Childhood",Kathleen Zamboni McCormick (Goodreads Author),'B0187OW2OM,01872,Invalid Length (not 10 or 13 after cleaning)
Pleasant Day,Vera Jane Cook (Goodreads Author),'B07PM8Z18S,07818,Invalid Length (not 10 or 13 after cleaning)
Fallen Too Far,Abbi Glines (Goodreads Author),'B00AOTGI08,0008,Invalid Length (not 10 or 13 after cleaning)
Red Dragon,Thomas Harris,,,Invalid Length (not 10 or 13 after cleaning)
The Evolution of Mara Dyer,Michelle Hodkin (Goodreads Author),'B007EDOSKY,007,Invalid Length (not 10 or 13 after cleaning)
The Choice,Nicholas Sparks (Goodreads Author),,,Invalid Length (not 10 or 13 after cleaning)
The Book of Disquiet: The Complete Edition,Fernando Pessoa,'B06Y3NWTJ9,0639,Invalid Length (not 10 or 13 after cleaning)
The Celestine Prophecy,James Redfield,,,Invalid Length (not 10 or 13 after cleaning)
Tai-Pan,James Clavell,,,Invalid Length (not 10 or 13 after cleaning)
The Heart of Aleppo: A Story of the Syrian Civil War,Ammar Habib (Goodreads Author),'B07D7HQ53C,07753,Invalid Length (not 10 or 13 after cleaning)
Chasing the Red Queen,Karen Glista,'B079KJFJW8,0798,Invalid Length (not 10 or 13 after cleaning)
Losing Hope,Colleen Hoover (Goodreads Author),'B00BOVFKOK,00,Invalid Length (not 10 or 13 after cleaning)
Villette,"Charlotte Brontë, Ignes Sodre (Introduction), A.S. Byatt (Introduction)",,,Invalid Length (not 10 or 13 after cleaning)
Magic Bites,Ilona Andrews (Goodreads Author),,,Invalid Length (not 10 or 13 after cleaning)
"Missing Wings: Chronicles of the Aranysargas (Aranysargas, #1)",Andrea Luhman (Goodreads Author),,,Invalid Length (not 10 or 13 after cleaning)
Wait for You,Jennifer L. Armentrout (Goodreads Author),,,Invalid Length (not 10 or 13 after cleaning)
El Diablo,M. Robinson,,,Invalid Length (not 10 or 13 after cleaning)
"America's Daughter (Dancing Soul Trilogy, #2)",Maria Nhambu (Goodreads Author),'B074SW7R4K,07474,Invalid Length (not 10 or 13 after cleaning)
Naked in Death,J.D. Robb (Goodreads Author),,,Invalid Length (not 10 or 13 after cleaning)
Broken Promises (Past Imperfect Mystery Book 1),Anne Willow (Goodreads Author),'B07D25X94W,072594,Invalid Length (not 10 or 13 after cleaning)
Rapture,Lauren Kate (Goodreads Author),'B005OCYQDQ,005,Invalid Length (not 10 or 13 after cleaning)
Three Men in a Boat,Jerome K. Jerome,,,Invalid Length (not 10 or 13 after cleaning)
It Ends with Us,Colleen Hoover (Goodreads Author),'B0176M3U10,0176310,Invalid Length (not 10 or 13 after cleaning)
Cheaper by the Dozen,"Frank B. Gilbreth Jr., Ernestine Gilbreth Carey",'B00FTOANM2,002,Invalid Length (not 10 or 13 after cleaning)
New Moon,Stephenie Meyer,,,Invalid Length (not 10 or 13 after cleaning)
The 100-Year-Old Man Who Climbed Out the Window and Disappeared,Jonas Jonasson,'B007MB5OCE,0075,Invalid Length (not 10 or 13 after cleaning)
Solaris,"Stanisław Lem, Joanna Kilmartin (Translator), Steve Cox (Translator)",,,Invalid Length (not 10 or 13 after cleaning)
The Dharma Bums,Jack Kerouac,,,Invalid Length (not 10 or 13 after cleaning)
Mere Christianity,C.S. Lewis,'B07F799QGM,07799,Invalid Length (not 10 or 13 after cleaning)
Old Man's War,John Scalzi (Goodreads Author),'B000SEIK2S,0002,Invalid Length (not 10 or 13 after cleaning)
Vicious,V.E. Schwab,'B00CQY7WBI,007,Invalid Length (not 10 or 13 after cleaning)
The Cruel Prince,Holly Black (Goodreads Author),,,Invalid Length (not 10 or 13 after cleaning)
Life As We Knew It,Susan Beth Pfeffer,,,Invalid Length (not 10 or 13 after cleaning)
A Voice in the Wind,"Francine Rivers (Goodreads Author), Richard Ferrone (Narrator)",,,Invalid Length (not 10 or 13 after cleaning)
Centennial,James A. Michener,,,Invalid Length (not 10 or 13 after cleaning)
Demons,"Fyodor Dostoyevsky, Richard Pevear (Translator), Larissa Volokhonsky (Translator)",,,Invalid Length (not 10 or 13 after cleaning)
Unparalleled,D.S. Smith (Goodreads Author),,,Invalid Length (not 10 or 13 after cleaning)
The Opportunist,Tarryn Fisher (Goodreads Author),,,Invalid Length (not 10 or 13 after cleaning)
Complicate Me,M. Robinson,'B015BUC1YG,0151,Invalid Length (not 10 or 13 after cleaning)
The Shadow Girl,Misty Mount (Goodreads Author),'B078PQ9FPN,0789,Invalid Length (not 10 or 13 after cleaning)
Midwives,Chris Bohjalian (Goodreads Author),,,Invalid Length (not 10 or 13 after cleaning)
The Last Wish,"Andrzej Sapkowski, Danusia Stok (Translator)",,,Invalid Length (not 10 or 13 after cleaning)
For the Love of Armin,Michael G. Kramer (Goodreads Author),'B0728LK7JC,07287,Invalid Length (not 10 or 13 after cleaning)
People of the Book,Geraldine Brooks (Goodreads Author),,,Invalid Length (not 10 or 13 after cleaning)
The Heir,Kiera Cass (Goodreads Author),'B00MFYCZ2U,002,Invalid Length (not 10 or 13 after cleaning)
Royal Assassin,Robin Hobb (Goodreads Author),,,Invalid Length (not 10 or 13 after cleaning)
Lola and the Boy Next Door,Stephanie Perkins (Goodreads Author),,,Invalid Length (not 10 or 13 after cleaning)
The Complete Stories,"Flannery O'Connor, Robert Giroux (Introduction)",,,Invalid Length (not 10 or 13 after cleaning)
Martin Eden,"Jack London, Andrew Sinclair (Introduction)",,,Invalid Length (not 10 or 13 after cleaning)
Nobody Loves a Bigfoot Like a Bigfoot Babe,Simon Okill (Goodreads Author),'B00AAL9UB4,0094,Invalid Length (not 10 or 13 after cleaning)
Switch! The Lost Kingdoms of Karibu,Karen Prince (Goodreads Author),,,Invalid Length (not 10 or 13 after cleaning)
The Surgeon,Tess Gerritsen (Goodreads Author),,,Invalid Length (not 10 or 13 after cleaning)
Bossypants,Tina Fey,,,Invalid Length (not 10 or 13 after cleaning)
I Am Legend,Richard Matheson,'B00514HDNW,00514,Invalid Length (not 10 or 13 after cleaning)
Post Office,Charles Bukowski,'B000SEGDNG,000,Invalid Length (not 10 or 13 after cleaning)
"Red, White & Royal Blue",Casey McQuiston (Goodreads Author),,,Invalid Length (not 10 or 13 after cleaning)
Bully,Penelope Douglas (Goodreads Author),,,Invalid Length (not 10 or 13 after cleaning)
Trouble on Main Street,Kirsten Fullmer (Goodreads Author),'B086CDYMTP,086,Invalid Length (not 10 or 13 after cleaning)
Americanah,"Chimamanda Ngozi Adichie, Jashar Awan (Illustrator)",,,Invalid Length (not 10 or 13 after cleaning)
The Invisible Game: Mindset of a Winning Team,Zoltan Andrejkovics (Goodreads Author),,,Invalid Length (not 10 or 13 after cleaning)
Sliding on the Snow Stone,Andy Szpuk (Goodreads Author),'B00KNOQFJS,00,Invalid Length (not 10 or 13 after cleaning)
Beg For Mercy,Lucian Bane (Goodreads Author),,,Invalid Length (not 10 or 13 after cleaning)
This Man,"Jodi Ellen Malpas (Goodreads Author), Andrea Fischer (Translator)",,,Invalid Length (not 10 or 13 after cleaning)
When Breath Becomes Air,Paul Kalanithi,'B00XSSYR50,0050,Invalid Length (not 10 or 13 after cleaning)
L'Écume des jours,Boris Vian,,,Invalid Length (not 10 or 13 after cleaning)
My Name Is Red,"Orhan Pamuk, Erdağ M. Göknar (Translator)",,,Invalid Length (not 10 or 13 after cleaning)
World After,Susan Ee (Goodreads Author),'B00DBE1P2Y,0012,Invalid Length (not 10 or 13 after cleaning)
Noble House,James Clavell,,,Invalid Length (not 10 or 13 after cleaning)
The Ultimate Religion,Gillian Dance (Goodreads Author),'B07RBY9422,079422,Invalid Length (not 10 or 13 after cleaning)
Reason to Breathe,Rebecca Donovan (Goodreads Author),'B00505AZRS,00505,Invalid Length (not 10 or 13 after cleaning)
Wool Omnibus,Hugh Howey (Goodreads Author),,,Invalid Length (not 10 or 13 after cleaning)
After Forever Ends,Melodie Ramone (Goodreads Author),'B009ODTG86,00986,Invalid Length (not 10 or 13 after cleaning)
The Diviners,Libba Bray (Goodreads Author),,,Invalid Length (not 10 or 13 after cleaning)
Thud!,Terry Pratchett,,,Invalid Length (not 10 or 13 after cleaning)
"Drum Beats, Heart Beats (Dancing Soul Trilogy, #3)",Maria Nhambu (Goodreads Author),'B07GNSYBVV,07,Invalid Length (not 10 or 13 after cleaning)
Brownout - 666: or the Real Meaning of the Swastika,John Richard Spencer (Goodreads Author),'B07GGYBJY1,071,Invalid Length (not 10 or 13 after cleaning)
The Kiss of Deception,Mary E. Pearson (Goodreads Author),,,Invalid Length (not 10 or 13 after cleaning)
The Candidate and other stories,Samuel R. George,'B07NGVDD77,0777,Invalid Length (not 10 or 13 after cleaning)
The Egyptian,Mika Waltari,'B00OQTE64C,0064,Invalid Length (not 10 or 13 after cleaning)
The Daughter of Time,Josephine Tey,,,Invalid Length (not 10 or 13 after cleaning)
Existence,Abbi Glines (Goodreads Author),'B006LFVZ8E,0068,Invalid Length (not 10 or 13 after cleaning)
Reckless,S.C. Stephens (Goodreads Author),'B0092PUTZK,0092,Invalid Length (not 10 or 13 after cleaning)
The Steps: 12 Secrets To Raising Happy and Successful Kids,"Andrew Watson (Goodreads Author), Charles Watson",'B07X21WZ5B,07215,Invalid Length (not 10 or 13 after cleaning)
Warbreaker,Brandon Sanderson (Goodreads Author),,,Invalid Length (not 10 or 13 after cleaning)
This Girl,Colleen Hoover (Goodreads Author),'B00BOVFLD0,000,Invalid Length (not 10 or 13 after cleaning)
Little Dorrit,"Charles Dickens, Stephen J. Wall (Editor), Helen Small (Editor)",,,Invalid Length (not 10 or 13 after cleaning)
Slave to Sensation,Nalini Singh (Goodreads Author),,,Invalid Length (not 10 or 13 after cleaning)
Daddy-Long-Legs,Jean Webster,,,Invalid Length (not 10 or 13 after cleaning)
The Coincidence of Callie & Kayden,Jessica Sorensen (Goodreads Author),'B00ANDLC6K,006,Invalid Length (not 10 or 13 after cleaning)
A Gracious Enemy 'storytelleruk2019',Michael G. Kramer (Goodreads Author),,,Invalid Length (not 10 or 13 after cleaning)
"So Long, and Thanks for All the Fish",Douglas Adams,'B001OF5F1E,00151,Invalid Length (not 10 or 13 after cleaning)
Tangled,Emma Chase (Goodreads Author),'B00DJWV11I,0011,Invalid Length (not 10 or 13 after cleaning)
Making Faces,Amy Harmon (Goodreads Author),,,Invalid Length (not 10 or 13 after cleaning)
Oranges Are Not the Only Fruit,Jeanette Winterson,,,Invalid Length (not 10 or 13 after cleaning)
Sphere,Michael Crichton,,,Invalid Length (not 10 or 13 after cleaning)
Stones (One True Child #5),L.C. Conn (Goodreads Author),'B07NDB7LQ5,0775,Invalid Length (not 10 or 13 after cleaning)
Baby,J.K. Accinni,'B0092PLG16,009216,Invalid Length (not 10 or 13 after cleaning)
Percy Jackson's Greek Gods,"Rick Riordan (Goodreads Author), John Rocco (Illustrator)",'B00HVMAS0W,000,Invalid Length (not 10 or 13 after cleaning)
Mission: Subhero,Linda Armstrong (Goodreads Author),'B0735GD1L3,073513,Invalid Length (not 10 or 13 after cleaning)
No Exit and Three Other Plays,"Jean-Paul Sartre, Stuart Gilbert (Translator), Lionel Abel (Translator)",,,Invalid Length (not 10 or 13 after cleaning)
Take My Heart,J.J. Sorel (Goodreads Author),,,Invalid Length (not 10 or 13 after cleaning)
Seduced in the Dark,C.J. Roberts (Goodreads Author),'B0094KFM9Q,00949,Invalid Length (not 10 or 13 after cleaning)
The Great Alone,Kristin Hannah (Goodreads Author),,,Invalid Length (not 10 or 13 after cleaning)
Seraphina,Rachel Hartman (Goodreads Author),,,Invalid Length (not 10 or 13 after cleaning)
Monstrous Regiment,Terry Pratchett,,,Invalid Length (not 10 or 13 after cleaning)
At Swim-Two-Birds,"Flann O'Brien, William H. Gass (Introduction)",,,Invalid Length (not 10 or 13 after cleaning)
Om Chanting and Meditation,Amit Ray,'B003XKNWCM,003,Invalid Length (not 10 or 13 after cleaning)
Maybe Someday,Colleen Hoover (Goodreads Author),'B00DPM7RJW,007,Invalid Length (not 10 or 13 after cleaning)
Five Feet Apart,"Rachael Lippincott (Goodreads Author), Mikki Daughtry (Goodreads Author) (Contributor), Tobias Iaconis (Goodreads Author) (Contributor), فاطمه صبحی (translator)",,,Invalid Length (not 10 or 13 after cleaning)
Scars and Voices: And Other Stories,Adam Carpenter Welles,'B07N33PP4M,07334,Invalid Length (not 10 or 13 after cleaning)
My Brilliant Friend,"Elena Ferrante, Ann Goldstein (Translator)",,,Invalid Length (not 10 or 13 after cleaning)
Alice's Adventures in Wonderland,Lewis Carroll,'B000JQV3QA,0003,Invalid Length (not 10 or 13 after cleaning)
A Summer of Good-Byes (Blue Triangle Press Book 2),Fred Misurella (Goodreads Author),'B06XY6CP6F,0666,Invalid Length (not 10 or 13 after cleaning)
Love on the Line,Kirsten Fullmer (Goodreads Author),'B071XCLL84,07184,Invalid Length (not 10 or 13 after cleaning)
Trickster's Choice,Tamora Pierce (Goodreads Author),,,Invalid Length (not 10 or 13 after cleaning)
In Farleigh Field,Rhys Bowen (Goodreads Author),'B01HBKAYMA,01,Invalid Length (not 10 or 13 after cleaning)
The Discovery of Heaven,"Harry Mulisch, Paul Vincent (Translator)",,,Invalid Length (not 10 or 13 after cleaning)
This Man Confessed,Jodi Ellen Malpas (Goodreads Author),'B00C102T2Y,001022,Invalid Length (not 10 or 13 after cleaning)
Don't Close Your Eyes,Lynessa Layne (Goodreads Author),'B08C36B91H,083691,Invalid Length (not 10 or 13 after cleaning)
The Sweetness at the Bottom of the Pie,Alan Bradley (Goodreads Author),'B0027G6XDS,00276,Invalid Length (not 10 or 13 after cleaning)
"Africa's Child (Dancing Soul Trilogy, #1)",Maria Nhambu (Goodreads Author),'B01EIOKBFW,01,Invalid Length (not 10 or 13 after cleaning)
A Widow for One Year,John Irving (Goodreads Author),,,Invalid Length (not 10 or 13 after cleaning)
Circle of Five,Jan Raymond (Goodreads Author),'B00H6LS59E,00659,Invalid Length (not 10 or 13 after cleaning)
The Fifth Season,N.K. Jemisin (Goodreads Author),,,Invalid Length (not 10 or 13 after cleaning)
Brighton Rock,"Graham Greene, J.M. Coetzee (Introduction)",,,Invalid Length (not 10 or 13 after cleaning)
Prince of Wolves,Quinn Loftis (Goodreads Author),,,Invalid Length (not 10 or 13 after cleaning)
Hairspray and Lighter,J. Jupes (Goodreads Author),'B07KJYKZ5K,075,Invalid Length (not 10 or 13 after cleaning)
Trickster's Queen,Tamora Pierce (Goodreads Author),,,Invalid Length (not 10 or 13 after cleaning)
Legend,David Gemmell,,,Invalid Length (not 10 or 13 after cleaning)
The Immortals of Meluha,Amish Tripathi (Goodreads Author),,,Invalid Length (not 10 or 13 after cleaning)
Siege and Storm,Leigh Bardugo (Goodreads Author),,,Invalid Length (not 10 or 13 after cleaning)
Darkly Dreaming Dexter,Jeff Lindsay (Goodreads Author),,,Invalid Length (not 10 or 13 after cleaning)
Nutshell,Ian McEwan,,,Invalid Length (not 10 or 13 after cleaning)
Captive Prince: Volume Two,C.S. Pacat (Goodreads Author),,,Invalid Length (not 10 or 13 after cleaning)
Blood Song,Anthony Ryan (Goodreads Author),'B0070NSPCU,0070,Invalid Length (not 10 or 13 after cleaning)
In the Woods,Tana French (Goodreads Author),,,Invalid Length (not 10 or 13 after cleaning)
An Echo in the Darkness,Francine Rivers (Goodreads Author),,,Invalid Length (not 10 or 13 after cleaning)
Stillhouse Lake,Rachel Caine (Goodreads Author),'B01MFGX5GI,015,Invalid Length (not 10 or 13 after cleaning)
The Baron in the Trees,"Italo Calvino, Archibald Colquhoun (Translator), Ana Goldstein (Translator)",,,Invalid Length (not 10 or 13 after cleaning)
The Ghost Moth (The Red Grouse Tales),Leslie Garland (Goodreads Author),'B08D6QNWWK,086,Invalid Length (not 10 or 13 after cleaning)
Becoming,Michelle Obama (Goodreads Author),,,Invalid Length (not 10 or 13 after cleaning)
Elsewhere,Gabrielle Zevin (Goodreads Author),,,Invalid Length (not 10 or 13 after cleaning)
The Lost Colony,Eoin Colfer,,,Invalid Length (not 10 or 13 after cleaning)
Bird Box,Josh Malerman (Goodreads Author),,,Invalid Length (not 10 or 13 after cleaning)
A Merciful Truth,Kendra Elliot (Goodreads Author),'B01MQ2HAAJ,012,Invalid Length (not 10 or 13 after cleaning)
The Woman in the Window,A.J. Finn,,,Invalid Length (not 10 or 13 after cleaning)
Alexander Crowley - A New King in Town,Don Barr,'B079GRVRN5,0795,Invalid Length (not 10 or 13 after cleaning)
A Merciful Death,Kendra Elliot (Goodreads Author),'B01EN506CO,01506,Invalid Length (not 10 or 13 after cleaning)
Memories Of My Future,"Ammar Habib (Goodreads Author), Anil Sinha",'B01J67SEK0,01670,Invalid Length (not 10 or 13 after cleaning)
Rule,Jay Crownover (Goodreads Author),'B00AV8725C,008725,Invalid Length (not 10 or 13 after cleaning)
Temple of the Winds,"Terry Goodkind, Dick Hill (Narrator), Ferhan Ertürk (Translator)",,,Invalid Length (not 10 or 13 after cleaning)
Captive Prince,C.S. Pacat (Goodreads Author),,,Invalid Length (not 10 or 13 after cleaning)
Beneath This Man,Jodi Ellen Malpas (Goodreads Author),'B00DB7RDR2,0072,Invalid Length (not 10 or 13 after cleaning)
"Theory of People: Understanding Behaviors, Business, Economics, Feelings, and the Mind",Jakub Lasak (Goodreads Author),'B08GKJ7TTX,087,Invalid Length (not 10 or 13 after cleaning)
The Arctic Incident,"Eoin Colfer, Sian Melangell Dafydd (Translator)",,,Invalid Length (not 10 or 13 after cleaning)
Her Final Breath,Robert Dugoni (Goodreads Author),'B00TEFTA80,0080,Invalid Length (not 10 or 13 after cleaning)
Library of Souls,Ransom Riggs,'B00RKX364M,00364,Invalid Length (not 10 or 13 after cleaning)
Complicated Moonlight,Lynessa Layne (Goodreads Author),'B08H1JHDJN,081,Invalid Length (not 10 or 13 after cleaning)
Lost Horizon,James Hilton,'B007JCZGOC,007,Invalid Length (not 10 or 13 after cleaning)
Close to Home,Robert Dugoni (Goodreads Author),'B01MU7ZZJV,017,Invalid Length (not 10 or 13 after cleaning)
The Lincoln Lawyer,Michael Connelly (Goodreads Author),'B000FCKG1G,0001,Invalid Length (not 10 or 13 after cleaning)
Let it Snow,"John Green (Goodreads Author), Maureen Johnson (Goodreads Author), Lauren Myracle",,,Invalid Length (not 10 or 13 after cleaning)
Perfect,Tricia Copeland (Goodreads Author),'B07XZC9Q7N,0797,Invalid Length (not 10 or 13 after cleaning)
Snow,"Orhan Pamuk, Maureen Freely (Translator)",,,Invalid Length (not 10 or 13 after cleaning)
Savvy Sage Online,Richard Sprout (Goodreads Author),'B08BF627Q9,086279,Invalid Length (not 10 or 13 after cleaning)
Neverseen,Shannon Messenger (Goodreads Author),,,Invalid Length (not 10 or 13 after cleaning)
Ramonst,A.F. Knott (Goodreads Author),'B01N8W8OFC,0188,Invalid Length (not 10 or 13 after cleaning)
Beartown,"Fredrik Backman (Goodreads Author), Neil Smith (Translator)",'B01LLXCGWY,01,Invalid Length (not 10 or 13 after cleaning)
Taking Chances,Molly McAdams (Goodreads Author),'B00951B4SC,009514,Invalid Length (not 10 or 13 after cleaning)
The Infinite Sea,Rick Yancey,'B00E8OLIXM,008,Invalid Length (not 10 or 13 after cleaning)
Fruzzle's Mystery Talent: A Bed Time Fantasy Story for Children ages 3-10,"Karen (Kara) Brueggeman (Goodreads Author), Briana Paddock, Bryan Brueggeman (Illustrator)",'B00FPR99QE,0099,Invalid Length (not 10 or 13 after cleaning)
The Change in the Mirror,B.Q. Hanson (Goodreads Author),'B088G282B5,0882825,Invalid Length (not 10 or 13 after cleaning)
The Well House III: The Redemption,M.S. Matassa (Goodreads Author),'B07ZZMJ7NZ,077,Invalid Length (not 10 or 13 after cleaning)
Thief,Tarryn Fisher (Goodreads Author),'B00E2VJVGW,002,Invalid Length (not 10 or 13 after cleaning)
The Meat Market,James Chalk (Goodreads Author),'B00GFC8BPI,008,Invalid Length (not 10 or 13 after cleaning)
End of Days,Susan Ee (Goodreads Author),,,Invalid Length (not 10 or 13 after cleaning)
Orphan Train,Christina Baker Kline (Goodreads Author),,,Invalid Length (not 10 or 13 after cleaning)
Homeland,R.A. Salvatore,,,Invalid Length (not 10 or 13 after cleaning)
Never Never,"Colleen Hoover (Goodreads Author), Tarryn Fisher (Goodreads Author)",'B00RZVNDSS,00,Invalid Length (not 10 or 13 after cleaning)
"Rabbit, Run",John Updike,'B003WUYR5E,0035,Invalid Length (not 10 or 13 after cleaning)
The Deal,Elle Kennedy (Goodreads Author),,,Invalid Length (not 10 or 13 after cleaning)
Midnight Sacrifice,Melinda Leigh (Goodreads Author),'B009EWCLHA,009,Invalid Length (not 10 or 13 after cleaning)
Crashing Down to Earth,Terry Reid (Goodreads Author),,,Invalid Length (not 10 or 13 after cleaning)
Olive Kitteridge,Elizabeth Strout,,,Invalid Length (not 10 or 13 after cleaning)
Fool's Errand,Robin Hobb (Goodreads Author),,,Invalid Length (not 10 or 13 after cleaning)
Night Embrace,Sherrilyn Kenyon (Goodreads Author),,,Invalid Length (not 10 or 13 after cleaning)
The Snow Child,Eowyn Ivey (Goodreads Author),'B004RD856M,004856,Invalid Length (not 10 or 13 after cleaning)
The V Girl: A Coming Of Age Story,Mya Robarts,'B00L6MFXWG,006,Invalid Length (not 10 or 13 after cleaning)
Diya aur baati hum,Snehlata Agarwala (Goodreads Author),'B085W9DRKK,0859,Invalid Length (not 10 or 13 after cleaning)
Bestowed,Snehlata Agarwala (Goodreads Author),'B07XJ2DBZV,072,Invalid Length (not 10 or 13 after cleaning)
Heir to the Empire,Timothy Zahn (Goodreads Author),'B00513HX7Y,005137,Invalid Length (not 10 or 13 after cleaning)
Secrets of the Realm,Bev Stout (Goodreads Author),,,Invalid Length (not 10 or 13 after cleaning)
Fallen Crest High,Tijan (Goodreads Author),,,Invalid Length (not 10 or 13 after cleaning)
Colorless Tsukuru Tazaki and His Years of Pilgrimage,Haruki Murakami,'B00IHMEAYK,00,Invalid Length (not 10 or 13 after cleaning)
A Gallery of Mothers,"J.S. Latshaw, Jason Latshaw (Goodreads Author)",'B089G941HX,089941,Invalid Length (not 10 or 13 after cleaning)
The Autobiography of Malcolm X,"Malcolm X, Alex Haley",,,Invalid Length (not 10 or 13 after cleaning)
The Sugar Queen,Sarah Addison Allen (Goodreads Author),'B00125MK78,0012578,Invalid Length (not 10 or 13 after cleaning)
The Red Hand,Michael Stephen Daigle (Goodreads Author),'B07TV94SKZ,0794,Invalid Length (not 10 or 13 after cleaning)
Finding Cinderella,Colleen Hoover (Goodreads Author),'B00FNWRSCI,00,Invalid Length (not 10 or 13 after cleaning)
Red Seas Under Red Skies,Scott Lynch (Goodreads Author),'B000UDNBS0,0000,Invalid Length (not 10 or 13 after cleaning)
The Lover,"Marguerite Duras, Barbara Bray (Translator), Maxine Hong Kingston (Introduction)",,,Invalid Length (not 10 or 13 after cleaning)
Driven,K. Bromberg (Goodreads Author),,,Invalid Length (not 10 or 13 after cleaning)
Ruin and Rising,Leigh Bardugo (Goodreads Author),,,Invalid Length (not 10 or 13 after cleaning)
Midnight Exposure,Melinda Leigh (Goodreads Author),,,Invalid Length (not 10 or 13 after cleaning)
One of Us Is Lying,Karen M. McManus (Goodreads Author),,,Invalid Length (not 10 or 13 after cleaning)
Dreams of Winter,Christian Warren Freed (Goodreads Author),'B0794D68MX,079468,Invalid Length (not 10 or 13 after cleaning)
The Guns of August,Barbara W. Tuchman,'B002TXZS8A,0028,Invalid Length (not 10 or 13 after cleaning)
100 Bible Facts About Jesus: The Exciting way to Learn,Ginger Baum,'B07XGFCBJX,07,Invalid Length (not 10 or 13 after cleaning)
"God Bless You, Mr. Rosewater",Kurt Vonnegut Jr.,'B005IHWBSY,005,Invalid Length (not 10 or 13 after cleaning)
Wool,"Hugh Howey (Goodreads Author), Minnie Goode (Narrator)",'B005FC52L0,005520,Invalid Length (not 10 or 13 after cleaning)
The Myth of Sisyphus and Other Essays,"Albert Camus, Justin O'Brien (Translator)",,,Invalid Length (not 10 or 13 after cleaning)
"Sex in the Title: A Comedy about Dating, Sex, and Romance in NYC (Back When Phones Weren't So Smart)",Zack Love (Goodreads Author),'B00G2JM0D8,00208,Invalid Length (not 10 or 13 after cleaning)
100 Fun Bible Facts: The Exciting way to Learn (100 Bible Facts Book 1),Ginger Baum,'B07QJD68WQ,0768,Invalid Length (not 10 or 13 after cleaning)
Raw,Belle Aurora (Goodreads Author),'B00HNG4AB4,0044,Invalid Length (not 10 or 13 after cleaning)
Time Enough for Love,Robert A. Heinlein,,,Invalid Length (not 10 or 13 after cleaning)
No Rest for the Wicked,Kresley Cole (Goodreads Author),,,Invalid Length (not 10 or 13 after cleaning)
Jubal's Field Trip To Heaven: Jubal and Chanan Enter Through the Narrow Gate (Jubal's Divine Adventures #1),Ginger Baum,'B07RK1ZQL6,0716,Invalid Length (not 10 or 13 after cleaning)
Flat-Out Love,Jessica Park (Goodreads Author),'B008DZTE60,00860,Invalid Length (not 10 or 13 after cleaning)
Tail of the Devil,Danielle DeVor (Goodreads Author),'B00CJHO7D8,0078,Invalid Length (not 10 or 13 after cleaning)
An Elephant Is On My House: And Other Poems,Othen Donald Dale Cummings (Goodreads Author),'B00J9VBI9I,0099,Invalid Length (not 10 or 13 after cleaning)
Evil Among Us,J.K. Accinni,'B00CVB4RD2,0042,Invalid Length (not 10 or 13 after cleaning)
Mercy,Lucian Bane (Goodreads Author),'B00VARSN7Y,007,Invalid Length (not 10 or 13 after cleaning)
Harry Potter and the Methods of Rationality,Eliezer Yudkowsky (Goodreads Author),,,Invalid Length (not 10 or 13 after cleaning)
Primed For Revenge,Carolyn M. Bowen (Goodreads Author),'B07ND3CFXM,073,Invalid Length (not 10 or 13 after cleaning)
A House Without Windows,Stevie Turner (Goodreads Author),,,Invalid Length (not 10 or 13 after cleaning)
Altered Carbon,Richard K. Morgan,'B000FBFMZ2,0002,Invalid Length (not 10 or 13 after cleaning)
The Emperor of All Maladies: A Biography of Cancer,Siddhartha Mukherjee,,,Invalid Length (not 10 or 13 after cleaning)
Tipping the Velvet,Sarah Waters,,,Invalid Length (not 10 or 13 after cleaning)
Squire,Tamora Pierce (Goodreads Author),,,Invalid Length (not 10 or 13 after cleaning)
The Chronicle of Sapta Sindhu,Aporva Kala (Goodreads Author),'B00AGUR6FG,006,Invalid Length (not 10 or 13 after cleaning)
Lodestar,Shannon Messenger (Goodreads Author),,,Invalid Length (not 10 or 13 after cleaning)
Pachinko,Min Jin Lee,,,Invalid Length (not 10 or 13 after cleaning)
Ordinary People,Judith Guest,,,Invalid Length (not 10 or 13 after cleaning)
The Secret of the Nagas,Amish Tripathi (Goodreads Author),'B008593PQO,008593,Invalid Length (not 10 or 13 after cleaning)
Undeniable,Madeline Sheehan (Goodreads Author),,,Invalid Length (not 10 or 13 after cleaning)
The Hating Game,Sally Thorne (Goodreads Author),,,Invalid Length (not 10 or 13 after cleaning)
UnEnchanted,Chanda Hahn (Goodreads Author),,,Invalid Length (not 10 or 13 after cleaning)
Sweet Dreams,Kristen Ashley (Goodreads Author),'B004XTTSG6,0046,Invalid Length (not 10 or 13 after cleaning)
A Merciful Secret,Kendra Elliot (Goodreads Author),'B06Y5MTNMQ,065,Invalid Length (not 10 or 13 after cleaning)
Slow Brewing Tea,Randy Loubier (Goodreads Author),'B08CTPV2J9,0829,Invalid Length (not 10 or 13 after cleaning)
Forever Too Far,Abbi Glines (Goodreads Author),'B00DAHSFYI,00,Invalid Length (not 10 or 13 after cleaning)
Mystical Trash,Mary Ramsey (Goodreads Author),'B082PXVRTP,082,Invalid Length (not 10 or 13 after cleaning)
The Subtle Art of Not Giving a F*ck: A Counterintuitive Approach to Living a Good Life,Mark Manson (Goodreads Author),,,Invalid Length (not 10 or 13 after cleaning)
Vain,Fisher Amelie (Goodreads Author),,,Invalid Length (not 10 or 13 after cleaning)
Witch & Wizard,"James Patterson (Goodreads Author), Gabrielle Charbonnet, Emily Raymond",,,Invalid Length (not 10 or 13 after cleaning)
Ordeal,Tatyana K. Varenko (Goodreads Author),'B0038BQIE0,00380,Invalid Length (not 10 or 13 after cleaning)
The Nanny Song,Misty Mount (Goodreads Author),'B07D1CQF66,07166,Invalid Length (not 10 or 13 after cleaning)
I Dream of Yellow Kites,Retta Bono (Goodreads Author) (Editor),'B01D3V68GW,01368,Invalid Length (not 10 or 13 after cleaning)
The First Fifteen Lives of Harry August,Claire North,'B00ECE9OD4,0094,Invalid Length (not 10 or 13 after cleaning)
The Devil's Deceptions: Is There Life After Death?,Ginger Baum,'B07QJ83Y1B,07831,Invalid Length (not 10 or 13 after cleaning)
Verity,Colleen Hoover (Goodreads Author),'B07HJYTRMD,07,Invalid Length (not 10 or 13 after cleaning)
Lost in the Crowd,M.J. Santley (Goodreads Author),'B07D6WPKH6,0766,Invalid Length (not 10 or 13 after cleaning)
Goodbye to All That,Robert Graves,,,Invalid Length (not 10 or 13 after cleaning)
Remy,Katy Evans (Goodreads Author),'B00D0MZXE8,0008,Invalid Length (not 10 or 13 after cleaning)
The Time Paradox,Eoin Colfer,,,Invalid Length (not 10 or 13 after cleaning)
The King's Men,Nora Sakavic (Goodreads Author),,,Invalid Length (not 10 or 13 after cleaning)
Mystery Man,Kristen Ashley (Goodreads Author),'B005CHQT3S,0053,Invalid Length (not 10 or 13 after cleaning)
Twisted Perfection,Abbi Glines (Goodreads Author),'B00CGI6QXE,006,Invalid Length (not 10 or 13 after cleaning)
Meeting With Christ and Other Poems,Deepak Chaswal (Goodreads Author),'B00EDRJK34,0034,Invalid Length (not 10 or 13 after cleaning)
"Yours Truly, Taddy",Avery Aster (Goodreads Author),'B00JN3ATHY,003,Invalid Length (not 10 or 13 after cleaning)
The Arrival,Shaun Tan,,,Invalid Length (not 10 or 13 after cleaning)
The Gamble,Kristen Ashley (Goodreads Author),'B004X6TMLA,0046,Invalid Length (not 10 or 13 after cleaning)
The Taking of Peggy Martin,Karen Glista,'B07466DS5H,074665,Invalid Length (not 10 or 13 after cleaning)
The Steward,Christopher Shields (Goodreads Author),'B008U4QGXS,0084,Invalid Length (not 10 or 13 after cleaning)
Heart of a Warrior Angel,Lali A. Love (Goodreads Author),'B07T792VT1,077921,Invalid Length (not 10 or 13 after cleaning)
Lady Knight,Tamora Pierce (Goodreads Author),,,Invalid Length (not 10 or 13 after cleaning)
What the Wind Knows,Amy Harmon (Goodreads Author),'B07DHMNY7H,077,Invalid Length (not 10 or 13 after cleaning)
The Basketball Diaries,Jim Carroll,,,Invalid Length (not 10 or 13 after cleaning)
SSN Seadragon: The Crucible of Leviathan,J.P. Ronald (Goodreads Author),'B0758GTJD6,07586,Invalid Length (not 10 or 13 after cleaning)
Song of Susannah,"Stephen King (Goodreads Author), Darrel Anderson (Illustrations)",,,Invalid Length (not 10 or 13 after cleaning)
We Should All Be Feminists,Chimamanda Ngozi Adichie,'B00L0F01NK,00001,Invalid Length (not 10 or 13 after cleaning)
Hometown Girl Forever,Kirsten Fullmer (Goodreads Author),,,Invalid Length (not 10 or 13 after cleaning)
Echo,J.K. Accinni,'B0092PPR5M,00925,Invalid Length (not 10 or 13 after cleaning)
Desperation,Stephen King (Goodreads Author),,,Invalid Length (not 10 or 13 after cleaning)
Small Great Things,Jodi Picoult (Goodreads Author),'B01AQNYZ3I,013,Invalid Length (not 10 or 13 after cleaning)
On Liberty,John Stuart Mill,,,Invalid Length (not 10 or 13 after cleaning)
The Gray House,"Mariam Petrosyan, Yuri Machkasov (Goodreads Author) (Translator)",'B01JZAKPF0,010,Invalid Length (not 10 or 13 after cleaning)
And Come Day's End: A Michael McKaybees Mystery,Gabriel F.W. Koch,'B07JL6XV1V,0761,Invalid Length (not 10 or 13 after cleaning)
Queen of Air and Darkness,Cassandra Clare (Goodreads Author),'B075RS5MSP,0755,Invalid Length (not 10 or 13 after cleaning)
Naked,David Sedaris,,,Invalid Length (not 10 or 13 after cleaning)
Homo Deus: A History of Tomorrow,Yuval Noah Harari,,,Invalid Length (not 10 or 13 after cleaning)
Norse Mythology,Neil Gaiman (Goodreads Author),,,Invalid Length (not 10 or 13 after cleaning)
Betrayal High,Mark M. Bello (Goodreads Author),'B08BX5DXD6,0856,Invalid Length (not 10 or 13 after cleaning)
The Reluctant Fundamentalist,Mohsin Hamid,'B004IPPINW,004,Invalid Length (not 10 or 13 after cleaning)
The Eighth Sister,Robert Dugoni (Goodreads Author),'B07D6PZ6P1,07661,Invalid Length (not 10 or 13 after cleaning)
Dirty Red,Tarryn Fisher (Goodreads Author),'B00ARNWQ98,0098,Invalid Length (not 10 or 13 after cleaning)
This Savage Song,Victoria Schwab (Goodreads Author),'B013PKDS5A,0135,Invalid Length (not 10 or 13 after cleaning)
Radio Silence,"Alice Oseman (Goodreads Author), Aysha Kala (Narrator)",,,Invalid Length (not 10 or 13 after cleaning)
Fueled,K. Bromberg (Goodreads Author),'B00ESJ3S94,00394,Invalid Length (not 10 or 13 after cleaning)
Kurintor Nyusi: Diverse Epic Fantasy,Aaron-Michael Hall (Goodreads Author),'B07BFXFT92,0792,Invalid Length (not 10 or 13 after cleaning)
In the Clearing,Robert Dugoni (Goodreads Author),'B013UVNZ7A,0137,Invalid Length (not 10 or 13 after cleaning)
Assassin's Quest,Robin Hobb (Goodreads Author),,,Invalid Length (not 10 or 13 after cleaning)
Bad Things,R.K. Lilley (Goodreads Author),,,Invalid Length (not 10 or 13 after cleaning)
The Enlightenment of Alexander,B.Q. Hanson (Goodreads Author),'B07DSR8P22,07822,Invalid Length (not 10 or 13 after cleaning)
A Hidden Fire,Elizabeth Hunter (Goodreads Author),'B005VTVE0U,0050,Invalid Length (not 10 or 13 after cleaning)
Mud Vein,Tarryn Fisher (Goodreads Author),'B00JHVUQ70,0070,Invalid Length (not 10 or 13 after cleaning)
Find You in the Dark,A. Meredith Walters (Goodreads Author),'B009PBUUDC,009,Invalid Length (not 10 or 13 after cleaning)
Worm,"Wildbow, J.C. McCrae",,,Invalid Length (not 10 or 13 after cleaning)
Page,Tamora Pierce (Goodreads Author),,,Invalid Length (not 10 or 13 after cleaning)
Arrow of the Mist,Christina Mercer (Goodreads Author),'B00BTK0136,000136,Invalid Length (not 10 or 13 after cleaning)
The Hangman's Daughter,"Oliver Pötzsch (Goodreads Author), Lee Chadeayne (Translator), Sabine Marić (Translator)",,,Invalid Length (not 10 or 13 after cleaning)
The Camel Club,David Baldacci (Goodreads Author),,,Invalid Length (not 10 or 13 after cleaning)
The 7½ Deaths of Evelyn Hardcastle,Stuart Turton (Goodreads Author),,,Invalid Length (not 10 or 13 after cleaning)
Red Russia,Tanya Thompson,'B074SNSSJX,074,Invalid Length (not 10 or 13 after cleaning)
"You Really Are Full of Shit, Aren't You?",Karl Wiggins (Goodreads Author),,,Invalid Length (not 10 or 13 after cleaning)
Calico Jack in your Garden,Karl Wiggins (Goodreads Author),,,Invalid Length (not 10 or 13 after cleaning)
The Trapped Girl,Robert Dugoni (Goodreads Author),,,Invalid Length (not 10 or 13 after cleaning)
Dark Days,Derek Landy,'B003MQLZJO,003,Invalid Length (not 10 or 13 after cleaning)
Passionate Intention,"Belinda Vale (Goodreads Author), Felix Foreman (Goodreads Author)",,,Invalid Length (not 10 or 13 after cleaning)
Why We Sleep: Unlocking the Power of Sleep and Dreams,Matthew Walker,,,Invalid Length (not 10 or 13 after cleaning)
Bring Up the Bodies,Hilary Mantel (Goodreads Author),,,Invalid Length (not 10 or 13 after cleaning)
Shadows,"Jennifer L. Armentrout (Goodreads Author), Justine Eyre (Narrator)",,,Invalid Length (not 10 or 13 after cleaning)
Nobody's Boy,"Hector Malot, Florence Crewe-Jones (Translator), افسون مهدویان (Translator), حسین بکائی (Editor)",'B01M183ZXN,01183,Invalid Length (not 10 or 13 after cleaning)
The City and the Stars,Arthur C. Clarke,,,Invalid Length (not 10 or 13 after cleaning)
Naked,Raine Miller (Goodreads Author),'B0092FJKFU,0092,Invalid Length (not 10 or 13 after cleaning)
Breathe,Abbi Glines (Goodreads Author),'B0051BJSRO,0051,Invalid Length (not 10 or 13 after cleaning)
The Crow Road,Iain Banks,,,Invalid Length (not 10 or 13 after cleaning)
Curse of The Salute,Anastacia Moore (Goodreads Author),'B00COVWCJK,00,Invalid Length (not 10 or 13 after cleaning)
"We Got Zombies On The Lawn Again, Ma",Donnie Smith (Goodreads Author),'B00GNLEQZK,00,Invalid Length (not 10 or 13 after cleaning)
Why We Never Repeat Jokes?,Ramzy Sweis,'B071HSNZPJ,071,Invalid Length (not 10 or 13 after cleaning)
The Death and Life of Charlie St. Cloud,Ben Sherwood,'B000FC1AJI,0001,Invalid Length (not 10 or 13 after cleaning)
Collide,Gail McHugh (Goodreads Author),'B00B385VCU,00385,Invalid Length (not 10 or 13 after cleaning)
State of Fear,Michael Crichton,,,Invalid Length (not 10 or 13 after cleaning)
Silber: Das erste Buch der Träume,Kerstin Gier,'B00BUZT7WQ,007,Invalid Length (not 10 or 13 after cleaning)
Legacy,Shannon Messenger (Goodreads Author),'B07P6DV8FQ,0768,Invalid Length (not 10 or 13 after cleaning)
Obsession,Jennifer L. Armentrout (Goodreads Author),'B00CQYAWAG,00,Invalid Length (not 10 or 13 after cleaning)
The Complete Grimm's Fairy Tales,"Jacob Grimm, Wilhelm Grimm, Josef Scharl (Illustrator), Padraic Colum (Introduction), Joseph Campbell (Commentary), Margaret Raine Hunt (Translator)",,,Invalid Length (not 10 or 13 after cleaning)
The Caves of Steel,Isaac Asimov,,,Invalid Length (not 10 or 13 after cleaning)
Mine,Katy Evans (Goodreads Author),'B00D0MZXCA,000,Invalid Length (not 10 or 13 after cleaning)
Die Physiker,Friedrich Dürrenmatt,,,Invalid Length (not 10 or 13 after cleaning)
The Miseducation of Cameron Post,Emily M. Danforth (Goodreads Author),'B005HFHXBM,005,Invalid Length (not 10 or 13 after cleaning)
The Gray Wolf Throne,Cinda Williams Chima (Goodreads Author),,,Invalid Length (not 10 or 13 after cleaning)
The Human Stain,Philip Roth,,,Invalid Length (not 10 or 13 after cleaning)
Black Lies,Alessandra Torre (Goodreads Author),,,Invalid Length (not 10 or 13 after cleaning)
The Chocolate War,Robert Cormier,,,Invalid Length (not 10 or 13 after cleaning)
Skyward,Brandon Sanderson (Goodreads Author),,,Invalid Length (not 10 or 13 after cleaning)
Seduction and Snacks,Tara Sivec (Goodreads Author),'B008AZTUU8,0088,Invalid Length (not 10 or 13 after cleaning)
Christmas in Smithville,Kirsten Fullmer (Goodreads Author),'B077VB95KS,07795,Invalid Length (not 10 or 13 after cleaning)
Just for Now,Abbi Glines (Goodreads Author),,,Invalid Length (not 10 or 13 after cleaning)
Transcendence,Shay Savage (Goodreads Author),,,Invalid Length (not 10 or 13 after cleaning)
The King,J.R. Ward (Goodreads Author),'B00DGZIC24,0024,Invalid Length (not 10 or 13 after cleaning)
Betrayal In Blue,Mark M. Bello (Goodreads Author),'B07GQSR3ZC,073,Invalid Length (not 10 or 13 after cleaning)
Nimona,Noelle Stevenson,,,Invalid Length (not 10 or 13 after cleaning)
Ceaseless,Abbi Glines (Goodreads Author),,,Invalid Length (not 10 or 13 after cleaning)
White Cat,Holly Black (Goodreads Author),,,Invalid Length (not 10 or 13 after cleaning)
Control,M.S. Willis (Goodreads Author),,,Invalid Length (not 10 or 13 after cleaning)
Presence,Perie Wolford (Goodreads Author),'B00HL0922O,000922,Invalid Length (not 10 or 13 after cleaning)
Big Money: A Global Financial Thriller (Financial Conspiracy Series Book 1),James Hudson (Goodreads Author),'B086QBJ4SQ,0864,Invalid Length (not 10 or 13 after cleaning)
The Mighty Storm,Samantha Towle (Goodreads Author),'B0091W6XQI,00916,Invalid Length (not 10 or 13 after cleaning)
Manifesto of the Free People's Union,Jakub Lasak (Goodreads Author),'B087CX26SN,08726,Invalid Length (not 10 or 13 after cleaning)
Ruin,Rachel Van Dyken (Goodreads Author),,,Invalid Length (not 10 or 13 after cleaning)
The Holy Bible: English Standard Version,Anonymous,'B001EOCFU4,0014,Invalid Length (not 10 or 13 after cleaning)
Blood for Blood,Victoria Selman,'B07CKXV7R6,0776,Invalid Length (not 10 or 13 after cleaning)
Nothing to Envy: Ordinary Lives in North Korea,Barbara Demick (Goodreads Author),'B002ZB26AO,00226,Invalid Length (not 10 or 13 after cleaning)
Johnny Tremain,"Esther Forbes, Lynd Ward (Illustrator)",,,Invalid Length (not 10 or 13 after cleaning)
The Bronze Bow,Elizabeth George Speare,,,Invalid Length (not 10 or 13 after cleaning)
Don't Let's Go to the Dogs Tonight: An African Childhood,Alexandra Fuller,,,Invalid Length (not 10 or 13 after cleaning)
Because of Low,Abbi Glines (Goodreads Author),'B0076TF04O,007604,Invalid Length (not 10 or 13 after cleaning)
Armageddon Cometh,J.K. Accinni,'B0092PQ77Y,009277,Invalid Length (not 10 or 13 after cleaning)
Mr. Popper's Penguins,"Richard Atwater, Florence Atwater, Robert Lawson (Illustrator)",,,Invalid Length (not 10 or 13 after cleaning)
A Christmas Date,Camilla Isley (Goodreads Author),'B07GBXB5PK,075,Invalid Length (not 10 or 13 after cleaning)
Trout Fishing in America,Richard Brautigan,,,Invalid Length (not 10 or 13 after cleaning)
Alien Species Intervention,J.K. Accinni,'B00GS2W6T2,00262,Invalid Length (not 10 or 13 after cleaning)
As Sure as the Dawn,Francine Rivers (Goodreads Author),,,Invalid Length (not 10 or 13 after cleaning)
Truthwitch,Susan Dennard (Goodreads Author),,,Invalid Length (not 10 or 13 after cleaning)
The Perfect Game,J. Sterling (Goodreads Author),'B009OMPKTG,009,Invalid Length (not 10 or 13 after cleaning)
Challenger Deep,Neal Shusterman (Goodreads Author),,,Invalid Length (not 10 or 13 after cleaning)
Beyond the Kingdoms,Chris Colfer,'B00T3E79BM,00379,Invalid Length (not 10 or 13 after cleaning)
Night of the Rat,Tanya Thompson,'B07MSHGL5T,075,Invalid Length (not 10 or 13 after cleaning)
"It Ain't Me, Babe",Tillie Cole (Goodreads Author),'B00JZ5V744,005744,Invalid Length (not 10 or 13 after cleaning)
The Gambler,"Fyodor Dostoyevsky, Constance Garnett (Translator)",,,Invalid Length (not 10 or 13 after cleaning)
Selling Scarlett,Ella James (Goodreads Author),,,Invalid Length (not 10 or 13 after cleaning)
Just One Drop,Quinn Loftis (Goodreads Author),'B0075X9KPQ,00759,Invalid Length (not 10 or 13 after cleaning)
The Butterfly Garden,Dot Hutchison,'B016ZNRC0Q,0160,Invalid Length (not 10 or 13 after cleaning)
Entrance,J.J. Sorel (Goodreads Author),,,Invalid Length (not 10 or 13 after cleaning)
The Novice,Taran Matharu (Goodreads Author),'B00OFKKDLW,00,Invalid Length (not 10 or 13 after cleaning)
Taltos,Anne Rice,'B004AM5R1Q,00451,Invalid Length (not 10 or 13 after cleaning)
The Vincent Boys,Abbi Glines (Goodreads Author),'B005VHPAJI,005,Invalid Length (not 10 or 13 after cleaning)
Feral Sins,Suzanne Wright (Goodreads Author),'B007GR28XC,00728,Invalid Length (not 10 or 13 after cleaning)
The Girl You Left Behind,Jojo Moyes (Goodreads Author),,,Invalid Length (not 10 or 13 after cleaning)
Lord of Scoundrels,Loretta Chase,,,Invalid Length (not 10 or 13 after cleaning)
"Blackamoores: Africans in Tudor England, Their Presence, Status and Origins",Onyeka,,,Invalid Length (not 10 or 13 after cleaning)
If I Wake,Nikki Moyes (Goodreads Author),'B01K8I4KFE,0184,Invalid Length (not 10 or 13 after cleaning)
Stupeur et tremblements,Amélie Nothomb,,,Invalid Length (not 10 or 13 after cleaning)
My Heart and Other Black Holes,Jasmine Warga (Goodreads Author),'B00KFG15NU,0015,Invalid Length (not 10 or 13 after cleaning)
Reaper's Property,Joanna Wylde (Goodreads Author),,,Invalid Length (not 10 or 13 after cleaning)
Full Moon Saturday Night,Mark Barkawitz (Goodreads Author),'B081M69HYV,08169,Invalid Length (not 10 or 13 after cleaning)
Maybe Not,Colleen Hoover (Goodreads Author),'B00PT5R7FM,0057,Invalid Length (not 10 or 13 after cleaning)
The Stone Sky,N.K. Jemisin (Goodreads Author),,,Invalid Length (not 10 or 13 after cleaning)
1Q84 #1-2,"Haruki Murakami, Jay Rubin (Translator)",'B005EWDA9M,0059,Invalid Length (not 10 or 13 after cleaning)
While It Lasts,Abbi Glines (Goodreads Author),'B008QP745K,008745,Invalid Length (not 10 or 13 after cleaning)
Price of a Kiss,Linda Kage (Goodreads Author),,,Invalid Length (not 10 or 13 after cleaning)
Play,Kylie Scott (Goodreads Author),'B00H0V069M,000069,Invalid Length (not 10 or 13 after cleaning)
When It Rains,Lisa De Jong (Goodreads Author),,,Invalid Length (not 10 or 13 after cleaning)
U-10,Sam B. Miller II (Goodreads Author),'B07W864RY3,078643,Invalid Length (not 10 or 13 after cleaning)
The Vincent Brothers,Abbi Glines (Goodreads Author),'B0088KNIZ8,00888,Invalid Length (not 10 or 13 after cleaning)
The Will,Kristen Ashley (Goodreads Author),'B00HYIF9FW,009,Invalid Length (not 10 or 13 after cleaning)
Cut and Run,Mary Burton (Goodreads Author),'B07BDF7WKP,077,Invalid Length (not 10 or 13 after cleaning)
Dhalgren,"Samuel R. Delany, William Gibson (Foreword)",'B00HE2JK7G,0027,Invalid Length (not 10 or 13 after cleaning)
Dragonquest,"Anne McCaffrey, Michael Whelan (Illustrator)",,,Invalid Length (not 10 or 13 after cleaning)
Until November,Aurora Rose Reynolds (Goodreads Author),,,Invalid Length (not 10 or 13 after cleaning)
Public Information,Rolf Margenau (Goodreads Author),'B01MT0WG86,01086,Invalid Length (not 10 or 13 after cleaning)
The Killer Collective,Barry Eisler (Goodreads Author),'B07DL1Y4GV,0714,Invalid Length (not 10 or 13 after cleaning)
The Waking,Lucian Bane (Goodreads Author),'B00N401Y3U,004013,Invalid Length (not 10 or 13 after cleaning)
The Rithmatist,Brandon Sanderson (Goodreads Author),'B00K2MZTWU,002,Invalid Length (not 10 or 13 after cleaning)
Shit my History Teacher DID NOT tell me!,Karl Wiggins (Goodreads Author),'B00HKRNUHG,00,Invalid Length (not 10 or 13 after cleaning)
Love Lies: A True Story of Marriage and Murder in the Suburbs,Amanda Lamb (Goodreads Author),'B015NA5TSO,0155,Invalid Length (not 10 or 13 after cleaning)
The Call of Cthulhu,H.P. Lovecraft,,,Invalid Length (not 10 or 13 after cleaning)
Beautiful Oblivion,Jamie McGuire (Goodreads Author),'B00IBHSB8M,008,Invalid Length (not 10 or 13 after cleaning)
The Son of Sobek,Rick Riordan (Goodreads Author),,,Invalid Length (not 10 or 13 after cleaning)
Night Shift,"Stephen King (Goodreads Author), John D. MacDonald (Introduction)",,,Invalid Length (not 10 or 13 after cleaning)
The Touch: A Supernatural Story,Robert Flynn III,'B06VTXNRNY,06,Invalid Length (not 10 or 13 after cleaning)
The Diaries of Adam and Eve,"Mark Twain, John Updike (Foreword)",,,Invalid Length (not 10 or 13 after cleaning)
The Tied Man,Tabitha McGowan (Goodreads Author),,,Invalid Length (not 10 or 13 after cleaning)
Wake,Amanda Hocking (Goodreads Author),'B00779MO7E,007797,Invalid Length (not 10 or 13 after cleaning)
Seveneves,Neal Stephenson (Goodreads Author),'B00LZWV8JO,008,Invalid Length (not 10 or 13 after cleaning)
Epilogue,C.J. Roberts (Goodreads Author),'B00CIAZ3IE,003,Invalid Length (not 10 or 13 after cleaning)
Crashed,K. Bromberg (Goodreads Author),'B00HG05AZC,0005,Invalid Length (not 10 or 13 after cleaning)
Dead Reckoning,Charlaine Harris (Goodreads Author),'B004UNGQM4,0044,Invalid Length (not 10 or 13 after cleaning)
The Nightlife: New York,Travis Luedke (Goodreads Author),'B0090P1MIU,00901,Invalid Length (not 10 or 13 after cleaning)
The Complete Works of H.P. Lovecraft,H.P. Lovecraft,'B0057JQ8C8,005788,Invalid Length (not 10 or 13 after cleaning)
The Priory of the Orange Tree,Samantha Shannon (Goodreads Author),'B07DFFQ2WQ,072,Invalid Length (not 10 or 13 after cleaning)
Shame,Salman Rushdie,,,Invalid Length (not 10 or 13 after cleaning)
Predestined,Abbi Glines (Goodreads Author),'B007Q3O7C6,007376,Invalid Length (not 10 or 13 after cleaning)
Lies a River Deep,Vera Jane Cook (Goodreads Author),'B00UIODH4Y,004,Invalid Length (not 10 or 13 after cleaning)
Ethereal,Addison Moore (Goodreads Author),,,Invalid Length (not 10 or 13 after cleaning)
Annabel Horton And The Black Witch of Pau (Book Two),Olivia Hardy Ray (Goodreads Author),,,Invalid Length (not 10 or 13 after cleaning)
Fire of Stars and Dragons,Melissa Petreshock (Goodreads Author),'B00ILMKZEU,00,Invalid Length (not 10 or 13 after cleaning)
A Dance with Dragons: Dreams and Dust,George R.R. Martin,,,Invalid Length (not 10 or 13 after cleaning)
Heartbound,P.I. Alltraine (Goodreads Author),'B0125TOMNO,0125,Invalid Length (not 10 or 13 after cleaning)
House,"Frank E. Peretti, Ted Dekker (Goodreads Author)",'B001EHE8JC,0018,Invalid Length (not 10 or 13 after cleaning)
Fairest,Chanda Hahn (Goodreads Author),'B0087XDOYG,0087,Invalid Length (not 10 or 13 after cleaning)
New England Witch Chronicles,Chelsea Luna (Goodreads Author),'B0059VUBTA,0059,Invalid Length (not 10 or 13 after cleaning)
The Change,C.M. Meridian (Goodreads Author),'B01HCV6QK2,0162,Invalid Length (not 10 or 13 after cleaning)
First Contact,Brent LeVasseur (Goodreads Author),'B00QVB9Q7K,0097,Invalid Length (not 10 or 13 after cleaning)
Killing Sarai,J.A. Redmerski (Goodreads Author),'B00DH5FT4M,0054,Invalid Length (not 10 or 13 after cleaning)
Revenge,O.L. Ramos (Goodreads Author),'B00ERHTOUE,00,Invalid Length (not 10 or 13 after cleaning)
MARS,Jasmine Rose (Goodreads Author),,,Invalid Length (not 10 or 13 after cleaning)
Time Regained,"Marcel Proust, Terence Kilmartin (Translator), Andreas Mayor (Translator), D.J. Enright (Revisions)",,,Invalid Length (not 10 or 13 after cleaning)
Until You,"Penelope Douglas (Goodreads Author), Nelson Hobbs (Narrator)",,,Invalid Length (not 10 or 13 after cleaning)
Fall From Grace,Christine Zolendz (Goodreads Author),'B008NYB63A,00863,Invalid Length (not 10 or 13 after cleaning)
The Night Watch,Sarah Waters,,,Invalid Length (not 10 or 13 after cleaning)
Evenfall,"Ais (Goodreads Author), Santino Hassell (Goodreads Author)",,,Invalid Length (not 10 or 13 after cleaning)
The Assiduous Quest of Tobias Hopkins: Part Three: The Dutchman,James Faro (Goodreads Author),'B00UERD7SG,007,Invalid Length (not 10 or 13 after cleaning)
Law Man,Kristen Ashley (Goodreads Author),'B00756IKLI,00756,Invalid Length (not 10 or 13 after cleaning)
The Narrow Road to the Deep North,Richard Flanagan,,,Invalid Length (not 10 or 13 after cleaning)
Can't Hurt Me: Master Your Mind and Defy the Odds,David Goggins (Goodreads Author),'B07H453KGH,07453,Invalid Length (not 10 or 13 after cleaning)
The Magic Strings of Frankie Presto,Mitch Albom (Goodreads Author),'B00U1T43Y4,001434,Invalid Length (not 10 or 13 after cleaning)
Warcross,Marie Lu (Goodreads Author),'B01MZ88EXL,0188,Invalid Length (not 10 or 13 after cleaning)
The Assiduous Quest of Tobias Hopkins: The Complete Novel,James Faro (Goodreads Author),'B00UEULWQW,00,Invalid Length (not 10 or 13 after cleaning)
The Code: The Assiduous Quest of Tobias Hopkins - Part Two,James Faro (Goodreads Author),'B00TT0KWAK,000,Invalid Length (not 10 or 13 after cleaning)
The Travelling Cat Chronicles,"Hiro Arikawa, Philip Gabriel (Translator)",'B07BJLCTMK,07,Invalid Length (not 10 or 13 after cleaning)
Homecoming: The Assiduous Quest of Tobias Hopkins - Part One,James Faro (Goodreads Author),'B00TGYEY26,0026,Invalid Length (not 10 or 13 after cleaning)
The Mating,Nicky Charles (Goodreads Author),,,Invalid Length (not 10 or 13 after cleaning)
Heartstopper: Volume Three,Alice Oseman (Goodreads Author),,,Invalid Length (not 10 or 13 after cleaning)
Grit: The Banter and Brutality of the Late-Night Cab,Karl Wiggins (Goodreads Author),'B00B0QMZ42,00042,Invalid Length (not 10 or 13 after cleaning)
Battlefield Earth: A Saga of the Year 3000,L. Ron Hubbard,,,Invalid Length (not 10 or 13 after cleaning)
Introductions,C.L. Stone (Goodreads Author),,,Invalid Length (not 10 or 13 after cleaning)
Amatore's Restaurant,James Sillwood (Goodreads Author),'B00LE28OKG,0028,Invalid Length (not 10 or 13 after cleaning)
Slouching Towards Bethlehem,Joan Didion,,,Invalid Length (not 10 or 13 after cleaning)
Willing Captive,Belle Aurora (Goodreads Author),'B00FGFYIS4,004,Invalid Length (not 10 or 13 after cleaning)
The Ragged Edge of Night,Olivia Hawker,'B078JG8M8P,07888,Invalid Length (not 10 or 13 after cleaning)
A Rose in Winter,Kathleen E. Woodiwiss,,,Invalid Length (not 10 or 13 after cleaning)
The Vegetarian,"Han Kang, Deborah Smith (Translator)",,,Invalid Length (not 10 or 13 after cleaning)
What You Are Not Being Told about Vaccines: The Year of Truth 2019,Sharon Storm,'B07Q8JRNGS,078,Invalid Length (not 10 or 13 after cleaning)
Love Unrehearsed,Tina Reber (Goodreads Author),'B0092PKKWC,0092,Invalid Length (not 10 or 13 after cleaning)
The Jewel,Amy Ewing,'B00H7LW82S,00782,Invalid Length (not 10 or 13 after cleaning)
Father Mine,J.R. Ward (Goodreads Author),,,Invalid Length (not 10 or 13 after cleaning)
Cancer: It can be a lonely journey,Ron Millicent (Goodreads Author),'B075YG24R5,075245,Invalid Length (not 10 or 13 after cleaning)
After the Quake,"Haruki Murakami, Jay Rubin (Translator)",,,Invalid Length (not 10 or 13 after cleaning)
I Am Not a Serial Killer,Dan Wells (Goodreads Author),'B003DX0HYU,0030,Invalid Length (not 10 or 13 after cleaning)
My Lady Jane,"Cynthia Hand (Goodreads Author), Brodi Ashton (Goodreads Author), Jodi Meadows (Goodreads Author)",'B015CYCHNQ,015,Invalid Length (not 10 or 13 after cleaning)
The Last Valentine,Felix Alexander (Goodreads Author),'B01N638Y8R,016388,Invalid Length (not 10 or 13 after cleaning)
"Flooded (Beautiful but Strange, #1)",J.J. Sorel (Goodreads Author),,,Invalid Length (not 10 or 13 after cleaning)
Alexander Hamilton,Ron Chernow,,,Invalid Length (not 10 or 13 after cleaning)
The Zombie Wizards of Ala-ka,Linda Armstrong (Goodreads Author),,,Invalid Length (not 10 or 13 after cleaning)
Love Comes Softly,Janette Oke,,,Invalid Length (not 10 or 13 after cleaning)
コンビニ人間 [Konbini ningen],"Sayaka Murata, 村田 沙耶香",'B01IP73PTW,0173,Invalid Length (not 10 or 13 after cleaning)
Own the Wind,Kristen Ashley (Goodreads Author),,,Invalid Length (not 10 or 13 after cleaning)
Paper Princess,"Erin Watt (Goodreads Author) (Pseudonym), Elle Kennedy (Goodreads Author), Jen Frederick (Goodreads Author)",'B01DT9ZWNI,019,Invalid Length (not 10 or 13 after cleaning)
King Leopold's Ghost,Adam Hochschild,,,Invalid Length (not 10 or 13 after cleaning)
Blood Rites,Quinn Loftis (Goodreads Author),,,Invalid Length (not 10 or 13 after cleaning)
The Black Company,Glen Cook,,,Invalid Length (not 10 or 13 after cleaning)
The President Is Missing,"Bill Clinton, James Patterson (Goodreads Author)",,,Invalid Length (not 10 or 13 after cleaning)
A Different Blue,Amy Harmon (Goodreads Author),,,Invalid Length (not 10 or 13 after cleaning)
The Dry,Jane Harper (Goodreads Author),,,Invalid Length (not 10 or 13 after cleaning)
The Rise of Nazil: Complete Epic Fantasy Trilogy: Gritty Epic Fantasy,Aaron-Michael Hall (Goodreads Author),'B07NW5HHN4,0754,Invalid Length (not 10 or 13 after cleaning)
The Dark Web Murders,Brian O'Hare (Goodreads Author),,,Invalid Length (not 10 or 13 after cleaning)
Everything That Rises Must Converge: Stories,"Flannery O'Connor, Robert Fitzgerald (Introduction)",,,Invalid Length (not 10 or 13 after cleaning)
Edge of Eternity,"Ken Follett (Goodreads Author), John Lee (Narrator)",'B00M7RNO1Q,0071,Invalid Length (not 10 or 13 after cleaning)
The Golden Dynasty,Kristen Ashley (Goodreads Author),,,Invalid Length (not 10 or 13 after cleaning)
Economics in One Lesson: The Shortest & Surest Way to Understand Basic Economics,Henry Hazlitt,,,Invalid Length (not 10 or 13 after cleaning)
Grass,Sheri S. Tepper,,,Invalid Length (not 10 or 13 after cleaning)
Accordance,Shelly Crane (Goodreads Author),'B005NKFVJW,005,Invalid Length (not 10 or 13 after cleaning)
Crush,Lacey Weatherford (Goodreads Author),'B009TU0TVM,0090,Invalid Length (not 10 or 13 after cleaning)
The Enchanted April,Elizabeth von Arnim,,,Invalid Length (not 10 or 13 after cleaning)
The Elephant Vanishes,"Haruki Murakami, Jay Rubin (Translator), John Chancer (Narrator), Alfred Birnbaum (Translator)",,,Invalid Length (not 10 or 13 after cleaning)
"Layman's Handbook, A journey to SELF",Aidan McNally (Goodreads Author),,,Invalid Length (not 10 or 13 after cleaning)
The Elements of Style,"William Strunk Jr., E.B. White",,,Invalid Length (not 10 or 13 after cleaning)
More Than This,Jay McLean (Goodreads Author),'B00DVEUGZ6,006,Invalid Length (not 10 or 13 after cleaning)
Every Breath,Nicholas Sparks (Goodreads Author),'B0796RNF48,079648,Invalid Length (not 10 or 13 after cleaning)
"Take a Deep Breath - 21 Top Tips for Relaxed, Rewarding and Healthy Life for Stressed Wage Earners",Michal Siwiec (Goodreads Author),'B008ODKYHY,008,Invalid Length (not 10 or 13 after cleaning)
Interview with a Master,Jason Luke,'B00IB32RZY,0032,Invalid Length (not 10 or 13 after cleaning)
The Millennial Reincarnations,Daniel M. Harrison,'B014I5BJ4I,01454,Invalid Length (not 10 or 13 after cleaning)
Asyri: The Wrath of the Fire Stone,Robyn Ellington-Jones (Goodreads Author),'B01G3JO3CW,0133,Invalid Length (not 10 or 13 after cleaning)
Stone Cold Touch,Jennifer L. Armentrout (Goodreads Author),'B00IPDVGKW,00,Invalid Length (not 10 or 13 after cleaning)
The Wind Through the Keyhole,"Stephen King (Goodreads Author), Jae Lee (Illustrator)",,,Invalid Length (not 10 or 13 after cleaning)
Captured,Erica Stevens (Goodreads Author),'B0087G3U92,0087392,Invalid Length (not 10 or 13 after cleaning)
Moll Flanders,"Daniel Defoe, Mark Schorer, Georgina Sutton (Narrator)",,,Invalid Length (not 10 or 13 after cleaning)
"Speak, Memory",Vladimir Nabokov,,,Invalid Length (not 10 or 13 after cleaning)
The Changeling,Christopher Shields (Goodreads Author),'B009YAVZYW,009,Invalid Length (not 10 or 13 after cleaning)
Awakening,O.L. Ramos (Goodreads Author),'B00CDZTL96,0096,Invalid Length (not 10 or 13 after cleaning)
The Flame of Olympus,Kate O'Hearn,,,Invalid Length (not 10 or 13 after cleaning)
Demons at Deadnight,"A. Kirk (Goodreads Author), E. Kirk",,,Invalid Length (not 10 or 13 after cleaning)
The Scribbler Guardian,Lucian Bane (Goodreads Author),,,Invalid Length (not 10 or 13 after cleaning)
Forever Black,Sandi Lynn (Goodreads Author),'B00BGWP24K,0024,Invalid Length (not 10 or 13 after cleaning)
The Assassin and the Empire,Sarah J. Maas (Goodreads Author),'B008HRMAPG,008,Invalid Length (not 10 or 13 after cleaning)
UnDivided,Neal Shusterman (Goodreads Author),,,Invalid Length (not 10 or 13 after cleaning)
The Assassin and the Pirate Lord,Sarah J. Maas (Goodreads Author),'B006ZVW3T4,00634,Invalid Length (not 10 or 13 after cleaning)
The Sign of the Beaver,Elizabeth George Speare,'B003JTHWNW,003,Invalid Length (not 10 or 13 after cleaning)
White Collar Blackmail,Peter Ralph (Goodreads Author),'B016XAS0Z2,01602,Invalid Length (not 10 or 13 after cleaning)
Dom Wars: Round Six,Lucian Bane (Goodreads Author),'B00MOLZCQ0,000,Invalid Length (not 10 or 13 after cleaning)
The Missing,Jeremy Forsyth (Goodreads Author),'B07K2FRKYJ,072,Invalid Length (not 10 or 13 after cleaning)
The Bands of Mourning,Brandon Sanderson (Goodreads Author),'B00R697BC8,006978,Invalid Length (not 10 or 13 after cleaning)
"Dom Wars: Round 4, 5, 6",Lucian Bane (Goodreads Author),'B00NFSD79A,0079,Invalid Length (not 10 or 13 after cleaning)
The Wall of Winnipeg and Me,Mariana Zapata (Goodreads Author),'B01CDDTGRY,01,Invalid Length (not 10 or 13 after cleaning)
What You Are Not Being Told About Vaccines: Find out now Before its too Late... Welcome to the Year of Truth 2019 (What You Are Not Being Told About Vacines #1),Sharon Storm,'B07PN18HTS,0718,Invalid Length (not 10 or 13 after cleaning)
Rock the Heart,Michelle A. Valentine (Goodreads Author),'B00A86JP4S,00864,Invalid Length (not 10 or 13 after cleaning)
Dogshit Saved My Life,Karl Wiggins (Goodreads Author),'B00KJSE2K2,0022,Invalid Length (not 10 or 13 after cleaning)
"If You Tell: A True Story of Murder, Family Secrets, and the Unbreakable Bond of Sisterhood",Gregg Olsen (Goodreads Author),'B07Q5TL9SQ,0759,Invalid Length (not 10 or 13 after cleaning)
Out of Breath,Rebecca Donovan (Goodreads Author),'B00B52IQSA,0052,Invalid Length (not 10 or 13 after cleaning)
James Potter and the Hall of Elders' Crossing,G. Norman Lippert (Goodreads Author),,,Invalid Length (not 10 or 13 after cleaning)
Binge,Tyler Oakley (Goodreads Author),,,Invalid Length (not 10 or 13 after cleaning)
The Marriage Trap,Jennifer Probst (Goodreads Author),,,Invalid Length (not 10 or 13 after cleaning)
The Way I Used to Be,Amber Smith (Goodreads Author),'B00Z7C19EC,00719,Invalid Length (not 10 or 13 after cleaning)
Notes of a Dirty Old Man,Charles Bukowski,,,Invalid Length (not 10 or 13 after cleaning)
"SAMPLER ONLY: Catching Fire (The Hunger Games, #2)",Suzanne Collins,'B007QW51QS,00751,Invalid Length (not 10 or 13 after cleaning)
The Starbirth Assignment: Shifter,J.M. Johnson (Goodreads Author),'B006TWGM6O,0066,Invalid Length (not 10 or 13 after cleaning)
Kingdom of Embers,Tricia Copeland (Goodreads Author),'B01MZGHHX5,015,Invalid Length (not 10 or 13 after cleaning)
The Sinner,Tess Gerritsen (Goodreads Author),,,Invalid Length (not 10 or 13 after cleaning)
Blood Fund: A Novel,R.C. Westyn (Goodreads Author),'B077BTSK4H,0774,Invalid Length (not 10 or 13 after cleaning)
Too Close to Home,Linwood Barclay (Goodreads Author),'B001FA0W4I,00104,Invalid Length (not 10 or 13 after cleaning)
The Dark Forest,"Liu Cixin (Goodreads Author), Joel Martinsen (Translator)",,,Invalid Length (not 10 or 13 after cleaning)
Revelations,Lucian Bane (Goodreads Author),'B00NXJW0L2,0002,Invalid Length (not 10 or 13 after cleaning)
Hometown Girl Again,Kirsten Fullmer (Goodreads Author),'B07FFGQG9H,079,Invalid Length (not 10 or 13 after cleaning)
That Boy,Jillian Dodd (Goodreads Author),'B004Z1DBG0,00410,Invalid Length (not 10 or 13 after cleaning)
Sweet Thing,Renee Carlino (Goodreads Author),'B00EB9Z8WG,0098,Invalid Length (not 10 or 13 after cleaning)
Wicked,Jennifer L. Armentrout (Goodreads Author),'B00NFW2OOA,002,Invalid Length (not 10 or 13 after cleaning)
Carter Reed,Tijan (Goodreads Author),'B00FIOBPC0,000,Invalid Length (not 10 or 13 after cleaning)
Predictably Irrational: The Hidden Forces That Shape Our Decisions,Dan Ariely,,,Invalid Length (not 10 or 13 after cleaning)
Beyond the Veil,Quinn Loftis (Goodreads Author),'B009GD8086,0098086,Invalid Length (not 10 or 13 after cleaning)
My Beloved,T.M. Mendes (Goodreads Author),'B00RHDWGWI,00,Invalid Length (not 10 or 13 after cleaning)
Souls Unfractured,Tillie Cole (Goodreads Author),,,Invalid Length (not 10 or 13 after cleaning)
Lady Luck,Kristen Ashley (Goodreads Author),'B005YKC770,005770,Invalid Length (not 10 or 13 after cleaning)
Trust in Me,Jennifer L. Armentrout (Goodreads Author),'B00CKOVAV2,002,Invalid Length (not 10 or 13 after cleaning)
The Air He Breathes,Brittainy C. Cherry (Goodreads Author),'B015L78KRQ,01578,Invalid Length (not 10 or 13 after cleaning)
The Shadowhunter's Codex,"Cassandra Clare (Goodreads Author) (Compiler), Joshua Lewis (Compiler)",,,Invalid Length (not 10 or 13 after cleaning)
A Spark of Light,Jodi Picoult (Goodreads Author),'B07B73H2BX,07732,Invalid Length (not 10 or 13 after cleaning)
That Wedding,Jillian Dodd (Goodreads Author),,,Invalid Length (not 10 or 13 after cleaning)
Indebted,Amy A. Bartol (Goodreads Author),'B007XJGAMI,007,Invalid Length (not 10 or 13 after cleaning)
Ensnared,A.G. Howard (Goodreads Author),'B00KLMGU6U,006,Invalid Length (not 10 or 13 after cleaning)
The Assassin and the Underworld,Sarah J. Maas (Goodreads Author),'B007N6JEQ0,00760,Invalid Length (not 10 or 13 after cleaning)
The Obelisk Gate,N.K. Jemisin (Goodreads Author),,,Invalid Length (not 10 or 13 after cleaning)
Lovely Trigger,R.K. Lilley (Goodreads Author),'B00IX51J2C,00512,Invalid Length (not 10 or 13 after cleaning)
Mindset: The New Psychology of Success,Carol S. Dweck,,,Invalid Length (not 10 or 13 after cleaning)
A Lot like Love,Julie James (Goodreads Author),,,Invalid Length (not 10 or 13 after cleaning)
The Testaments,Margaret Atwood (Goodreads Author),,,Invalid Length (not 10 or 13 after cleaning)
Night Owl,M. Pierce (Goodreads Author),'B00HY070CU,00070,Invalid Length (not 10 or 13 after cleaning)
The Female of the Species,Mindy McGinnis (Goodreads Author),,,Invalid Length (not 10 or 13 after cleaning)
"Bright Lights, Big City",Jay McInerney (Goodreads Author),,,Invalid Length (not 10 or 13 after cleaning)
Rock Chick Regret,Kristen Ashley (Goodreads Author),,,Invalid Length (not 10 or 13 after cleaning)
The Dinner,Herman Koch,'B008ZPGDX0,0080,Invalid Length (not 10 or 13 after cleaning)
Pack's Posse (Simon Pack Book 8),John M. Vermillion (Goodreads Author),'B08B6CQDF3,0863,Invalid Length (not 10 or 13 after cleaning)
In Our Bones,Pernell Plath Meier (Goodreads Author),'B08K5FRQ9S,0859,Invalid Length (not 10 or 13 after cleaning)
Checkmate,R.L. Mathewson (Goodreads Author),,,Invalid Length (not 10 or 13 after cleaning)
The Naturalist,Andrew Mayne (Goodreads Author),'B01N1UN91W,01191,Invalid Length (not 10 or 13 after cleaning)
Only Ever Yours,Louise O'Neill,'B00IS05L3A,00053,Invalid Length (not 10 or 13 after cleaning)
Beautiful Broken Rules,Kimberly Lauren (Goodreads Author),'B00OAGWXDW,00,Invalid Length (not 10 or 13 after cleaning)
The Magician's Land,Lev Grossman (Goodreads Author),'B00G3L19CI,00319,Invalid Length (not 10 or 13 after cleaning)
Intermix Nation,M.P. Attardo,'B00BPJ3Q4W,0034,Invalid Length (not 10 or 13 after cleaning)
The Two Towers,Jamie A. Waters (Goodreads Author),'B00JW96SJC,0096,Invalid Length (not 10 or 13 after cleaning)
Seven Cuts,Kady Hunt (Goodreads Author),,,Invalid Length (not 10 or 13 after cleaning)
"Deadly Pretty Strangers: One dead body, one bereaved mother, one small favour ...",Max Thorn,'B077CVPVYZ,077,Invalid Length (not 10 or 13 after cleaning)
A Spy at Home,Joseph Rinaldo (Goodreads Author),'B0033WSVVC,0033,Invalid Length (not 10 or 13 after cleaning)
The Mist,Stephen King (Goodreads Author),,,Invalid Length (not 10 or 13 after cleaning)
Suit,Jettie Woodruff (Goodreads Author),'B015MJNOG0,0150,Invalid Length (not 10 or 13 after cleaning)
Running Barefoot,Amy Harmon (Goodreads Author),,,Invalid Length (not 10 or 13 after cleaning)
The Assassin and the Desert,Sarah J. Maas (Goodreads Author),'B007O61DVI,00761,Invalid Length (not 10 or 13 after cleaning)
BOAT SHOES – SOLILOQUY OF A USELESS EATER: Book Two,Daire Feeney (Goodreads Author),'B076ZYFRQR,076,Invalid Length (not 10 or 13 after cleaning)
Why Not-World,Alexei Maxim Russell (Goodreads Author),,,Invalid Length (not 10 or 13 after cleaning)
Abuse,Nikki Sex (Goodreads Author),'B00RBU7PVE,007,Invalid Length (not 10 or 13 after cleaning)
One Night with the Prince,T.M. Mendes (Goodreads Author),'B00NQN8JUG,008,Invalid Length (not 10 or 13 after cleaning)
Rebirth,O.L. Ramos (Goodreads Author),'B00HG52LJK,0052,Invalid Length (not 10 or 13 after cleaning)
At Peace,Kristen Ashley (Goodreads Author),,,Invalid Length (not 10 or 13 after cleaning)
Knight in Shining Suit,Jerilee Kaye (Goodreads Author),,,Invalid Length (not 10 or 13 after cleaning)
Demented (Sinister Tales Book 1),Anna Gallegos (Goodreads Author),'B00ZVCFQAG,00,Invalid Length (not 10 or 13 after cleaning)
Conduit,Angie Martin (Goodreads Author),,,Invalid Length (not 10 or 13 after cleaning)
Made,J.M. Darhower (Goodreads Author),'B00O9YYP7W,0097,Invalid Length (not 10 or 13 after cleaning)
Mindfulness Living in the Moment - Living in the Breath,Amit Ray,'B016YPA202,016202,Invalid Length (not 10 or 13 after cleaning)
The Book of Sand and Shakespeare's Memory,"Jorge Luis Borges, Norman Thomas di Giovanni (translator)",,,Invalid Length (not 10 or 13 after cleaning)
One Small Sacrifice,Hilary Davidson (Goodreads Author),'B07GR4NWFQ,074,Invalid Length (not 10 or 13 after cleaning)
The Drowning of Arthur Braxton,Caroline Smailes,'B00ALKTTJM,00,Invalid Length (not 10 or 13 after cleaning)
Leo,Mia Sheridan (Goodreads Author),,,Invalid Length (not 10 or 13 after cleaning)
Twisted (Sinister Tales Book 2),Anna Gallegos (Goodreads Author),'B011SBZ87Y,01187,Invalid Length (not 10 or 13 after cleaning)
The Coffin Dancer,Jeffery Deaver (Goodreads Author),,,Invalid Length (not 10 or 13 after cleaning)
How to Kill an Incubus,Kimber Lee (Goodreads Author),'B00ZVC9S8C,0098,Invalid Length (not 10 or 13 after cleaning)
Tully,Paullina Simons,,,Invalid Length (not 10 or 13 after cleaning)
The Shadow Throne,Jennifer A. Nielsen (Goodreads Author),'B00ESIVZ9U,009,Invalid Length (not 10 or 13 after cleaning)
What the Heart Wants,Kelli McCracken (Goodreads Author),,,Invalid Length (not 10 or 13 after cleaning)
The Many-Coloured Land,Julian May,,,Invalid Length (not 10 or 13 after cleaning)
Tales from a Not-So-Talented Pop Star,Rachel Renée Russell (Goodreads Author),'B004A90BW4,004904,Invalid Length (not 10 or 13 after cleaning)
Golden Trail,Kristen Ashley (Goodreads Author),'B005AU8KM0,00580,Invalid Length (not 10 or 13 after cleaning)
"Tall, Tatted and Tempting",Tammy Falkner (Goodreads Author),'B00DGK7WAM,007,Invalid Length (not 10 or 13 after cleaning)
Necropolis,Anthony Horowitz (Goodreads Author),,,Invalid Length (not 10 or 13 after cleaning)
The Case of the Cosmological Killer: Endings and Beginnings,Stephanie Osborn (Goodreads Author),'B00A25OZMW,0025,Invalid Length (not 10 or 13 after cleaning)
The Diabolic,S.J. Kincaid (Goodreads Author),'B01BKR43J0,01430,Invalid Length (not 10 or 13 after cleaning)
The Daughter of Ares Chronicles: The Complete Trilogy,Shannon McRoberts (Goodreads Author),'B008HJO5X4,00854,Invalid Length (not 10 or 13 after cleaning)
The Girl in the Ice,Robert Bryndza (Goodreads Author),'B019G6DSDE,0196,Invalid Length (not 10 or 13 after cleaning)
Give Me Your Hand,Megan Abbott (Goodreads Author),'B074M6FK14,074614,Invalid Length (not 10 or 13 after cleaning)
Touching Spirit Bear,Ben Mikaelsen,'B003F1WM8Y,00318,Invalid Length (not 10 or 13 after cleaning)
Breathe In,Michelle Bellon (Goodreads Author),'B071GWJDYT,071,Invalid Length (not 10 or 13 after cleaning)
King of Scars,Leigh Bardugo (Goodreads Author),'B07C25Z679,0725679,Invalid Length (not 10 or 13 after cleaning)
This Is How It Always Is,Laurie Frankel (Goodreads Author),,,Invalid Length (not 10 or 13 after cleaning)
First Year,Rachel E. Carter (Goodreads Author),'B01MSA1LNA,011,Invalid Length (not 10 or 13 after cleaning)
This Heart of Mine,Susan Elizabeth Phillips (Goodreads Author),,,Invalid Length (not 10 or 13 after cleaning)
The Shadows,J.R. Ward (Goodreads Author),'B00LTZQOZA,00,Invalid Length (not 10 or 13 after cleaning)
The Dying Animal,Philip Roth,,,Invalid Length (not 10 or 13 after cleaning)
All In,Raine Miller (Goodreads Author),'B00A45PY8E,00458,Invalid Length (not 10 or 13 after cleaning)
Shift,Hugh Howey (Goodreads Author),'B00B6Z6HI2,00662,Invalid Length (not 10 or 13 after cleaning)
Light in the Shadows,A. Meredith Walters (Goodreads Author),'B00C0X71EI,00071,Invalid Length (not 10 or 13 after cleaning)
Gives Light,Rose Christo,'B008JYCVW4,0084,Invalid Length (not 10 or 13 after cleaning)
The Iron Traitor,Julie Kagawa (Goodreads Author),,,Invalid Length (not 10 or 13 after cleaning)
The Book of Ivy,Amy Engel (Goodreads Author),,,Invalid Length (not 10 or 13 after cleaning)
Just One Year,Gayle Forman (Goodreads Author),,,Invalid Length (not 10 or 13 after cleaning)
Book of Leo: Prequel to Mystical Trash,Mary Ramsey (Goodreads Author),'B07T9V3TMV,0793,Invalid Length (not 10 or 13 after cleaning)
The Leopard,Jo Nesbø (Goodreads Author),,,Invalid Length (not 10 or 13 after cleaning)
Without,Brian Dennis Hartford (Goodreads Author),'B077YCF6TS,0776,Invalid Length (not 10 or 13 after cleaning)
Shadow Team GB,J.M. Johnson (Goodreads Author),'B00Z3D4BJK,0034,Invalid Length (not 10 or 13 after cleaning)
Fade,"Ais (Goodreads Author), Santino Hassell (Goodreads Author)",,,Invalid Length (not 10 or 13 after cleaning)
Slow Burn,Autumn Jones Lake (Goodreads Author),'B00NG97R4E,00974,Invalid Length (not 10 or 13 after cleaning)
The Importance of Being Wild,J.J. Sorel (Goodreads Author),,,Invalid Length (not 10 or 13 after cleaning)
A Curve in the Road,Julianne MacLean (Goodreads Author),'B079R8DY6F,07986,Invalid Length (not 10 or 13 after cleaning)
Mystic,Alyson Noel (Goodreads Author),,,Invalid Length (not 10 or 13 after cleaning)
Demons of the Ocean,Justin Somper,,,Invalid Length (not 10 or 13 after cleaning)
Understanding Comics: The Invisible Art,Scott McCloud (Goodreads Author),,,Invalid Length (not 10 or 13 after cleaning)
Knight,Kristen Ashley (Goodreads Author),,,Invalid Length (not 10 or 13 after cleaning)
Let the Storm Break,Shannon Messenger (Goodreads Author),'B00DA9KG9I,0099,Invalid Length (not 10 or 13 after cleaning)
James Potter and the Vault of Destinies,G. Norman Lippert (Goodreads Author),,,Invalid Length (not 10 or 13 after cleaning)
In My Hands: Compelling Stories from a Surgeon and His Patients Fighting Cancer,Steven A. Curley,'B074M6KDTY,0746,Invalid Length (not 10 or 13 after cleaning)
High Couch of Silistra,Janet E. Morris (Goodreads Author),'B014RGHCG2,0142,Invalid Length (not 10 or 13 after cleaning)
Holiday in Death,J.D. Robb (Goodreads Author),,,Invalid Length (not 10 or 13 after cleaning)
The Unwanted Wife,Natasha Anders (Goodreads Author),'B009I3UOKQ,0093,Invalid Length (not 10 or 13 after cleaning)
"The Bat (The Red Grouse Tales) - A coming of age story involving a search after truth, doubt and a bat!",Leslie Garland (Goodreads Author),,,Invalid Length (not 10 or 13 after cleaning)
True Love Story,Willow Aster (Goodreads Author),'B00BHF7ULY,007,Invalid Length (not 10 or 13 after cleaning)
What's Left of Me,Amanda Maxlyn (Goodreads Author),,,Invalid Length (not 10 or 13 after cleaning)
The Judgement,Lucian Bane (Goodreads Author),'B00OV2DPS2,0022,Invalid Length (not 10 or 13 after cleaning)
Noble Beginnings,L.T. Ryan (Goodreads Author),,,Invalid Length (not 10 or 13 after cleaning)
Storm,Brigid Kemmerer (Goodreads Author),,,Invalid Length (not 10 or 13 after cleaning)
Outsourced World - Seducing Goddess Durga During the Clinton Era,GRWilson (Goodreads Author),'B072L31D6B,072316,Invalid Length (not 10 or 13 after cleaning)
The Iron King,"Maurice Druon, Humphrey Hare (Translator)",'B00B90ML8E,00908,Invalid Length (not 10 or 13 after cleaning)
Surviving Raine,Shay Savage (Goodreads Author),'B00CWG930S,00930,Invalid Length (not 10 or 13 after cleaning)
Beautiful Player,Christina Lauren (Goodreads Author),'B00CGYMTUW,00,Invalid Length (not 10 or 13 after cleaning)
A Thousand Boy Kisses,Tillie Cole (Goodreads Author),,,Invalid Length (not 10 or 13 after cleaning)
Without Merit,Colleen Hoover (Goodreads Author),'B01NCIBSK9,019,Invalid Length (not 10 or 13 after cleaning)
Rock Bottom,R.K. Lilley (Goodreads Author),'B00GW9K8EG,0098,Invalid Length (not 10 or 13 after cleaning)
Thoughtful,S.C. Stephens (Goodreads Author),'B00LLIJ1DW,001,Invalid Length (not 10 or 13 after cleaning)
Orion Surfacing,I James Forrest,'B013VVSPQK,013,Invalid Length (not 10 or 13 after cleaning)
Dark Challenge,Christine Feehan (Goodreads Author),,,Invalid Length (not 10 or 13 after cleaning)
The Force of Wind,Elizabeth Hunter (Goodreads Author),,,Invalid Length (not 10 or 13 after cleaning)
My Sweet Audrina,V.C. Andrews,,,Invalid Length (not 10 or 13 after cleaning)
Seeking Crystal,Joss Stirling (Goodreads Author),,,Invalid Length (not 10 or 13 after cleaning)
Move the Sun,Susan Fanetti (Goodreads Author),,,Invalid Length (not 10 or 13 after cleaning)
The Misanthrope,Molière,,,Invalid Length (not 10 or 13 after cleaning)
Orientalism,"Edward W. Said, Jean-Leon Gerome (Cover Artist)",,,Invalid Length (not 10 or 13 after cleaning)
Escaping Peril,Tui T. Sutherland,'B00YD46D7S,00467,Invalid Length (not 10 or 13 after cleaning)
Heaven,V.C. Andrews,,,Invalid Length (not 10 or 13 after cleaning)
For You,Kristen Ashley (Goodreads Author),,,Invalid Length (not 10 or 13 after cleaning)
Heart on a Chain,Cindy C. Bennett (Goodreads Author),'B004JF4KNK,0044,Invalid Length (not 10 or 13 after cleaning)
The Ballad of Songbirds and Snakes,Suzanne Collins,'B07V5KKSZT,075,Invalid Length (not 10 or 13 after cleaning)
Consumed,Skyla Madi (Goodreads Author),'B00F3PX8PG,0038,Invalid Length (not 10 or 13 after cleaning)
Cleopatra's Daughter,Michelle Moran (Goodreads Author),,,Invalid Length (not 10 or 13 after cleaning)
Sometimes It Lasts,Abbi Glines (Goodreads Author),'B00DA98QCM,0098,Invalid Length (not 10 or 13 after cleaning)
My Best Friend's Brother,M.J. Thompson (Goodreads Author),'B00N53VDAU,0053,Invalid Length (not 10 or 13 after cleaning)
Rush Too Far,Abbi Glines (Goodreads Author),'B00GPOYENY,00,Invalid Length (not 10 or 13 after cleaning)
In Flight,R.K. Lilley (Goodreads Author),,,Invalid Length (not 10 or 13 after cleaning)
Prelude to Foundation,Isaac Asimov,,,Invalid Length (not 10 or 13 after cleaning)
Asylum: A Hidden Tale - Sinister Tales,Anna Gallegos (Goodreads Author),'B011AXS37C,01137,Invalid Length (not 10 or 13 after cleaning)
Wild Man,Kristen Ashley (Goodreads Author),'B005SOES1U,0051,Invalid Length (not 10 or 13 after cleaning)
Edge of Dawn,Lara Adrian (Goodreads Author),'B0092EE4YS,00924,Invalid Length (not 10 or 13 after cleaning)
Home: A Hidden Tale - Sinister Tales,Anna Gallegos (Goodreads Author),'B00ZH0YDHO,000,Invalid Length (not 10 or 13 after cleaning)
Echoes of Scotland Street,Samantha Young (Goodreads Author),,,Invalid Length (not 10 or 13 after cleaning)
Independence,Shelly Crane (Goodreads Author),,,Invalid Length (not 10 or 13 after cleaning)
Monster in His Eyes,J.M. Darhower (Goodreads Author),,,Invalid Length (not 10 or 13 after cleaning)
Defiance,Shelly Crane (Goodreads Author),'B007IUBRW0,0070,Invalid Length (not 10 or 13 after cleaning)
Fallen Crest Family,Tijan (Goodreads Author),'B00DHT1OOM,001,Invalid Length (not 10 or 13 after cleaning)
"Unique, Different, Found",Violet Samuels (Goodreads Author),'B00R6AH9R4,00694,Invalid Length (not 10 or 13 after cleaning)
"Forgotten, Saved, Loved",Violet Samuels (Goodreads Author),'B00Y9K13D0,009130,Invalid Length (not 10 or 13 after cleaning)
New World Translation of the Holy Scriptures,"Anonymous, Watch Tower Bible and Tract Society (translator)",,,Invalid Length (not 10 or 13 after cleaning)
Caged in Darkness,J.D. Stroube (Goodreads Author),'B005FAEM9U,0059,Invalid Length (not 10 or 13 after cleaning)
I am an Island,Jonathan Culver (Goodreads Author),,,Invalid Length (not 10 or 13 after cleaning)
Shattered,Nicole Banks (Goodreads Author),,,Invalid Length (not 10 or 13 after cleaning)
The Girl Who Fell,S.M. Parker (Goodreads Author),'B00Z7C1GH2,00712,Invalid Length (not 10 or 13 after cleaning)
And the Tide Turns,"Timothy Dalton (Goodreads Author), Dalton Lynne (Goodreads Author) (Editor), Matthew Dalton (Illustrator), Tara Dalton (Illustrator)",'B00T17UVQQ,0017,Invalid Length (not 10 or 13 after cleaning)
Hunt for the Star,Dane Richter (Goodreads Author),'B00BH1O3U4,00134,Invalid Length (not 10 or 13 after cleaning)
Once in a Blue Year,Michael D. Durkota,'B00VAQVNTK,00,Invalid Length (not 10 or 13 after cleaning)
Girl of Shadow,Holly Chavez (Goodreads Author),,,Invalid Length (not 10 or 13 after cleaning)
The Oldest Soul - Animus,Tiffany FitzHenry (Goodreads Author),'B0173RGUKQ,0173,Invalid Length (not 10 or 13 after cleaning)
Origins Of India: Bharatvarsham,Ravi Pathak (Goodreads Author),'B0791L3L3Z,079133,Invalid Length (not 10 or 13 after cleaning)
From Maid to Duchess,Regina James,'B07FFRFP7B,077,Invalid Length (not 10 or 13 after cleaning)
Raze,Tillie Cole (Goodreads Author),,,Invalid Length (not 10 or 13 after cleaning)
City of Vikings,Farah Cook (Goodreads Author),'B072FRZXF2,0722,Invalid Length (not 10 or 13 after cleaning)
The Singularity is Coming: The Artificial Intelligence Explosion,Tony Thorne (Goodreads Author),,,Invalid Length (not 10 or 13 after cleaning)
"Hard Up, Ardon #1","J.G. Perrin (Goodreads Author), Jimmy Perrin (Goodreads Author)",,,Invalid Length (not 10 or 13 after cleaning)
Forbid Me,M. Robinson,,,Invalid Length (not 10 or 13 after cleaning)
"The Ignatius Bible: Revised Standard Version, Second Catholic Edition",Anonymous,'B002LDM8UO,0028,Invalid Length (not 10 or 13 after cleaning)
"Shattered Kingdom (Shattered Kingdom, #1)",Angelina J. Steffort (Goodreads Author),'B088XW7CVN,0887,Invalid Length (not 10 or 13 after cleaning)
Captivated,E.M. Jade (Goodreads Author),,,Invalid Length (not 10 or 13 after cleaning)
The Proposal,Katie Ashley (Goodreads Author),'B00AZQFO3C,003,Invalid Length (not 10 or 13 after cleaning)
Intertwined,Jerilee Kaye (Goodreads Author),'B00SDNU82Q,0082,Invalid Length (not 10 or 13 after cleaning)
Doomed,Jayde Scott (Goodreads Author),'B005A641OA,005641,Invalid Length (not 10 or 13 after cleaning)
Charmeine,Emily Guido (Goodreads Author),'B007E4S2IM,00742,Invalid Length (not 10 or 13 after cleaning)
Arsen: A Broken Love Story,"Mia Asher (Goodreads Author), MacKenzie Cartwright (Narrator), Roger Wayne (Narrator)",'B00EPZUSYY,00,Invalid Length (not 10 or 13 after cleaning)
Lovely War,Julie Berry (Goodreads Author),,,Invalid Length (not 10 or 13 after cleaning)
Ishmael,E.D.E.N. Southworth,,,Invalid Length (not 10 or 13 after cleaning)
False Security,Angie Martin (Goodreads Author),'B00FPT5UD8,0058,Invalid Length (not 10 or 13 after cleaning)
أنثوية العلم: العلم من منظور الفلسفة النسوية,"Linda Jean Shepherd, يمنى طريف الخولي (ترجمة وتحقيق)",,,Invalid Length (not 10 or 13 after cleaning)
We Are Legion (We Are Bob),"Dennis E. Taylor (Goodreads Author), Sébastien Baert (Translator)",'B01LWAESYQ,01,Invalid Length (not 10 or 13 after cleaning)
From Sand and Ash,Amy Harmon (Goodreads Author),'B01DF0TM1Y,0101,Invalid Length (not 10 or 13 after cleaning)
Cold Waters,Debbie Herbert (Goodreads Author),'B07HF4SCB7,0747,Invalid Length (not 10 or 13 after cleaning)
The Study Series Bundle,Maria V. Snyder (Goodreads Author),'B0015YEQNM,0015,Invalid Length (not 10 or 13 after cleaning)
Reckless Magic,Rachel Higginson (Goodreads Author),'B004S7EUJ8,00478,Invalid Length (not 10 or 13 after cleaning)
Timebound,Rysa Walker (Goodreads Author),'B00CQC9O16,00916,Invalid Length (not 10 or 13 after cleaning)
The Trouble with Playing Cupid,Tamara Philip (Goodreads Author),'B00M3DQIT4,0034,Invalid Length (not 10 or 13 after cleaning)
Bad Romeo,Leisa Rayven (Goodreads Author),'B00L0I2GQ2,00022,Invalid Length (not 10 or 13 after cleaning)
"Bear, Otter, and the Kid",T.J. Klune (Goodreads Author),,,Invalid Length (not 10 or 13 after cleaning)
The Wiccan Diaries,T.D. McMichael (Goodreads Author),'B005DTSJ42,00542,Invalid Length (not 10 or 13 after cleaning)
Scribbler of Dreams,Mary E. Pearson (Goodreads Author),,,Invalid Length (not 10 or 13 after cleaning)
Talking as Fast as I Can: From Gilmore Girls to Gilmore Girls (and Everything in Between),Lauren Graham,'B01G0GD07M,01007,Invalid Length (not 10 or 13 after cleaning)
المفاتيح العشرة للنجاح,إبراهيم الفقي,,,Invalid Length (not 10 or 13 after cleaning)
The Stolen: Two Short Stories,Michelle Browne (Goodreads Author),'B0094B0WFY,00940,Invalid Length (not 10 or 13 after cleaning)
The Beginning: Born at Midnight and Awake at Dawn,C.C. Hunter (Goodreads Author),,,Invalid Length (not 10 or 13 after cleaning)
Fresh,Dennis Sharpe (Goodreads Author),'B004RYW89Q,00489,Invalid Length (not 10 or 13 after cleaning)
"Love, in English",Karina Halle (Goodreads Author),'B00JMO9W4K,0094,Invalid Length (not 10 or 13 after cleaning)
Murder of Crows,Anne Bishop,'B00DMCJRD4,004,Invalid Length (not 10 or 13 after cleaning)
Nine Elms,Robert Bryndza (Goodreads Author),'B07PJKBZDH,07,Invalid Length (not 10 or 13 after cleaning)
The Emperor's Edge,Lindsay Buroker (Goodreads Author),,,Invalid Length (not 10 or 13 after cleaning)
Binders Full of Women,Lana Cordova (Goodreads Author),,,Invalid Length (not 10 or 13 after cleaning)
Rock Chick Revenge,Kristen Ashley (Goodreads Author),,,Invalid Length (not 10 or 13 after cleaning)
The Eagle's Secret,Erez Aharoni (Goodreads Author),'B00J1KPCLW,001,Invalid Length (not 10 or 13 after cleaning)
Atomic Habits: An Easy & Proven Way to Build Good Habits & Break Bad Ones,James Clear (Goodreads Author),'B07D23CFGR,0723,Invalid Length (not 10 or 13 after cleaning)
The Fate of Ten,Pittacus Lore,'B00QQMG6B8,0068,Invalid Length (not 10 or 13 after cleaning)
Lord of the Abyss,Nalini Singh (Goodreads Author),,,Invalid Length (not 10 or 13 after cleaning)
Career of Evil,Robert Galbraith,'B0106E2CO6,010626,Invalid Length (not 10 or 13 after cleaning)
The Tommyknockers,Stephen King (Goodreads Author),,,Invalid Length (not 10 or 13 after cleaning)
Friend Zone,Camilla Isley (Goodreads Author),,,Invalid Length (not 10 or 13 after cleaning)
The Raven Heiress,Jeremy Forsyth (Goodreads Author),'B08HWYLLCM,08,Invalid Length (not 10 or 13 after cleaning)
The Iron Butterfly,Chanda Hahn (Goodreads Author),,,Invalid Length (not 10 or 13 after cleaning)
Seeing,"José Saramago, Margaret Jull Costa (Translation)",,,Invalid Length (not 10 or 13 after cleaning)
Dancing Bear,Oren Sanderson (Goodreads Author),'B00J2CG0UG,0020,Invalid Length (not 10 or 13 after cleaning)
My Soul Belongs to You (Soul Mates Book 2),C.L. Hunter (Goodreads Author),'B01MT0LJ2A,0102,Invalid Length (not 10 or 13 after cleaning)
The Joke,Milan Kundera,,,Invalid Length (not 10 or 13 after cleaning)
The Absolutist,John Boyne,,,Invalid Length (not 10 or 13 after cleaning)
Iniquity,Amy A. Bartol (Goodreads Author),,,Invalid Length (not 10 or 13 after cleaning)
Twice Upon a Time,James Riley (Goodreads Author),'B0055OJDH2,00552,Invalid Length (not 10 or 13 after cleaning)
Under Different Stars,Amy A. Bartol (Goodreads Author),'B00HCJX2PM,002,Invalid Length (not 10 or 13 after cleaning)
Nothing Can Come Between Us,Cherlina Works (Goodreads Author),'B010TB00YU,01000,Invalid Length (not 10 or 13 after cleaning)
The Poet X,Elizabeth Acevedo (Goodreads Author),'B0727TNBDH,0727,Invalid Length (not 10 or 13 after cleaning)
Fallen Crest Public,"Tijan (Goodreads Author), Sophie Madsen",,,Invalid Length (not 10 or 13 after cleaning)
Mosquitoland,David Arnold (Goodreads Author),,,Invalid Length (not 10 or 13 after cleaning)
The Thousandth Floor,Katharine McGee (Goodreads Author),'B019C3S97Q,019397,Invalid Length (not 10 or 13 after cleaning)
Assassin's Apprentice / Royal Assassin,Robin Hobb (Goodreads Author),'B000QCS90U,00090,Invalid Length (not 10 or 13 after cleaning)
The Righteous Mind: Why Good People Are Divided by Politics and Religion,Jonathan Haidt,,,Invalid Length (not 10 or 13 after cleaning)
"Smart, Sexy and Secretive",Tammy Falkner (Goodreads Author),'B00ER6XVPE,006,Invalid Length (not 10 or 13 after cleaning)
Sweet Rome,Tillie Cole (Goodreads Author),'B00I4D2QYS,0042,Invalid Length (not 10 or 13 after cleaning)
Torture to Her Soul,J.M. Darhower (Goodreads Author),,,Invalid Length (not 10 or 13 after cleaning)
Ink and Bone,Rachel Caine (Goodreads Author),'B00OQS4BQQ,004,Invalid Length (not 10 or 13 after cleaning)
Here Be Sexist Vampires,Suzanne Wright (Goodreads Author),,,Invalid Length (not 10 or 13 after cleaning)
Before Jamaica Lane,Samantha Young (Goodreads Author),'B00DGZIBWK,00,Invalid Length (not 10 or 13 after cleaning)
No Mercy,Lucian Bane (Goodreads Author),'B00Y9OHN9Y,0099,Invalid Length (not 10 or 13 after cleaning)
Grim,M.K. Eidem (Goodreads Author),'B00EW7DHBG,007,Invalid Length (not 10 or 13 after cleaning)
Le deuxième sexe I,Simone de Beauvoir,,,Invalid Length (not 10 or 13 after cleaning)
Fate and Fury,Quinn Loftis (Goodreads Author),,,Invalid Length (not 10 or 13 after cleaning)
One Tuesday Morning,Karen Kingsbury (Goodreads Author),,,Invalid Length (not 10 or 13 after cleaning)
Forever with You,Laurelin Paige (Goodreads Author),,,Invalid Length (not 10 or 13 after cleaning)
Elite,Rachel Van Dyken (Goodreads Author),'B00CCXC5AG,005,Invalid Length (not 10 or 13 after cleaning)
The Muqaddimah: An Introduction to History,"Ibn Khaldun, Danyal Nicholson, Franz Rosenthal (Translator)",,,Invalid Length (not 10 or 13 after cleaning)
De Profundis,"Oscar Wilde, George Arthur Lareau (Editor), Luca Scarlini (Redattore)",,,Invalid Length (not 10 or 13 after cleaning)
Craving Constellations,Nicole Jacquelyn (Goodreads Author),'B00EUBF8NY,008,Invalid Length (not 10 or 13 after cleaning)
Welcome to Shadowhunter Academy,"Cassandra Clare (Goodreads Author), Sarah Rees Brennan (Goodreads Author), Devon Bostick (Narrator)",'B00OE2X65G,00265,Invalid Length (not 10 or 13 after cleaning)
The Shifter Dimension,J.M. Johnson (Goodreads Author),'B008BI8FHI,0088,Invalid Length (not 10 or 13 after cleaning)
"Nobody Asked Me, But ....",Karl Wiggins (Goodreads Author),'B01DQ0M8S2,01082,Invalid Length (not 10 or 13 after cleaning)
My Greek Traditional Cook Book 1,Anna Othitis (Goodreads Author),'B00J24FJ6A,00246,Invalid Length (not 10 or 13 after cleaning)
Everything We Keep,Kerry Lonsdale (Goodreads Author),'B0184ZLSN0,01840,Invalid Length (not 10 or 13 after cleaning)
La Nuit des temps,René Barjavel,,,Invalid Length (not 10 or 13 after cleaning)
The Quirky Tale of April Hale,Cathy Octo (Goodreads Author),'B017A69IF4,017694,Invalid Length (not 10 or 13 after cleaning)
Craving,Helen Hardt (Goodreads Author),,,Invalid Length (not 10 or 13 after cleaning)
"The Beast Within (Blindfold, Inc., #1)",Liz Cowan (Goodreads Author),,,Invalid Length (not 10 or 13 after cleaning)
Dying to Give,Gary B. Shelly,'B01NA9OLCA,019,Invalid Length (not 10 or 13 after cleaning)
Fear Me,B.B. Reid (Goodreads Author),,,Invalid Length (not 10 or 13 after cleaning)
Spinning Silver,Naomi Novik (Goodreads Author),'B077WXP3KG,0773,Invalid Length (not 10 or 13 after cleaning)
Endless Magic,Rachel Higginson (Goodreads Author),'B0079JXMPA,0079,Invalid Length (not 10 or 13 after cleaning)
A Fall of Water,Elizabeth Hunter (Goodreads Author),,,Invalid Length (not 10 or 13 after cleaning)
Promise Me Light,Paige Weaver (Goodreads Author),'B00EAY9PDU,009,Invalid Length (not 10 or 13 after cleaning)
Taunting Destiny,Amelia Hutchins (Goodreads Author),'B00FAFJU8S,008,Invalid Length (not 10 or 13 after cleaning)
The Kiss Quotient,Helen Hoang (Goodreads Author),'B075HXST4P,0754,Invalid Length (not 10 or 13 after cleaning)
Less,Andrew Sean Greer,'B01MSICPW3,013,Invalid Length (not 10 or 13 after cleaning)
Tales of Edgar Allan Poe,"Edgar Allan Poe, Harry Clarke (Illustrator)",,,Invalid Length (not 10 or 13 after cleaning)
Shadow Country,Peter Matthiessen,,,Invalid Length (not 10 or 13 after cleaning)
The Named,Marianne Curley (Goodreads Author),,,Invalid Length (not 10 or 13 after cleaning)
Swamplandia!,Karen Russell (Goodreads Author),'B004FGMQZC,004,Invalid Length (not 10 or 13 after cleaning)
Rock Chick Renegade,Kristen Ashley (Goodreads Author),,,Invalid Length (not 10 or 13 after cleaning)
Inside His Head: The Assistant Mini Book,Elle Brace (Goodreads Author),'B00KI7QKGI,007,Invalid Length (not 10 or 13 after cleaning)
Kids of Appetite,David Arnold (Goodreads Author),'B01A6EQGGG,016,Invalid Length (not 10 or 13 after cleaning)
Darkdawn,Jay Kristoff (Goodreads Author),'B079DWH5XV,0795,Invalid Length (not 10 or 13 after cleaning)
The Pleasure of Finding Things Out: The Best Short Works of Richard P. Feynman,"Richard P. Feynman, Jeffrey Robbins (Editor), Freeman Dyson (foreword)",,,Invalid Length (not 10 or 13 after cleaning)
Dominic,L.A. Casey (Goodreads Author),'B00J1SP9FI,0019,Invalid Length (not 10 or 13 after cleaning)
Genghis Khan and the Making of the Modern World,Jack Weatherford,'B000FCK206,000206,Invalid Length (not 10 or 13 after cleaning)
The Light,D.J. MacHale (Goodreads Author),,,Invalid Length (not 10 or 13 after cleaning)
Claimed,Evangeline Anderson (Goodreads Author),'B004N62M26,0046226,Invalid Length (not 10 or 13 after cleaning)
SHADOW PANTHEON,Eric Nierstedt (Goodreads Author),'B088KQ3FP9,08839,Invalid Length (not 10 or 13 after cleaning)
Waking Up Married,Mira Lyn Kelly (Goodreads Author),'B009YP9L7U,00997,Invalid Length (not 10 or 13 after cleaning)
Sweet Hope,Tillie Cole (Goodreads Author),,,Invalid Length (not 10 or 13 after cleaning)
A Grief Observed,C.S. Lewis,,,Invalid Length (not 10 or 13 after cleaning)
If You Were Mine,Bella Andre (Goodreads Author),,,Invalid Length (not 10 or 13 after cleaning)
Taste of Darkness,Maria V. Snyder (Goodreads Author),'B00EB3FIYK,003,Invalid Length (not 10 or 13 after cleaning)
The Son,Veronica Roth (Goodreads Author),'B00DG261NY,00261,Invalid Length (not 10 or 13 after cleaning)
Where One Goes,B.N. Toler (Goodreads Author),'B00T630C8C,006308,Invalid Length (not 10 or 13 after cleaning)
What Have You Done,Matthew Farrell (Goodreads Author),'B078XBQ4N5,07845,Invalid Length (not 10 or 13 after cleaning)
"The Umbrella Academy, Vol. 1: The Apocalypse Suite","Gerard Way (Writer), Gabriel Bá (Artist), Dave Stewart (Colourist)",,,Invalid Length (not 10 or 13 after cleaning)
What Happened,Hillary Rodham Clinton,'B01MYE7QP0,0170,Invalid Length (not 10 or 13 after cleaning)
Before the Fall,Noah Hawley (Goodreads Author),'B0151YQUTE,0151,Invalid Length (not 10 or 13 after cleaning)
Julian,Gore Vidal,,,Invalid Length (not 10 or 13 after cleaning)
Beautiful Beginning,Christina Lauren (Goodreads Author),'B00CGWSE1C,001,Invalid Length (not 10 or 13 after cleaning)
Black Obsidian,Victoria Quinn (Goodreads Author),'B01N6I15K9,016159,Invalid Length (not 10 or 13 after cleaning)
Whisper Me This,Kerry Anne King (Goodreads Author),'B077GS75HG,07775,Invalid Length (not 10 or 13 after cleaning)
Undercover Princess,Connie Glynn,'B01MS9RF92,01992,Invalid Length (not 10 or 13 after cleaning)
Come Away with Me,Kristen Pro(Goodreads Author),'B00A3XVP4E,0034,Invalid Length (not 10 or 13 after cleaning)
Metamorphosis,Erin Noelle (Goodreads Author),'B00B3KPBSW,003,Invalid Length (not 10 or 13 after cleaning)
Let the Wind Rise,Shannon Messenger (Goodreads Author),'B00Z7C1AGO,0071,Invalid Length (not 10 or 13 after cleaning)
A Unique Kind of Love: A Different Perspective [Excerpt],Jasmine Rose (Goodreads Author),'B00JNTIFC4,004,Invalid Length (not 10 or 13 after cleaning)
My Commander,Alanea Alder (Goodreads Author),,,Invalid Length (not 10 or 13 after cleaning)
Now I Rise,Kiersten White (Goodreads Author),'B01M98IYRN,0198,Invalid Length (not 10 or 13 after cleaning)
Fate's Pawn,Rick Fox (Goodreads Author),'B084F7WHXH,0847,Invalid Length (not 10 or 13 after cleaning)
Defy,Sara B. Larson (Goodreads Author),'B00ED05G9S,00059,Invalid Length (not 10 or 13 after cleaning)
Saving Grace,Christine Zolendz (Goodreads Author),'B009MH5QGK,0095,Invalid Length (not 10 or 13 after cleaning)
The Interludes,"Ais (Goodreads Author), Santino Hassell (Goodreads Author)",,,Invalid Length (not 10 or 13 after cleaning)
At the Edge of the Universe,Shaun David Hutchinson (Goodreads Author),'B01GD9CQP8,0198,Invalid Length (not 10 or 13 after cleaning)
The Longest Day,Cornelius Ryan,,,Invalid Length (not 10 or 13 after cleaning)
Curtsies & Conspiracies,Gail Carriger (Goodreads Author),,,Invalid Length (not 10 or 13 after cleaning)
Brutally Beautiful,Christine Zolendz (Goodreads Author),'B00HOKH5OS,005,Invalid Length (not 10 or 13 after cleaning)
Fear You,B.B. Reid (Goodreads Author),,,Invalid Length (not 10 or 13 after cleaning)
Misbehaving,Abbi Glines (Goodreads Author),'B00DA7MHUQ,007,Invalid Length (not 10 or 13 after cleaning)
The Sweetest Kill,Amber Lee,'B011Q26ZWM,01126,Invalid Length (not 10 or 13 after cleaning)
The Wedding: One Night with the Prince: A Bonus Chapter,T.M. Mendes (Goodreads Author),'B00NJ0EXVK,000,Invalid Length (not 10 or 13 after cleaning)
Pensées,"Blaise Pascal, Anthony Levi (Editor), A.J. Krailsheimer (Translator), Honor Levi (Translator)",,,Invalid Length (not 10 or 13 after cleaning)
The Red Grouse Tales,Leslie Garland (Goodreads Author),'B018VWOVIU,018,Invalid Length (not 10 or 13 after cleaning)
"Holy Blood, Holy Grail","Michael Baigent, Richard Leigh, Henry Lincoln",,,Invalid Length (not 10 or 13 after cleaning)
The Upanishads,"Anonymous, Juan Mascaró (translator)",,,Invalid Length (not 10 or 13 after cleaning)
The Assassin and the Healer,Sarah J. Maas (Goodreads Author),,,Invalid Length (not 10 or 13 after cleaning)
Until Trevor,Aurora Rose Reynolds (Goodreads Author),,,Invalid Length (not 10 or 13 after cleaning)
Meeting Mr. Mogul: A CEO Billionaire Contemporary Romance,Mel Ryle (Goodreads Author),'B013J44WCK,01344,Invalid Length (not 10 or 13 after cleaning)
"Handcuffs, Kisses and Awkward Situations: Mystery Romance",Olivia Harvard (Goodreads Author),'B00R9LTGMG,009,Invalid Length (not 10 or 13 after cleaning)
The Serpent King,Jeff Zentner (Goodreads Author),,,Invalid Length (not 10 or 13 after cleaning)
Valor,John Gwynne (Goodreads Author),'B00GG0GM28,00028,Invalid Length (not 10 or 13 after cleaning)
Blue Highways,William Least Heat-Moon,,,Invalid Length (not 10 or 13 after cleaning)
The Submissive,Tara Sue Me (Goodreads Author),'B00BD387BC,00387,Invalid Length (not 10 or 13 after cleaning)
The Hook Up,"Kristen Callihan (Goodreads Author), Christian Bernhard (Translator), Wanda Martin (Translator)",,,Invalid Length (not 10 or 13 after cleaning)
Tyrant,T.M. Frazier (Goodreads Author),'B00ZGEWUWQ,00,Invalid Length (not 10 or 13 after cleaning)
Red Hill,Jamie McGuire (Goodreads Author),'B00DJWV0XC,000,Invalid Length (not 10 or 13 after cleaning)
Being the Bad Boy's Victim,Claire Monette (Goodreads Author),'B016PSBM70,01670,Invalid Length (not 10 or 13 after cleaning)
Scorpia Rising,Anthony Horowitz (Goodreads Author),,,Invalid Length (not 10 or 13 after cleaning)
The Amber Room,Steve Berry (Goodreads Author),,,Invalid Length (not 10 or 13 after cleaning)
Hush Money,Susan Bischoff (Goodreads Author),'B003YCPGOG,003,Invalid Length (not 10 or 13 after cleaning)
Between The Lines: Volumes of Words Unspoken,Céline Zabad,'B07L7XMVPB,077,Invalid Length (not 10 or 13 after cleaning)
An Offer From a Gentleman,Julia Quinn (Goodreads Author),,,Invalid Length (not 10 or 13 after cleaning)
Mile High,R.K. Lilley (Goodreads Author),'B00A1DCZCM,001,Invalid Length (not 10 or 13 after cleaning)
The Game Changer,J. Sterling (Goodreads Author),'B00BYEGSQQ,00,Invalid Length (not 10 or 13 after cleaning)
Talons of Power,Tui T. Sutherland,,,Invalid Length (not 10 or 13 after cleaning)
Crocodile on the Sandbank,Elizabeth Peters,'B00351DSA0,003510,Invalid Length (not 10 or 13 after cleaning)
The Royal Ranger: A New Beginning,John Flanagan,'B00BPDR4E6,0046,Invalid Length (not 10 or 13 after cleaning)
Sacrifice of Love,Quinn Loftis (Goodreads Author),,,Invalid Length (not 10 or 13 after cleaning)
Relentless,Karen Lynch (Goodreads Author),,,Invalid Length (not 10 or 13 after cleaning)
The Counterlife,Philip Roth,,,Invalid Length (not 10 or 13 after cleaning)
Forever Us,Sandi Lynn (Goodreads Author),,,Invalid Length (not 10 or 13 after cleaning)
Idylls of the King,"Alfred Tennyson, J.M. Gray (Editor)",,,Invalid Length (not 10 or 13 after cleaning)
How to Talk to a Liberal (If You Must): The World According to Ann Coulter,Ann Coulter,,,Invalid Length (not 10 or 13 after cleaning)
Cat and Mouse,James Patterson (Goodreads Author),'B01FEK6YSC,016,Invalid Length (not 10 or 13 after cleaning)
The Wedding,Claire Monette (Goodreads Author),'B016L8MOBC,0168,Invalid Length (not 10 or 13 after cleaning)
The Gravity of Us,Brittainy C. Cherry (Goodreads Author),,,Invalid Length (not 10 or 13 after cleaning)
An Absolutely Remarkable Thing,Hank Green (Goodreads Author),'B0796DR2XV,07962,Invalid Length (not 10 or 13 after cleaning)
Split Second,Douglas E. Richards (Goodreads Author),'B014TE4FUS,0144,Invalid Length (not 10 or 13 after cleaning)
The Rocker That Holds Me,Terri Anne Browning,,,Invalid Length (not 10 or 13 after cleaning)
The Proper Role of Government,Ezra Taft Benson,'B003ATB8KY,0038,Invalid Length (not 10 or 13 after cleaning)
Married to the Bad Boy,Letty Scott (Goodreads Author),'B00PX9T56I,00956,Invalid Length (not 10 or 13 after cleaning)
Ember,Madison Daniel (Goodreads Author),'B005DFNJHI,005,Invalid Length (not 10 or 13 after cleaning)
The Word for World is Forest,Ursula K. Le Guin,,,Invalid Length (not 10 or 13 after cleaning)
The Green House,"Mario Vargas Llosa, Gregory Rabassa (Translator)",,,Invalid Length (not 10 or 13 after cleaning)
Hopeless Magic,Rachel Higginson (Goodreads Author),'B005G96H3O,005963,Invalid Length (not 10 or 13 after cleaning)
Seducing the Myth,"Lucy Felthouse (Goodreads Author) (Editor), Bronwyn Green (Goodreads Author) (Contributor), J.C. Martin (Contributor), Hawthorn (Goodreads Author) (Contributor), K.D. Grace (Goodreads Author) (Contributor), Jillian Murphy (Contributor), Kay Dee Royal (Contributor), Rachel Randall (Goodreads Author) (Contributor), more…",,,Invalid Length (not 10 or 13 after cleaning)
Where the Deer Dwell,Dorothy Gravelle (Goodreads Author),'B0081APY34,008134,Invalid Length (not 10 or 13 after cleaning)
Tales of Sex & Suburban Lunacy,Helen Argiro (Goodreads Author),,,Invalid Length (not 10 or 13 after cleaning)
My Country 'Tis of Thee,Keith Ellison,,,Invalid Length (not 10 or 13 after cleaning)
Ember's Curse,Gena D. Lutz (Goodreads Author),'B00AOUB4LU,004,Invalid Length (not 10 or 13 after cleaning)
Silence of the Wolves,Hannah Pole (Goodreads Author),'B00CWL2C4C,0024,Invalid Length (not 10 or 13 after cleaning)
Long After,Cheryl McIntyre (Goodreads Author),'B00FW5SEII,005,Invalid Length (not 10 or 13 after cleaning)
It Comes Natural - Understanding Natural and Integrative Medicine,Marsha Gujurati,'B00G9GTEGU,009,Invalid Length (not 10 or 13 after cleaning)
Afterlife,Stephanie Hudson,,,Invalid Length (not 10 or 13 after cleaning)
Bound Anthology,"J.M. Walker (Goodreads Author), Alexis Noelle (Goodreads Author), Dawn Robertson (Goodreads Author), C.T. Phillips, Sarah Robinson (Goodreads Author), Onne Andrews (Goodreads Author), Alyson Raynes",,,Invalid Length (not 10 or 13 after cleaning)
Sweet Home,Tillie Cole (Goodreads Author),'B00FVMDQ30,0030,Invalid Length (not 10 or 13 after cleaning)
Brazen Violations,Jonathan Macpherson (Goodreads Author),'B01J1PTSU2,0112,Invalid Length (not 10 or 13 after cleaning)
The Shaman's Apprentice (Jovai Book 1),B. Muze,'B078QVJLQR,078,Invalid Length (not 10 or 13 after cleaning)
Rivers Never Fill The Sea,Giselle V. Steele (Goodreads Author),,,Invalid Length (not 10 or 13 after cleaning)
Oh Dear Happiness! The lost treasure of contentment,Sanjay Singh,'B07HYGMMQS,07,Invalid Length (not 10 or 13 after cleaning)
Shalmar,Serena Whynd (Goodreads Author),'B07LC2TTQB,072,Invalid Length (not 10 or 13 after cleaning)
Beyond the Pale: (Amelia Sharpe 1),E.J. Wood (Goodreads Author),'B07D96CT4Q,07964,Invalid Length (not 10 or 13 after cleaning)
Explosive Growth: A Few Things I Learned While Growing To 100 Million Users - And Losing $78 Million,Cliff Lerner (Goodreads Author),'B0777FDL2H,07772,Invalid Length (not 10 or 13 after cleaning)
Galaxy Pirates,Tamuna Tsertsvadze (Goodreads Author),'B07YN1JRJF,071,Invalid Length (not 10 or 13 after cleaning)
"Manage My Emotions: What I Wish I'd Learned in School about Anger, Fear and Love",Kenneth Martz (Goodreads Author),'B08GZV98NX,0898,Invalid Length (not 10 or 13 after cleaning)
Curran,"Gordon Andrews, Ilona Andrews (Goodreads Author)",,,Invalid Length (not 10 or 13 after cleaning)
That First Kiss,J.C. Valentine (Goodreads Author),'B00DGI5VDE,005,Invalid Length (not 10 or 13 after cleaning)
The Score,Elle Kennedy (Goodreads Author),'B016VQCFO0,0160,Invalid Length (not 10 or 13 after cleaning)
Galactic Energies,"Luca Rossi (Goodreads Author), Andrea Pakieser (Translator)",'B00E3VTR1K,0031,Invalid Length (not 10 or 13 after cleaning)
The Genetic Lottery,Allison Goh (Goodreads Author),'B00M6BXQXO,006,Invalid Length (not 10 or 13 after cleaning)
Elementals: Mystic Warriors,Katherine L. Moore (Goodreads Author),'B07MX88XXL,0788,Invalid Length (not 10 or 13 after cleaning)
Draekora,Lynette Noni (Goodreads Author),,,Invalid Length (not 10 or 13 after cleaning)
Callasandra: Fractured,Stephanie Douglas (Goodreads Author),'B07GXHGLDY,07,Invalid Length (not 10 or 13 after cleaning)
American Dirt,Jeanine Cummins (Goodreads Author),,,Invalid Length (not 10 or 13 after cleaning)
Huey Lambert's Walking Nuclear Circus,Jonathan Culver (Goodreads Author),'B004SBW3PC,0043,Invalid Length (not 10 or 13 after cleaning)
Radiance,Grace Draven (Goodreads Author),'B00S5IDLEQ,005,Invalid Length (not 10 or 13 after cleaning)
HUMANITY Understanding Reality and Inquiring Good,Zaman Ali (Goodreads Author),'B06VVGKQ6N,066,Invalid Length (not 10 or 13 after cleaning)
Caged Lions Never Roar,Arthur Archambeau (Goodreads Author),'B07PSB938D,07938,Invalid Length (not 10 or 13 after cleaning)
Ransom,Emily Guido (Goodreads Author),,,Invalid Length (not 10 or 13 after cleaning)
The Vision,Jessica Sorensen (Goodreads Author),'B005YR0NG0,00500,Invalid Length (not 10 or 13 after cleaning)
Autobiography,Morrissey (Artist),,,Invalid Length (not 10 or 13 after cleaning)
The Treatment,Suzanne Young (Goodreads Author),'B005C7CW48,005748,Invalid Length (not 10 or 13 after cleaning)
The Silver Swan,Amo Jones (Goodreads Author),'B01NAGF5Q7,0157,Invalid Length (not 10 or 13 after cleaning)
Kulti,Mariana Zapata (Goodreads Author),,,Invalid Length (not 10 or 13 after cleaning)
Abigail and the Jungle Adventure,Tali Carmi,'B00HNCTDJ2,002,Invalid Length (not 10 or 13 after cleaning)
Untainted,Sarah Robinson (Goodreads Author),,,Invalid Length (not 10 or 13 after cleaning)
The Neapolitan Novels,"Elena Ferrante, Ann Goldstein (Translator)",'B00YBA7QAC,007,Invalid Length (not 10 or 13 after cleaning)
TEORIA RUDIMENTARIA SOBRE ESTADOS ENTRELAZADOS Y GEMELOS.,G.G. Melies (Goodreads Author),'B00Z3JFXSW,003,Invalid Length (not 10 or 13 after cleaning)
Leo's Chance,Mia Sheridan (Goodreads Author),'B00DFTUSB4,004,Invalid Length (not 10 or 13 after cleaning)
And After,Sarah Lyons Fleming (Goodreads Author),'B00KBWPHA0,000,Invalid Length (not 10 or 13 after cleaning)
Good-Bye Def Leppard: I'll Miss Those Jeans,Stef Kramer (Goodreads Author),'B00X6S7O34,006734,Invalid Length (not 10 or 13 after cleaning)
سال بلوا,عباس معروفی (Goodreads Author),,,Invalid Length (not 10 or 13 after cleaning)
Born Slippy,"Tom Lutz (Goodreads Author), Alan Jacobs (Editor)",'B07QPK1P1G,0711,Invalid Length (not 10 or 13 after cleaning)
"Arrested Heart (Arrested, #1)",H.L. Nida (Goodreads Author),'B07ZZLS93B,0793,Invalid Length (not 10 or 13 after cleaning)
Ved Maya,Vineeta Malhotra Taneja,'B07QXLNRXK,07,Invalid Length (not 10 or 13 after cleaning)
Cinder: Chapters 1-5,Marissa Meyer (Goodreads Author),'B006905BLS,006905,Invalid Length (not 10 or 13 after cleaning)
Try,"Ella Frank, Shannon Gunn (Reading)",'B00GM2GOW8,0028,Invalid Length (not 10 or 13 after cleaning)
Fool's Quest,Robin Hobb (Goodreads Author),'B00PP3AHIM,003,Invalid Length (not 10 or 13 after cleaning)
Gus,Kim Holden (Goodreads Author),,,Invalid Length (not 10 or 13 after cleaning)
Be With You 今会いにゆきます,Takuji Ichikawa,,,Invalid Length (not 10 or 13 after cleaning)
Tainted Pictures,Sarah Robinson (Goodreads Author),,,Invalid Length (not 10 or 13 after cleaning)
This Season... Have Love/Have Faith,"Tamara Philip (Goodreads Author), Neva Squires-Rodriguez (Goodreads Author)",'B00PUS7SF2,0072,Invalid Length (not 10 or 13 after cleaning)
We Are All Made of Molecules,Susin Nielsen (Goodreads Author),'B00N6PD3T6,00636,Invalid Length (not 10 or 13 after cleaning)
Ghosts,Raina Telgemeier (Goodreads Author),'B01A8Z86H0,018860,Invalid Length (not 10 or 13 after cleaning)
Abstraction In Theory - Laws Of Physical Transaction,Subhajit Ganguly (Goodreads Author),'B0083WVHRM,0083,Invalid Length (not 10 or 13 after cleaning)
"So Long, Lollipops",Sarah Lyons Fleming (Goodreads Author),'B00ILKGJ6U,006,Invalid Length (not 10 or 13 after cleaning)
30 Pieces of Gold: Self Growth - How to use Inspirational Quotes Effectively.,"Ron Millicent (Goodreads Author), Millie Parker (Editor)",'B00NAJ9VNK,009,Invalid Length (not 10 or 13 after cleaning)
The Mind Readers,Lori Brighton,,,Invalid Length (not 10 or 13 after cleaning)
Where Is My Home?,"Tali Carmi, Benny Carmi (Narrator)",'B00EPDN1PO,001,Invalid Length (not 10 or 13 after cleaning)
Tainted Bodies,Sarah Robinson (Goodreads Author),,,Invalid Length (not 10 or 13 after cleaning)
Puddle Jumping,Amber L. Johnson,'B00LE38DOW,0038,Invalid Length (not 10 or 13 after cleaning)
10 Dates,Emily James (Goodreads Author),,,Invalid Length (not 10 or 13 after cleaning)
Full Tilt,Emma Scott (Goodreads Author),,,Invalid Length (not 10 or 13 after cleaning)
Serpent & Dove,ShelMahurin (Goodreads Author),,,Invalid Length (not 10 or 13 after cleaning)
Beast,Pepper Pace,'B009F1GOKK,0091,Invalid Length (not 10 or 13 after cleaning)
Friends vs. Family,C.L. Stone (Goodreads Author),'B00ET5PQEC,005,Invalid Length (not 10 or 13 after cleaning)
Captive,Jex Lane (Goodreads Author),'B01JTTD1EO,011,Invalid Length (not 10 or 13 after cleaning)
Black Order,James Rollins (Goodreads Author),,,Invalid Length (not 10 or 13 after cleaning)
Chameleon Moon,RoAnna Sylver (Goodreads Author),'B01LW0O7KJ,0107,Invalid Length (not 10 or 13 after cleaning)
First Days,C.L. Stone (Goodreads Author),'B00C82VVM4,00824,Invalid Length (not 10 or 13 after cleaning)
Last Light,M. Pierce (Goodreads Author),'B00JCZ6U6W,0066,Invalid Length (not 10 or 13 after cleaning)
"Love Wins: A Book About Heaven, Hell, and the Fate of Every Person Who Ever Lived",Rob Bell,'B004IWR3CE,0043,Invalid Length (not 10 or 13 after cleaning)
The Silent Waters,Brittainy C. Cherry (Goodreads Author),'B01LXK1O5A,0115,Invalid Length (not 10 or 13 after cleaning)
Pushing Brilliance,Tim Tigner (Goodreads Author),'B01H9DSUAW,019,Invalid Length (not 10 or 13 after cleaning)
A Tale of Magic...,Chris Colfer,'B07NNV73SN,0773,Invalid Length (not 10 or 13 after cleaning)
Fledgling,Mark A. Cooper,,,Invalid Length (not 10 or 13 after cleaning)
"The Complete Works of William Shakespeare (37 plays, 160 sonnets and 5 Poetry Books With Active Table of Contents)","William Shakespeare, Fb Publishing",'B01LVXXQXW,01,Invalid Length (not 10 or 13 after cleaning)
Gone,Julie Elizabeth Powell (Goodreads Author),,,Invalid Length (not 10 or 13 after cleaning)
The Claiming of Sleeping Beauty,"A.N. Roquelaure, Anne Rice",,,Invalid Length (not 10 or 13 after cleaning)
The Rocker That Needs Me,Terri Anne Browning,'B00DSDPTTI,00,Invalid Length (not 10 or 13 after cleaning)
The Last Time I Lied,Riley Sager (Goodreads Author),'B076GNTWQM,076,Invalid Length (not 10 or 13 after cleaning)
The Dark Bones,Loreth Anne White (Goodreads Author),'B07HF55K3P,07553,Invalid Length (not 10 or 13 after cleaning)
All Those Things We Never Said,"Marc Levy (Goodreads Author), Chris Murray (Translator)",'B0087WN25I,008725,Invalid Length (not 10 or 13 after cleaning)
Blind Obsession,Ella Frank,'B00C9FLJP4,0094,Invalid Length (not 10 or 13 after cleaning)
Solitaire,Alice Oseman (Goodreads Author),,,Invalid Length (not 10 or 13 after cleaning)
Self Growth - 2: Self Growth Through Self Esteem Techniques (Self Esteem for Busy People),"Ron Millicent (Goodreads Author), Millie Parker (Editor)",'B06XJ8CC8R,0688,Invalid Length (not 10 or 13 after cleaning)
Patria,Fernando Aramburu,'B01IC88OP4,01884,Invalid Length (not 10 or 13 after cleaning)
Nothing Left to Lose,Kirsty Moseley (Goodreads Author),,,Invalid Length (not 10 or 13 after cleaning)
Almost Broken,Portia Moore (Goodreads Author),,,Invalid Length (not 10 or 13 after cleaning)
Oyasumi Punpun,Inio Asano,,,Invalid Length (not 10 or 13 after cleaning)
THE DIARY OF A CANADIAN NOBODY: The diary of a Mr. Nobody and how the war on terror affects his modern family,Arthur Paul James,'B01N9IDGI8,0198,Invalid Length (not 10 or 13 after cleaning)
Le Poinçon « Pilot Edition »,Lucio Agustine Rosenkreutz Crăciunescu (Goodreads Author),'B00DOOPBXK,00,Invalid Length (not 10 or 13 after cleaning)
Fallout: Equestria,kkat,,,Invalid Length (not 10 or 13 after cleaning)
When I'm Gone,Emily Bleeker (Goodreads Author),'B0142IHZPI,0142,Invalid Length (not 10 or 13 after cleaning)
On the Road: the Original Scroll,"Jack Kerouac, Joshua Kupetz (Introduction), George Mouratidis (Introduction), Penny Vlagopoulos (Introduction)",,,Invalid Length (not 10 or 13 after cleaning)
Vengeful,V.E. Schwab (Pseudonym),'B078X26SH3,078263,Invalid Length (not 10 or 13 after cleaning)
Zom-B,Darren Shan (Goodreads Author),,,Invalid Length (not 10 or 13 after cleaning)
Sea of Stars,Amy A. Bartol (Goodreads Author),,,Invalid Length (not 10 or 13 after cleaning)
The Deal: A Prequel of Marriage by Law,N.K. Pockett (Goodreads Author),'B00NIHU6ZG,006,Invalid Length (not 10 or 13 after cleaning)
The Last Time I Saw You,Liv Constantine (Goodreads Author),'B07B2SX451,072451,Invalid Length (not 10 or 13 after cleaning)
Self Growth (Life's Path #1),Ron Millicent (Goodreads Author),'B015X3FX14,015314,Invalid Length (not 10 or 13 after cleaning)
The Wish,Dahlia Lu,'B005DUDH20,00520,Invalid Length (not 10 or 13 after cleaning)
Addicted to You,"Krista Ritchie (Goodreads Author), Becca Ritchie (Goodreads Author)",,,Invalid Length (not 10 or 13 after cleaning)
Lone Wolf Rising,Jami Brumfield (Goodreads Author),'B00J1TBKKA,001,Invalid Length (not 10 or 13 after cleaning)
Darken the Stars,Amy A. Bartol (Goodreads Author),,,Invalid Length (not 10 or 13 after cleaning)
A Different Kind Of Fairy Tale,Morgan Rayne (Goodreads Author),'B00AWHG6E0,0060,Invalid Length (not 10 or 13 after cleaning)
All You Zombies,Robert A. Heinlein,,,Invalid Length (not 10 or 13 after cleaning)
Fool's Assassin,Robin Hobb (Goodreads Author),'B00HBQUF8S,008,Invalid Length (not 10 or 13 after cleaning)
Regretting You,Colleen Hoover (Goodreads Author),'B07SH5V2NB,0752,Invalid Length (not 10 or 13 after cleaning)
It's All Relative,S.C. Stephens (Goodreads Author),,,Invalid Length (not 10 or 13 after cleaning)
Ashes of Honor,Seanan McGuire (Goodreads Author),'B007P7HV4O,00774,Invalid Length (not 10 or 13 after cleaning)
Breathe into Me,Amanda Stone (Goodreads Author),'B00CHG7Z0S,0070,Invalid Length (not 10 or 13 after cleaning)
Prince William (at Olympics 2012),Mike Scantlebury (Goodreads Author),'B08L32K4V8,083248,Invalid Length (not 10 or 13 after cleaning)
100 Common Sense Policies to make BRITAIN GREAT again,Karl Wiggins (Goodreads Author),,,Invalid Length (not 10 or 13 after cleaning)
Conversations with Friends,Sally Rooney (Goodreads Author),'B01M6XMA62,01662,Invalid Length (not 10 or 13 after cleaning)
Beauty from Surrender,Georgia Cates (Goodreads Author),,,Invalid Length (not 10 or 13 after cleaning)
Western Song,Leigh Podgorski (Goodreads Author),'B072VR7W5S,07275,Invalid Length (not 10 or 13 after cleaning)
"Unlimited Memory: How to Use Advanced Learning Strategies to Learn Faster, Remember More and be More Productive (Mental Mastery Book 1)",Kevin Horsley,'B00I3QS1XQ,0031,Invalid Length (not 10 or 13 after cleaning)
Moon Sworn,Keri Arthur (Goodreads Author),,,Invalid Length (not 10 or 13 after cleaning)
The Strip,Heather Killough-Walden (Goodreads Author),'B004J171DU,004171,Invalid Length (not 10 or 13 after cleaning)
Winter World,A.G. Riddle (Goodreads Author),'B07N32K12H,073212,Invalid Length (not 10 or 13 after cleaning)
Making History,Stephen Fry,'B00LKIBYC4,004,Invalid Length (not 10 or 13 after cleaning)
Reborn,C.C. Hunter (Goodreads Author),,,Invalid Length (not 10 or 13 after cleaning)
Did I Mention I Miss You?,Estelle Maskame (Goodreads Author),'B014JABS20,01420,Invalid Length (not 10 or 13 after cleaning)
Creating the Vietnam Veterans Memorial: The Inside Story,Robert W. Doubek,'B012E9G0VC,01290,Invalid Length (not 10 or 13 after cleaning)
De vuelta a tu amor,Isabel Acuña C. (Goodreads Author),'B00B73TBIG,0073,Invalid Length (not 10 or 13 after cleaning)
Simple Perfection,Abbi Glines (Goodreads Author),'B00DA98S02,009802,Invalid Length (not 10 or 13 after cleaning)
Corpalism,Arun D. Ellis (Goodreads Author),'B007PJJE2O,0072,Invalid Length (not 10 or 13 after cleaning)
This Is Going to Hurt: Secret Diaries of a Junior Doctor,Adam Kay (Goodreads Author),,,Invalid Length (not 10 or 13 after cleaning)
This Is How You Lose the Time War,"Amal El-Mohtar (Goodreads Author), Max Gladstone (Goodreads Author)",,,Invalid Length (not 10 or 13 after cleaning)
Rock Me,Cherrie Lynn (Goodreads Author),'B003DX0I9O,00309,Invalid Length (not 10 or 13 after cleaning)
Back to You,Priscilla Glenn (Goodreads Author),'B009X11HCM,00911,Invalid Length (not 10 or 13 after cleaning)
The Dark God's Bride,"Dahlia Lu, Dahlia L. Summers (Goodreads Author)",'B008LFM6BC,0086,Invalid Length (not 10 or 13 after cleaning)
Elfin,Quinn Loftis (Goodreads Author),,,Invalid Length (not 10 or 13 after cleaning)
I See You,Clare Mackintosh (Goodreads Author),'B010QBV1JG,0101,Invalid Length (not 10 or 13 after cleaning)
Kindle Paperwhite User's Guide,Amazon,'B00566KJ18,0056618,Invalid Length (not 10 or 13 after cleaning)
The House by the River,"Lena Manta, Gail Holst-Warhaft (Translator)",'B01N7VKP78,01778,Invalid Length (not 10 or 13 after cleaning)
Quarter Share,Nathan Lowell (Goodreads Author),,,Invalid Length (not 10 or 13 after cleaning)
The Dark God's Bride,"Dahlia Lu, Dahlia L. Summers (Goodreads Author)",'B0082LYB68,008268,Invalid Length (not 10 or 13 after cleaning)
Present Perfect,Alison G. Bailey (Goodreads Author),'B00EABIHGE,00,Invalid Length (not 10 or 13 after cleaning)
Crash Lane News,CrashLaneNews.com,'B00TUOOZZI,00,Invalid Length (not 10 or 13 after cleaning)
Take This Regret,"Amy Lichtenhan (Goodreads Author), A.L. Jackson (Goodreads Author)",,,Invalid Length (not 10 or 13 after cleaning)
Nemesis Games,James S.A. Corey (Goodreads Author),'B00O7X626W,007626,Invalid Length (not 10 or 13 after cleaning)
Bliss,Kathryn Littlewood,,,Invalid Length (not 10 or 13 after cleaning)
Imitatore (The Donna Chronicles #1),A. Rose (Goodreads Author),,,Invalid Length (not 10 or 13 after cleaning)
Cage,Harper Sloan (Goodreads Author),,,Invalid Length (not 10 or 13 after cleaning)
Coexist,Julia Crane (Goodreads Author),,,Invalid Length (not 10 or 13 after cleaning)
Two By Two,Nicholas Sparks (Goodreads Author),,,Invalid Length (not 10 or 13 after cleaning)
The Last Town,Blake Crouch (Goodreads Author),'B00GUU9262,009262,Invalid Length (not 10 or 13 after cleaning)
Chill Factor,Sandra Brown (Goodreads Author),,,Invalid Length (not 10 or 13 after cleaning)
The Spook's Blood,Joseph Delaney (Goodreads Author),,,Invalid Length (not 10 or 13 after cleaning)
The Education of Sebastian,Jane Harvey-Berrick (Goodreads Author),'B00A6NG154,006154,Invalid Length (not 10 or 13 after cleaning)
Fantastic Beasts - The Crimes of Grindelwald: The Original Screenplay,J.K. Rowling,'B07BL2PJ5R,0725,Invalid Length (not 10 or 13 after cleaning)
The Nickel Boys,Colson Whitehead (Goodreads Author),,,Invalid Length (not 10 or 13 after cleaning)
Elect,Rachel Van Dyken (Goodreads Author),'B00FKAD59I,0059,Invalid Length (not 10 or 13 after cleaning)
La unión. Epílogo de vuelta a tu amor,Isabel Acuña C. (Goodreads Author),'B00F8HLJ2S,0082,Invalid Length (not 10 or 13 after cleaning)
Broken and Screwed,Tijan (Goodreads Author),,,Invalid Length (not 10 or 13 after cleaning)
Suicide Notes from Beautiful Girls,Lynn Weingarten (Goodreads Author),'B00O6601W6,0066016,Invalid Length (not 10 or 13 after cleaning)
The Influence of Military Strategies to Business,M.D. White (Goodreads Author),'B0762XJHCN,0762,Invalid Length (not 10 or 13 after cleaning)
Truly Devious,Maureen Johnson (Goodreads Author),,,Invalid Length (not 10 or 13 after cleaning)
Bomarzo,Manuel Mujica Lainez,,,Invalid Length (not 10 or 13 after cleaning)
Cider With Rosie,Laurie Lee,,,Invalid Length (not 10 or 13 after cleaning)
Beautiful Bombshell,Christina Lauren (Goodreads Author),'B00CGWSDK4,004,Invalid Length (not 10 or 13 after cleaning)
Too Consumed,Skyla Madi (Goodreads Author),,,Invalid Length (not 10 or 13 after cleaning)
Hometown Girl Memories,Kirsten Fullmer (Goodreads Author),'B07YN91CFV,0791,Invalid Length (not 10 or 13 after cleaning)
Whispers in the Dark,Maya Banks (Goodreads Author),'B005ERITRU,005,Invalid Length (not 10 or 13 after cleaning)
The Sweetest Game,J. Sterling (Goodreads Author),'B00HDP1C6G,0016,Invalid Length (not 10 or 13 after cleaning)
Bad Rep,A. Meredith Walters (Goodreads Author),'B00AQQDG1I,001,Invalid Length (not 10 or 13 after cleaning)
Neanderthal Seeks Human,Penny Reid (Goodreads Author),,,Invalid Length (not 10 or 13 after cleaning)
The Clique Set,Lisi Harrison (Goodreads Author),,,Invalid Length (not 10 or 13 after cleaning)
The Dark,Marianne Curley (Goodreads Author),,,Invalid Length (not 10 or 13 after cleaning)
Club Shadowlands,Cherise Sinclair (Goodreads Author),'B001XJ1PLA,0011,Invalid Length (not 10 or 13 after cleaning)
Amintiri din copilărie,Ion Creangă,,,Invalid Length (not 10 or 13 after cleaning)
Under Locke,Mariana Zapata (Goodreads Author),'B00HYQJPC2,002,Invalid Length (not 10 or 13 after cleaning)
If I Were You,Lisa Renee Jones (Goodreads Author),,,Invalid Length (not 10 or 13 after cleaning)
"Forgotten, Saved, Loved: The Prologue (Nightfall, #1.5)",Violet Samuels (Goodreads Author),'B00Y1VU5ZE,0015,Invalid Length (not 10 or 13 after cleaning)
Ninefox Gambit,Yoon Ha Lee,,,Invalid Length (not 10 or 13 after cleaning)
Faeries,"Brian Froud, Alan Lee (artist)",,,Invalid Length (not 10 or 13 after cleaning)
The Zima Confession,Iain M. Rodgers (Goodreads Author),'B07VYTW121,07121,Invalid Length (not 10 or 13 after cleaning)
Jaded,Tijan (Goodreads Author),,,Invalid Length (not 10 or 13 after cleaning)
The Broken Eye,Brent Weeks (Goodreads Author),'B00H25FCNG,0025,Invalid Length (not 10 or 13 after cleaning)
Razer's Ride,Jamie Begley (Goodreads Author),'B00DAMVJMS,00,Invalid Length (not 10 or 13 after cleaning)
Beautiful Bitch,Christina Lauren (Goodreads Author),'B00CGWSDI6,006,Invalid Length (not 10 or 13 after cleaning)
Beauty from Love,Georgia Cates (Goodreads Author),,,Invalid Length (not 10 or 13 after cleaning)
1st Semester,Lucian Bane (Goodreads Author),'B00U1M1IAI,0011,Invalid Length (not 10 or 13 after cleaning)
Dead of Winter,Kresley Cole (Goodreads Author),,,Invalid Length (not 10 or 13 after cleaning)
Afterimage,"Ais (Goodreads Author), Santino Hassell (Goodreads Author)",,,Invalid Length (not 10 or 13 after cleaning)
The Gender Game,Bella Forrest (Goodreads Author),,,Invalid Length (not 10 or 13 after cleaning)
Endure,Carrie Jones (Goodreads Author),'B007DD97M4,007974,Invalid Length (not 10 or 13 after cleaning)
Nails,D.M. Samson (Goodreads Author),'B006QX9VIC,0069,Invalid Length (not 10 or 13 after cleaning)
Dark Descent into Desire,J.J. Sorel (Goodreads Author),'B084H5H3KG,08453,Invalid Length (not 10 or 13 after cleaning)
Envy,J.R. Ward (Goodreads Author),,,Invalid Length (not 10 or 13 after cleaning)
Up to Me,Michelle Leighton (Goodreads Author),'B00AWZNGHM,00,Invalid Length (not 10 or 13 after cleaning)
Reasons I Fell for the Funny Fat Friend,"Cassie Mae (Goodreads Author), Becca Ann (Goodreads Author) (pseudonym)",,,Invalid Length (not 10 or 13 after cleaning)
The Last Days of Lorien,Pittacus Lore,'B0089LOK6W,00896,Invalid Length (not 10 or 13 after cleaning)
White Knight Dom Academy 2nd Semester,Lucian Bane (Goodreads Author),'B01BG1A6JQ,0116,Invalid Length (not 10 or 13 after cleaning)
An On Dublin Street Christmas,Samantha Young (Goodreads Author),,,Invalid Length (not 10 or 13 after cleaning)
The Devils of Loudun,Aldous Huxley,,,Invalid Length (not 10 or 13 after cleaning)
Nothing but Shadows,"Cassandra Clare (Goodreads Author), Sarah Rees Brennan (Goodreads Author), Nico Mirallegro (Narrator)",'B00OE2X688,002688,Invalid Length (not 10 or 13 after cleaning)
Incandescent,River Savage (Goodreads Author),'B00MLBC1BC,001,Invalid Length (not 10 or 13 after cleaning)
Smoke,Ellen Hopkins (Goodreads Author),'B006VJN17S,00617,Invalid Length (not 10 or 13 after cleaning)
Blood's Fury,C.M. Owens (Goodreads Author),'B00IK7USG6,0076,Invalid Length (not 10 or 13 after cleaning)
The Turning,Lucian Bane (Goodreads Author),'B00Q53G4BK,00534,Invalid Length (not 10 or 13 after cleaning)
Go the F**k to Sleep,"Adam Mansbach (Goodreads Author), Ricardo Cortés (Illustrator)",'B00JOW20G2,00202,Invalid Length (not 10 or 13 after cleaning)
Cibola Burn,James S.A. Corey (Goodreads Author),,,Invalid Length (not 10 or 13 after cleaning)
Град обреченный,"Arkady Strugatsky, Boris Strugatsky, Аркадий Стругацкий, Борис Стругацкий",,,Invalid Length (not 10 or 13 after cleaning)
The Iron Heel,"Jack London, Matt Soar (Narrator)",,,Invalid Length (not 10 or 13 after cleaning)
Criminal,Karin Slaughter (Goodreads Author),'B005X0JUBW,0050,Invalid Length (not 10 or 13 after cleaning)
Leif,Abbi Glines (Goodreads Author),'B008GVC6SE,0086,Invalid Length (not 10 or 13 after cleaning)
Winnetou I - IV,Karl May,,,Invalid Length (not 10 or 13 after cleaning)
The Souls of Black Folk,"W.E.B. Du Bois, Donald B. Gibson (Introduction), Monica W. Elbert (Annotations)",,,Invalid Length (not 10 or 13 after cleaning)
Genesis,Miranda Nading (Goodreads Author),'B015Z32KEA,01532,Invalid Length (not 10 or 13 after cleaning)
Tempus Unbound,"Janet E. Morris (Goodreads Author), Chris Morris",'B072KF7SRW,0727,Invalid Length (not 10 or 13 after cleaning)
Wings of a Sparrow,Dougie Brimson (Goodreads Author),'B00AFXLKRO,00,Invalid Length (not 10 or 13 after cleaning)
The Law of Attraction,N.M. Silber (Goodreads Author),,,Invalid Length (not 10 or 13 after cleaning)
Unlovable,Sherry Gammon (Goodreads Author),'B004K1F9BA,00419,Invalid Length (not 10 or 13 after cleaning)
Fear of Falling,S.L. Jennings (Goodreads Author),,,Invalid Length (not 10 or 13 after cleaning)
Renegade,Erica Stevens (Goodreads Author),'B00885Z13U,0088513,Invalid Length (not 10 or 13 after cleaning)
Refugee,Erica Stevens (Goodreads Author),,,Invalid Length (not 10 or 13 after cleaning)
Bone Gap,Laura Ruby,'B00KVI77JI,0077,Invalid Length (not 10 or 13 after cleaning)
Seeds of Yesterday,V.C. Andrews,,,Invalid Length (not 10 or 13 after cleaning)
Until Nico,Aurora Rose Reynolds (Goodreads Author),,,Invalid Length (not 10 or 13 after cleaning)
Of Just the Two of Us,Le-an Lai Lacaba (Goodreads Author),'B00PAWQBQU,00,Invalid Length (not 10 or 13 after cleaning)
What's So Amazing About Grace?,Philip Yancey (Goodreads Author),,,Invalid Length (not 10 or 13 after cleaning)
A Game of Thrones / A Clash of Kings,George R.R. Martin,'B000FBFMMU,000,Invalid Length (not 10 or 13 after cleaning)
The Perfect Nanny,"Leïla Slimani, Sam Taylor (Translator)",,,Invalid Length (not 10 or 13 after cleaning)
Wethering the Storm,Samantha Towle (Goodreads Author),,,Invalid Length (not 10 or 13 after cleaning)
The Marriage Merger,Jennifer Probst (Goodreads Author),,,Invalid Length (not 10 or 13 after cleaning)
Tied,Emma Chase (Goodreads Author),'B00IWTWFOU,00,Invalid Length (not 10 or 13 after cleaning)
Fable,Chanda Hahn (Goodreads Author),'B00ESF02PG,0002,Invalid Length (not 10 or 13 after cleaning)
Mate Set,Laurann Dohner,'B0042JSSE0,00420,Invalid Length (not 10 or 13 after cleaning)
Rock Chick Reckoning,Kristen Ashley (Goodreads Author),,,Invalid Length (not 10 or 13 after cleaning)
Rival,"Penelope Douglas (Goodreads Author), AbCraden (Narrator), Nelson Hobbs (Narrator)",'B00INIXJ0O,000,Invalid Length (not 10 or 13 after cleaning)
Forever You,Sandi Lynn (Goodreads Author),'B00D381N9I,003819,Invalid Length (not 10 or 13 after cleaning)
"Safe Area Goražde: The War in Eastern Bosnia, 1992-1995","Joe Sacco, Christopher Hitchens (Introduction)",,,Invalid Length (not 10 or 13 after cleaning)
The Velvet Promise,Jude Deveraux,,,Invalid Length (not 10 or 13 after cleaning)
Hardpressed,Meredith Wild (Goodreads Author),'B00V3MY1GS,0031,Invalid Length (not 10 or 13 after cleaning)
Twisted,Emma Chase (Goodreads Author),'B00EB9ZA24,00924,Invalid Length (not 10 or 13 after cleaning)
Finding Eden,"Mia Sheridan (Goodreads Author), Fabienne Vidallet (Translator)",,,Invalid Length (not 10 or 13 after cleaning)
Winter Tales,"Angelika Meyer (Goodreads Author), M.J. Thompson (Goodreads Author), T.M. Mendes (Goodreads Author), Olivia Harvard (Goodreads Author), Mel Ryle (Goodreads Author)",'B019I12EKA,01912,Invalid Length (not 10 or 13 after cleaning)
Valentine (Blood Guardian),Lucian Bane (Goodreads Author),'B01I4JB8S6,01486,Invalid Length (not 10 or 13 after cleaning)
Awakening: The Shard Chronicles Book 1,"Ono Northey (Goodreads Author), Nicholas Hermann (Editor)",'B07LDPVV3N,073,Invalid Length (not 10 or 13 after cleaning)
Moon,Laurann Dohner,'B00BR2LPPY,002,Invalid Length (not 10 or 13 after cleaning)
The Marriage Mistake,Jennifer Probst (Goodreads Author),,,Invalid Length (not 10 or 13 after cleaning)
The Porcupine of Truth,Bill Konigsberg (Goodreads Author),'B00OU4Y8AU,0048,Invalid Length (not 10 or 13 after cleaning)
Hungry Angel,Lucian Bane (Goodreads Author),'B01I4K5296,0145296,Invalid Length (not 10 or 13 after cleaning)
Refugee,Alan Gratz,'B06WVDCDQG,06,Invalid Length (not 10 or 13 after cleaning)
Things We Know by Heart,Jessi Kir(Goodreads Author),'B00M70S9Z4,007094,Invalid Length (not 10 or 13 after cleaning)
My Life with the Walter Boys,"Ali Novak (Goodreads Author), Fallzswimmer (Goodreads Author)",'B00HYGRVRI,00,Invalid Length (not 10 or 13 after cleaning)
Endgame,C.J. Daugherty (Goodreads Author),,,Invalid Length (not 10 or 13 after cleaning)
Kaden,Synne Jakobsen (Goodreads Author),'B0134D1KJ4,013414,Invalid Length (not 10 or 13 after cleaning)
George,Alex Gino,'B00SZIBREW,00,Invalid Length (not 10 or 13 after cleaning)
The Truth About Alice,Jennifer Mathieu (Goodreads Author),'B00GVSABUO,00,Invalid Length (not 10 or 13 after cleaning)
Falling into Us,Jasinda Wilder (Goodreads Author),'B00DIJMJKO,00,Invalid Length (not 10 or 13 after cleaning)
Silence,Natasha Preston (Goodreads Author),,,Invalid Length (not 10 or 13 after cleaning)
Ten Thousand Skies Above You,Claudia Gray (Goodreads Author),'B00TE8LHXI,008,Invalid Length (not 10 or 13 after cleaning)
Liam: Midsummer's Magic Bonus Book,Emmie Lou Kates (Goodreads Author),'B011B1KBGE,0111,Invalid Length (not 10 or 13 after cleaning)
Dragon of Legend: Destiny: Fantasy Dragon Adventure,Angelika Meyer (Goodreads Author),,,Invalid Length (not 10 or 13 after cleaning)
Shadow Study,Maria V. Snyder (Goodreads Author),,,Invalid Length (not 10 or 13 after cleaning)
The Liar's Key,Mark Lawrence (Goodreads Author),'B00OQS4F5I,0045,Invalid Length (not 10 or 13 after cleaning)
Hunted,Evangeline Anderson (Goodreads Author),'B004YQCGLW,004,Invalid Length (not 10 or 13 after cleaning)
Be with Me,Jennifer L. Armentrout (Goodreads Author),'B00DB3D99M,00399,Invalid Length (not 10 or 13 after cleaning)
Beauty and the Beast,Jenni James (Goodreads Author),'B008940W3Y,0089403,Invalid Length (not 10 or 13 after cleaning)
Every Other Day,Jennifer Lynn Barnes (Goodreads Author),'B004ZZP5SS,0045,Invalid Length (not 10 or 13 after cleaning)
Six's Legacy,Pittacus Lore,'B004X2JH5U,00425,Invalid Length (not 10 or 13 after cleaning)
The Sweetest Death: The Sweetest Kill Bonus Chapter,Amber Lee,'B011C8J8XI,01188,Invalid Length (not 10 or 13 after cleaning)
"The Book of Lost Tales, Part Two","J.R.R. Tolkien, Christopher Tolkien (Editor)",,,Invalid Length (not 10 or 13 after cleaning)
This is Falling,Ginger Scott (Goodreads Author),,,Invalid Length (not 10 or 13 after cleaning)
You Are My Sunshine,Roberta Kagan (Goodreads Author),'B00J70Z8E2,007082,Invalid Length (not 10 or 13 after cleaning)
Man's Fate,"André Malraux, Haakon Chevalier (Translator)",,,Invalid Length (not 10 or 13 after cleaning)
"The Bedwetter: Stories of Courage, Redemption, and Pee",Sarah Silverman,,,Invalid Length (not 10 or 13 after cleaning)
Fearless Magic,Rachel Higginson (Goodreads Author),'B005YPDUPI,005,Invalid Length (not 10 or 13 after cleaning)
Hatter's Castle,A.J. Cronin,,,Invalid Length (not 10 or 13 after cleaning)
Because You're Mine,Lisa Kleypas (Goodreads Author),,,Invalid Length (not 10 or 13 after cleaning)
Jet,Jay Crownover (Goodreads Author),'B00CGZXRRU,00,Invalid Length (not 10 or 13 after cleaning)
The One,John Marrs (Goodreads Author),'B075CQSTGT,075,Invalid Length (not 10 or 13 after cleaning)
Ice Planet Barbarians,RuDixon,'B00UB6OO2I,0062,Invalid Length (not 10 or 13 after cleaning)
Eternity Embraced,Larissa Ione (Goodreads Author),'B004K6MMCY,0046,Invalid Length (not 10 or 13 after cleaning)
Collected Stories,William Faulkner,,,Invalid Length (not 10 or 13 after cleaning)
"One, Two ... He Is Coming For You",Willow Rose (Goodreads Author),,,Invalid Length (not 10 or 13 after cleaning)
Twisted,Jenny Phillips (Goodreads Author),'B009EU43NC,00943,Invalid Length (not 10 or 13 after cleaning)
Awaken,Sarah M. Ross (Goodreads Author),'B008GWEQ9U,0089,Invalid Length (not 10 or 13 after cleaning)
The Genesis,K.L. Kerr (Goodreads Author),'B00999FXZ0,009990,Invalid Length (not 10 or 13 after cleaning)
Mana,Asher Tensei (Goodreads Author),'B0096XDKFY,0096,Invalid Length (not 10 or 13 after cleaning)
Wake the Wicked,"Christian Baloga (Goodreads Author), Michael Garrett (Goodreads Author) (Editor)",,,Invalid Length (not 10 or 13 after cleaning)
The Fakir,Ruzbeh N. Bharucha,,,Invalid Length (not 10 or 13 after cleaning)
Sri Guru Granth Sahib,"Guru Nanak, Guru Gobind Singh (Compiler), Guru Arjan Dev (Compiler), Guru Angad, Guru Amar Das, Guru Tegh Bahadur",,,Invalid Length (not 10 or 13 after cleaning)
Nathaniel's 1st Adventure,G.E.F. Neilson (Goodreads Author),,,Invalid Length (not 10 or 13 after cleaning)
Red like the Letter #one,Nix Hamilton (Goodreads Author),'B00DQ8UFH6,0086,Invalid Length (not 10 or 13 after cleaning)
The Chronicles of the Deryni: Deryni Rising / Deryni Checkmate / High Deryni,Katherine Kurtz,,,Invalid Length (not 10 or 13 after cleaning)
Touch Me,T.H. Snyder (Goodreads Author),'B00ETBKOES,00,Invalid Length (not 10 or 13 after cleaning)
Just One Damned Thing After Another,Jodi Taylor (Goodreads Author),,,Invalid Length (not 10 or 13 after cleaning)
Metatron: The Angel Has Risen,Laurence St. John (Goodreads Author),'B007X5HJ2C,00752,Invalid Length (not 10 or 13 after cleaning)
The Pecan Man,Cassie Dandridge Selleck (Goodreads Author),'B006T8124K,0068124,Invalid Length (not 10 or 13 after cleaning)
Collide,Ashley Stambaugh (Goodreads Author),'B00IX2EUVW,002,Invalid Length (not 10 or 13 after cleaning)
Unveiled,O.L. Ramos (Goodreads Author),'B00KJIJ1C6,0016,Invalid Length (not 10 or 13 after cleaning)
Angelwood. Kings & Queens,Hendrik Birke (Goodreads Author),'B00KQ049S8,000498,Invalid Length (not 10 or 13 after cleaning)
The Last Hour of Gann,R. Lee Smith (Goodreads Author),'B00F64A1YK,00641,Invalid Length (not 10 or 13 after cleaning)
Falling Down,Anne Mercier (Goodreads Author),,,Invalid Length (not 10 or 13 after cleaning)
The Evil Hobo (The Evil Company) (Volume 1),Kenneth White (Goodreads Author),,,Invalid Length (not 10 or 13 after cleaning)
Перед зеркалом,"Veniamin Kaverin, Вениамин Каверин",'B00GA1JO5A,0015,Invalid Length (not 10 or 13 after cleaning)
Broken,Ascentii Phoenix (Goodreads Author),'B008P0J2RE,00802,Invalid Length (not 10 or 13 after cleaning)
Wraith,James R. Hannibal (Goodreads Author),'B00MWDFJBS,00,Invalid Length (not 10 or 13 after cleaning)
Politixworks,Chuck U. Farlie (Goodreads Author),'B00QFS6Z2I,0062,Invalid Length (not 10 or 13 after cleaning)
Miss Wrong and Mr Right,Robert Bryndza (Goodreads Author),'B00X61NANO,0061,Invalid Length (not 10 or 13 after cleaning)
Nala and the Gala,"N. Cox (Goodreads Author), Jerlyn Thomas (Goodreads Author) (Illustrator)",'B00YDDS96W,0096,Invalid Length (not 10 or 13 after cleaning)
Tyed,L.J. Shen (Goodreads Author),'B00YQDQ470,00470,Invalid Length (not 10 or 13 after cleaning)
Find Your Purpose Using Science,"Gleb Tsipursky (Goodreads Author), Cerina Gillilan (Illustrator), Agnes Vishnevkin (Editor)",'B00YK6FFZU,006,Invalid Length (not 10 or 13 after cleaning)
Moondance,Desiree King (Goodreads Author),'B00XTH4F7K,0047,Invalid Length (not 10 or 13 after cleaning)
To Enter The Path,Stephanie Flores (Goodreads Author),'B0165TMSBS,0165,Invalid Length (not 10 or 13 after cleaning)
A Carpet of Purple Flowers,Tracey-anne McCartney (Goodreads Author),,,Invalid Length (not 10 or 13 after cleaning)
Quantos Rising,Venancio Cadle Gomani Jr.,,,Invalid Length (not 10 or 13 after cleaning)
A Game of Gods,K.Hari Kumar (Goodreads Author),,,Invalid Length (not 10 or 13 after cleaning)
The Reach Between Worlds,Cameron M. Hayden (Goodreads Author),,,Invalid Length (not 10 or 13 after cleaning)
Little Monkey,"Morwen Bush, Leanna Myrick (Illustrator)",'B01GQQFOZM,01,Invalid Length (not 10 or 13 after cleaning)
What Healing Should Be: How to relieve pain and stop suffering,George Alexandru (Goodreads Author),,,Invalid Length (not 10 or 13 after cleaning)
Black Ink Heart,Laurinda Lawrence (Goodreads Author),,,Invalid Length (not 10 or 13 after cleaning)
Broken Circle,Amy McKinley (Goodreads Author),,,Invalid Length (not 10 or 13 after cleaning)
Beauty and the Beastly Earl,Regina James,'B07H8WR2W3,07823,Invalid Length (not 10 or 13 after cleaning)
Eye on the Ball,Francine Beaton (Goodreads Author),,,Invalid Length (not 10 or 13 after cleaning)
Power Stones: The Elestial (Power Stones Series Book #1),B.S. Barker,'B01CZ1JP2A,0112,Invalid Length (not 10 or 13 after cleaning)
Mine Forever: A Young Adult Romance,Skylar Nightingale (Goodreads Author),'B081TK3T8T,08138,Invalid Length (not 10 or 13 after cleaning)
Blossom in Winter,Melanie Martins (Goodreads Author),'B07WWGB2XK,072,Invalid Length (not 10 or 13 after cleaning)
Monogamy Book One. Lover,Victoria Sobolev (Goodreads Author),,,Invalid Length (not 10 or 13 after cleaning)
LOVE OVER CAPPUCCINO,Mansi Modi (Goodreads Author),'B08CY8BTM1,0881,Invalid Length (not 10 or 13 after cleaning)
The Leviathan Trilogy,"Scott Westerfeld (Goodreads Author), Keith Thompson (Illustrator)",'B0053GH0ZO,00530,Invalid Length (not 10 or 13 after cleaning)
Embracing the Flames,Candace Knoebel (Goodreads Author),'B00DFTQJA8,008,Invalid Length (not 10 or 13 after cleaning)
Love's Prophecy,Brenda Dyer (Goodreads Author),'B00702YWF0,007020,Invalid Length (not 10 or 13 after cleaning)
Biker Faith,Ellie R. Hunter (Goodreads Author),,,Invalid Length (not 10 or 13 after cleaning)
Deviant,Jaimie Roberts (Goodreads Author),'B00OEYC6UA,006,Invalid Length (not 10 or 13 after cleaning)
Inheritance,John O'Riley (Goodreads Author),'B00MWZ150A,00150,Invalid Length (not 10 or 13 after cleaning)
The Game,Terry Schott (Goodreads Author),'B009U5TCKU,0095,Invalid Length (not 10 or 13 after cleaning)
Double Trouble,D.M. Wolfenden (Goodreads Author),'B017Y4LG34,017434,Invalid Length (not 10 or 13 after cleaning)
I'm Thinking of Ending Things,Iain Reid (Goodreads Author),'B0176M1BVG,01761,Invalid Length (not 10 or 13 after cleaning)
Cara's Twelve,Chantel Seabrook (Goodreads Author),,,Invalid Length (not 10 or 13 after cleaning)
The Anonymous Man,Vincent L. Scarsella (Goodreads Author),'B01DQF66RQ,0166,Invalid Length (not 10 or 13 after cleaning)
Fatal Harmony,Anne Malcom (Goodreads Author),'B01NBCK9T9,0199,Invalid Length (not 10 or 13 after cleaning)
Outcaste,Fletcher DeLancey (Goodreads Author),'B075TCR9LM,0759,Invalid Length (not 10 or 13 after cleaning)
Two Hundred Years Together,Aleksandr Solzhenitsyn,'B018IKCZXI,018,Invalid Length (not 10 or 13 after cleaning)
Happy Holiday Homicides,Micah Minnefer (Goodreads Author),'B07B7C2WVY,0772,Invalid Length (not 10 or 13 after cleaning)
THE GREAT ACTION,Alex Letner,'B01BHCD92A,0192,Invalid Length (not 10 or 13 after cleaning)
The Unhoneymooners,Christina Lauren (Goodreads Author),,,Invalid Length (not 10 or 13 after cleaning)
Allegiant: The Ultimate Interactive Quiz Book (Divergent Series Quiz Books 3),Sarah Davids (Goodreads Author),'B00L2IZ3WE,0023,Invalid Length (not 10 or 13 after cleaning)
Savor You,Emily Snow (Goodreads Author),'B00DF4K3YG,0043,Invalid Length (not 10 or 13 after cleaning)
"Interviews With the Dead, Part 1",Collette Sinclaire (Goodreads Author),,,Invalid Length (not 10 or 13 after cleaning)
"Beers, Hens and Irishmen",Meghan Quinn (Goodreads Author),,,Invalid Length (not 10 or 13 after cleaning)
The Way Home,A.C. Bextor (Goodreads Author),,,Invalid Length (not 10 or 13 after cleaning)
Stinger,Mia Sheridan (Goodreads Author),'B00FE7IIBC,007,Invalid Length (not 10 or 13 after cleaning)
Ghost Hold,Ripley Patton (Goodreads Author),,,Invalid Length (not 10 or 13 after cleaning)
Be My December,Rachel Brookes (Goodreads Author),,,Invalid Length (not 10 or 13 after cleaning)
Anne Hawksmoor: The Time Traveller,K.C. Harry (Goodreads Author),'B00NAHCWT2,002,Invalid Length (not 10 or 13 after cleaning)
Sacrifice,Ascentii Phoenix (Goodreads Author),'B00BJL4PKK,004,Invalid Length (not 10 or 13 after cleaning)
Finding Parker,Scott Hildreth (Goodreads Author),'B00O0B33JA,00033,Invalid Length (not 10 or 13 after cleaning)
Crushed,Gina Robinson (Goodreads Author),'B00O4E6UTI,0046,Invalid Length (not 10 or 13 after cleaning)
Underestimated Too,Jettie Woodruff (Goodreads Author),,,Invalid Length (not 10 or 13 after cleaning)
Underestimated,Jettie Woodruff (Goodreads Author),'B00DOH9WR8,0098,Invalid Length (not 10 or 13 after cleaning)
"Coco Pinchard, The Consequences Of Love And Sex",Robert Bryndza (Goodreads Author),'B00YW9M47M,00947,Invalid Length (not 10 or 13 after cleaning)
Sparrow,L.J. Shen (Goodreads Author),'B01CFIEXIY,01,Invalid Length (not 10 or 13 after cleaning)
Vicious,L.J. Shen (Goodreads Author),'B01NCQOPFD,01,Invalid Length (not 10 or 13 after cleaning)
A Week of Mondays,Jessica Brody (Goodreads Author),'B01AGIOE16,0116,Invalid Length (not 10 or 13 after cleaning)
The Mafia And His Angel: Part 1,Lylah James (Goodreads Author),'B0744PDLVZ,0744,Invalid Length (not 10 or 13 after cleaning)
Friends for Life,Andrew Norriss,'B00SZIBRMO,00,Invalid Length (not 10 or 13 after cleaning)
Power Stones: The Mimicking Marauder (Power Stones Series Book #2),B.S. Barker,'B01MTU2H8S,0128,Invalid Length (not 10 or 13 after cleaning)
"Tools of Titans: The Tactics, Routines, and Habits of Billionaires, Icons, and World-Class Performers","Timothy Ferriss (Goodreads Author), Arnold Schwarzenegger (Foreword)",,,Invalid Length (not 10 or 13 after cleaning)
The Change in the Heart,B.Q. Hanson (Goodreads Author),'B08BLWB3ZX,083,Invalid Length (not 10 or 13 after cleaning)
Addressed To Her: A Short Story,Granthana Sinha (Goodreads Author),'B08274Z11X,0827411,Invalid Length (not 10 or 13 after cleaning)
The Christian Self-Formation: Anthropology of Becoming,Krzysztof Stanibula,'B07ZTHTS47,0747,Invalid Length (not 10 or 13 after cleaning)
Chasing Amanda,Melissa Foster (Goodreads Author),'B00AJXL2J6,0026,Invalid Length (not 10 or 13 after cleaning)
Neophyte,T.D. McMichael (Goodreads Author),'B007PJJGY0,0070,Invalid Length (not 10 or 13 after cleaning)
American Amaranth,J.R. Ortiz (Goodreads Author),,,Invalid Length (not 10 or 13 after cleaning)
Naked Want,Emma Dask (Goodreads Author),,,Invalid Length (not 10 or 13 after cleaning)
The Heart Is Deceitful Above All Things: Stories,J.T. LeRoy,'B01E3Q9CLE,0139,Invalid Length (not 10 or 13 after cleaning)
The Elven,"Bernhard Hennen, James A. Sullivan, Edwin Miles (Translator)",'B00NY7FB6O,0076,Invalid Length (not 10 or 13 after cleaning)
Entangled,S.E. Hall (Goodreads Author),'B00GF6BVXI,006,Invalid Length (not 10 or 13 after cleaning)
Five Years - The Meeting,Leonard Belmont (Goodreads Author),'B00KEWMNRM,00,Invalid Length (not 10 or 13 after cleaning)
Painted Faces,L.H. Cosway (Goodreads Author),,,Invalid Length (not 10 or 13 after cleaning)
Lick the Razor - the Definitive Collection,D.B. Tarpley (Goodreads Author) (Editor),'B00QSD5UUS,005,Invalid Length (not 10 or 13 after cleaning)
Come Back to Me,Mila Gray,'B00KCRMYU0,000,Invalid Length (not 10 or 13 after cleaning)
Disconnected,J. Cafesin (Goodreads Author),'B00LNMXZQU,00,Invalid Length (not 10 or 13 after cleaning)
It Takes a Village II: Joining Together,Marley Claire (Goodreads Author),'B00U1MWHVC,001,Invalid Length (not 10 or 13 after cleaning)
Accuse,Nikki Sex (Goodreads Author),'B00X47SJKY,0047,Invalid Length (not 10 or 13 after cleaning)
Speedy Reads,Chris-Jean Clarke (Goodreads Author),'B013AWYBAY,013,Invalid Length (not 10 or 13 after cleaning)
The Before Now and After Then,Peter Monn (Goodreads Author),'B00M8B6XLE,0086,Invalid Length (not 10 or 13 after cleaning)
New Horizons,Dan Carr (Goodreads Author),'B01AKWPJ6M,016,Invalid Length (not 10 or 13 after cleaning)
Behind Blue Eyes,D.M. Wolfenden (Goodreads Author),'B00C2UAK8S,0028,Invalid Length (not 10 or 13 after cleaning)
Above The Flames,Cassandra Fear (Goodreads Author),'B01DOIBBZW,01,Invalid Length (not 10 or 13 after cleaning)
A Thousand Letters,Staci Hart (Goodreads Author),,,Invalid Length (not 10 or 13 after cleaning)
When Love Matters Most,Kate James (Goodreads Author),'B010LKC8WQ,0108,Invalid Length (not 10 or 13 after cleaning)
Submerging,C.S. Johnson (Goodreads Author),'B01BQNKT3M,013,Invalid Length (not 10 or 13 after cleaning)
Cage of Darkness,Jennifer Anne Davis (Goodreads Author),'B01N6PV3UA,0163,Invalid Length (not 10 or 13 after cleaning)
PARADOX: Super Indy,Alex Letner,'B01C4PZJBS,014,Invalid Length (not 10 or 13 after cleaning)
Deep World Blood,C.M. Meridian (Goodreads Author),'B07KRLR2NS,072,Invalid Length (not 10 or 13 after cleaning)
The Pretender,Katie Ward (Goodreads Author),'B07GDTD2VH,072,Invalid Length (not 10 or 13 after cleaning)
The Bromance Book Club,Lyssa Kay Adams (Goodreads Author),'B07NKMZVCT,07,Invalid Length (not 10 or 13 after cleaning)
Dear Edward,Ann Napolitano (Goodreads Author),,,Invalid Length (not 10 or 13 after cleaning)
"Saga, Vol. 9","Brian K. Vaughan (Goodreads Author), Fiona Staples (Illustrator)",,,Invalid Length (not 10 or 13 after cleaning)
"The Dark Notes, Book I",Angelo Tsanatelis (Goodreads Author),,,Invalid Length (not 10 or 13 after cleaning)
The Darkangel Trilogy,Meredith Ann Pierce,'B000Q5W3WM,00053,Invalid Length (not 10 or 13 after cleaning)
Self-Raised,E.D.E.N. Southworth,,,Invalid Length (not 10 or 13 after cleaning)
Conspiracy,Lindsay Buroker (Goodreads Author),,,Invalid Length (not 10 or 13 after cleaning)
Deadly Games,Lindsay Buroker (Goodreads Author),,,Invalid Length (not 10 or 13 after cleaning)
Dark Currents,Lindsay Buroker (Goodreads Author),,,Invalid Length (not 10 or 13 after cleaning)
Avenge,Sarah M. Ross (Goodreads Author),'B009P3QO8U,00938,Invalid Length (not 10 or 13 after cleaning)
Tribesman,Paul Freeman (Goodreads Author),'B009K6KU28,009628,Invalid Length (not 10 or 13 after cleaning)
Blackfeather,Nel Ashley (Goodreads Author),'B009Z1FVDG,0091,Invalid Length (not 10 or 13 after cleaning)
Yearning Devotion,Rachael Orman (Goodreads Author),,,Invalid Length (not 10 or 13 after cleaning)
Drop of Doubt,C.L. Stone (Goodreads Author),,,Invalid Length (not 10 or 13 after cleaning)
Forgiveness and Permission,C.L. Stone (Goodreads Author),,,Invalid Length (not 10 or 13 after cleaning)
The Two Kings,Stephanie Hudson,'B009JSRCZ0,0090,Invalid Length (not 10 or 13 after cleaning)
Things Grak Hates,Peter J. Story (Goodreads Author),'B00N5HSAUM,005,Invalid Length (not 10 or 13 after cleaning)
Liberty Belle,Max Cummings,'B00NO3I3A4,00334,Invalid Length (not 10 or 13 after cleaning)
The Quarter Moon,Stephanie Hudson,,,Invalid Length (not 10 or 13 after cleaning)
The Voyage,Roberta Kagan (Goodreads Author),'B00IUP72A8,00728,Invalid Length (not 10 or 13 after cleaning)
Aphotic,Ascentii Phoenix (Goodreads Author),'B00ERWHQGI,00,Invalid Length (not 10 or 13 after cleaning)
The Death of Fear,D.B. Tarpley (Goodreads Author),'B00RNJM0U4,0004,Invalid Length (not 10 or 13 after cleaning)
The Kissing Booth,Beth Reekles (Goodreads Author),'B00AIV2KIG,002,Invalid Length (not 10 or 13 after cleaning)
The Death of Love,D.B. Tarpley (Goodreads Author),'B011LLKFL0,0110,Invalid Length (not 10 or 13 after cleaning)
Tricolor,Lisa Terry (Goodreads Author),'B011VWG63U,01163,Invalid Length (not 10 or 13 after cleaning)
The Mafia And His Angel: Part 2,Lylah James (Goodreads Author),'B076FV2FV4,07624,Invalid Length (not 10 or 13 after cleaning)
Power Stones: The Dragon's Blood Prophecy (Power Stones Series Book 3),B.S. Barker,'B06ZY6YQKF,066,Invalid Length (not 10 or 13 after cleaning)
The Financier,Theodore Dreiser,,,Invalid Length (not 10 or 13 after cleaning)
Come Back to Me,Melissa Foster (Goodreads Author),'B00DVLQJSW,00,Invalid Length (not 10 or 13 after cleaning)
Agatha H and the Airship City,"Phil Foglio, Kaja Foglio",,,Invalid Length (not 10 or 13 after cleaning)
From Rags,Suzanne Wright (Goodreads Author),,,Invalid Length (not 10 or 13 after cleaning)
Time Stands Still,"Lori L. Otto (Goodreads Author), Christi Allen Curtis (Photographer)",,,Invalid Length (not 10 or 13 after cleaning)
Never Look Back,"Lori L. Otto (Goodreads Author), Christi Allen Curtis (Photographer)",,,Invalid Length (not 10 or 13 after cleaning)
Taliesin,Stephen R. Lawhead,,,Invalid Length (not 10 or 13 after cleaning)
Come Away with Me,Ruth Cardello (Goodreads Author),'B00J0CAR16,00016,Invalid Length (not 10 or 13 after cleaning)
Eyes Wide Open,Raine Miller (Goodreads Author),'B00BEHGSEK,00,Invalid Length (not 10 or 13 after cleaning)
Spilled Milk,K.L. Randis (Goodreads Author),'B00D9GY2BU,0092,Invalid Length (not 10 or 13 after cleaning)
Trust Trilogy,Cristiane Serruya,'B00LU5ORLW,005,Invalid Length (not 10 or 13 after cleaning)
Anne Hawksmoor: Lost in Time (Book 2),K.C. Harry (Goodreads Author),'B00NAHD1PQ,001,Invalid Length (not 10 or 13 after cleaning)
Mi dulce destrucción,Isabelle Bellmer (Goodreads Author),,,Invalid Length (not 10 or 13 after cleaning)
Memorizing You,Dan Skinner (Goodreads Author),'B00DUXS4Z2,0042,Invalid Length (not 10 or 13 after cleaning)
Crimes Against Magic,Steve McHugh (Goodreads Author),'B007YK01JY,00701,Invalid Length (not 10 or 13 after cleaning)
Learning to Kiss in the Snow,D.B. Tarpley (Goodreads Author),'B0081GEFA6,00816,Invalid Length (not 10 or 13 after cleaning)
The Way of the Sword,Chris Bradford (Goodreads Author),,,Invalid Length (not 10 or 13 after cleaning)
Sweet Ruin,Kresley Cole (Goodreads Author),'B00X411574,00411574,Invalid Length (not 10 or 13 after cleaning)
A Victim of the Times,Adam Steven Page (Goodreads Author),'B013VETD7W,0137,Invalid Length (not 10 or 13 after cleaning)
Unsouled,Will Wight (Goodreads Author),'B01H1CYBS6,0116,Invalid Length (not 10 or 13 after cleaning)
Sherlock Holmes: The Ultimate Collection,Arthur Conan Doyle,'B00DCD53C2,00532,Invalid Length (not 10 or 13 after cleaning)
Limits of Destiny,Sharlyn G. Branson (Goodreads Author),'B01A4MDTOW,014,Invalid Length (not 10 or 13 after cleaning)
Between Clouds and Stars,Sharlyn G. Branson (Goodreads Author),'B01IPYQHFY,01,Invalid Length (not 10 or 13 after cleaning)
Married To A Chicago Bully,Fatima Munroe (Goodreads Author),'B07CVQVHT8,078,Invalid Length (not 10 or 13 after cleaning)
Golf Mind Play:Outsmarting your brain to play your best golf.,Tracy Tresidder,'B007VPEC0Q,0070,Invalid Length (not 10 or 13 after cleaning)
How to Read a Book: The Classic Guide to Intelligent Reading,"Mortimer J. Adler, Charles Van Doren",,,Invalid Length (not 10 or 13 after cleaning)
The Abduction,John Grisham (Goodreads Author),,,Invalid Length (not 10 or 13 after cleaning)
How to Find A Job: When There Are No Jobs A Necessary Job Search and Career Planning Guide for Today's Job Market (Find A Job Series),Paul Rega (Goodreads Author),'B0056PFONW,0056,Invalid Length (not 10 or 13 after cleaning)
Hidden Wings,Cameo Renae (Goodreads Author),'B00B27GAC2,00272,Invalid Length (not 10 or 13 after cleaning)
Latakia,J.F. Smith (Goodreads Author),'B006I2RN9U,00629,Invalid Length (not 10 or 13 after cleaning)
وحي القلم - الجزء الثاني,مصطفى صادق الرافعي,,,Invalid Length (not 10 or 13 after cleaning)
Coming Home,Lydia Michaels (Goodreads Author),'B00CLFCOVA,00,Invalid Length (not 10 or 13 after cleaning)
Unsaid,Avery Aster (Goodreads Author),,,Invalid Length (not 10 or 13 after cleaning)
Cold Vengeance,"Douglas Preston (Goodreads Author), Lincoln Child",'B0048EKF3Q,00483,Invalid Length (not 10 or 13 after cleaning)
کشتی پهلو گرفته,سیدمهدی شجاعی,,,Invalid Length (not 10 or 13 after cleaning)
Your Leadership Edge,Ravinder Tulsiani (Goodreads Author),,,Invalid Length (not 10 or 13 after cleaning)
The Not So Secret Emails Of Coco Pinchard,Robert Bryndza (Goodreads Author),,,Invalid Length (not 10 or 13 after cleaning)
Unravel Me,Lynn Montagano (Goodreads Author),'B00L0RFGT2,0002,Invalid Length (not 10 or 13 after cleaning)
Limits of Destiny,Sharlyn G. Branson (Goodreads Author),'B012ELKRF0,0120,Invalid Length (not 10 or 13 after cleaning)
月刊少女野崎くん 1 [Gekkan Shoujo Nozaki-kun 1],Izumi Tsubaki,,,Invalid Length (not 10 or 13 after cleaning)
The Queen of Blood,Sarah Beth Durst (Goodreads Author),'B01ARKV3T4,0134,Invalid Length (not 10 or 13 after cleaning)
The Techno Witch,Alex Letner,'B01ADTLJ6G,016,Invalid Length (not 10 or 13 after cleaning)
Power Stones: The Specter's Scrolls (Power Stones Series Book #4),B.S. Barker,'B076ZQNTS4,0764,Invalid Length (not 10 or 13 after cleaning)
The Magnolia Inn,Carolyn Brown,'B07DC8LGG7,0787,Invalid Length (not 10 or 13 after cleaning)
The Natural Superiority of Women,Ashley Montagu,,,Invalid Length (not 10 or 13 after cleaning)
I Wish You All the Best,Mason Deaver (Goodreads Author),,,Invalid Length (not 10 or 13 after cleaning)
We Of The Forsaken World...,Kiran Bhat (Goodreads Author),'B07ZY766XB,07766,Invalid Length (not 10 or 13 after cleaning)
Teenage Mutant Ninja Turtles #1,"Kevin Eastman, Tom Waltz, Dan Duncan, Sam Kieth",'B00IU2EWZY,002,Invalid Length (not 10 or 13 after cleaning)
The First Law Trilogy,"Joe Abercrombie, Kirsten Borchardt (Translator)",,,Invalid Length (not 10 or 13 after cleaning)
The Nightlife: Las Vegas,Travis Luedke (Goodreads Author),'B00A9K1S6Q,00916,Invalid Length (not 10 or 13 after cleaning)
Madly,Michelle Leighton (Goodreads Author),,,Invalid Length (not 10 or 13 after cleaning)
Blood Slave,Travis Luedke (Goodreads Author),'B00ASO8BFO,008,Invalid Length (not 10 or 13 after cleaning)
Into the Deep,Samantha Young (Goodreads Author),,,Invalid Length (not 10 or 13 after cleaning)
Les Méthodes Marketing Électronique (French Edition),Maria Johnsen (Goodreads Author),'B00H59B9EU,00599,Invalid Length (not 10 or 13 after cleaning)
BioShock: Rapture,John Shirley,'B003OUXECE,003,Invalid Length (not 10 or 13 after cleaning)
The Hedge Knight,George R.R. Martin,,,Invalid Length (not 10 or 13 after cleaning)
Anne Hawksmoor: The Time Thief (Book 3),K.C. Harry (Goodreads Author),'B00NAI0FNQ,000,Invalid Length (not 10 or 13 after cleaning)
"Haunting (Hexed Thrillogy, #1)",Max Cummings,'B00OE77VJS,0077,Invalid Length (not 10 or 13 after cleaning)
Libellus de Numeros,Jim West (Goodreads Author),'B00P2783FK,002783,Invalid Length (not 10 or 13 after cleaning)
Learning to Live,Kira Adams (Goodreads Author),'B00S4D0RJY,0040,Invalid Length (not 10 or 13 after cleaning)
Ricochet,Keri Lake (Goodreads Author),'B0105H0E7G,010507,Invalid Length (not 10 or 13 after cleaning)
The Canterville Ghost and Other Stories,Oscar Wilde,,,Invalid Length (not 10 or 13 after cleaning)
I Crawl Through It,A.S. King (Goodreads Author),'B00RTY0D1Q,0001,Invalid Length (not 10 or 13 after cleaning)
Royally Screwed,Emma Chase (Goodreads Author),,,Invalid Length (not 10 or 13 after cleaning)
Evenfall: Volume 1: Director's Cut,"Ais (Goodreads Author), Santino Hassell (Goodreads Author)",,,Invalid Length (not 10 or 13 after cleaning)
Stalin: The Court of the Red Tsar,Simon Sebag Montefiore (Goodreads Author),,,Invalid Length (not 10 or 13 after cleaning)
Sea of Memories,Fiona Valpy (Goodreads Author),'B06Y5PSTB5,0655,Invalid Length (not 10 or 13 after cleaning)
The House in the Cerulean Sea,T.J. Klune (Goodreads Author),'B07QPHT8CB,078,Invalid Length (not 10 or 13 after cleaning)
Wishing for Someday Soon,Tiffany King (Goodreads Author),'B007OON6KG,0076,Invalid Length (not 10 or 13 after cleaning)
The Duke's Perfect Wife,Jennifer Ashley (Goodreads Author),,,Invalid Length (not 10 or 13 after cleaning)
The Binding,L. Filloon (Goodreads Author),,,Invalid Length (not 10 or 13 after cleaning)
The Origins of Totalitarianism,Hannah Arendt,,,Invalid Length (not 10 or 13 after cleaning)
A is for Abstinence,Kelly Oram (Goodreads Author),'B00KBA582Y,00582,Invalid Length (not 10 or 13 after cleaning)
Hate Me,Jillian Dodd (Goodreads Author),,,Invalid Length (not 10 or 13 after cleaning)
Fire Country,David Estes (Goodreads Author),,,Invalid Length (not 10 or 13 after cleaning)
A Very Coco Christmas,Robert Bryndza (Goodreads Author),'B00GJRIQT0,000,Invalid Length (not 10 or 13 after cleaning)
Average Joe and the Extraordinaires,Belart Wright (Goodreads Author),,,Invalid Length (not 10 or 13 after cleaning)
"The Obernewtyn Chronicles Omnibus, #1-6",Isobelle Carmody (Goodreads Author),'B0167N8N7U,016787,Invalid Length (not 10 or 13 after cleaning)
Limits of Destiny,Sharlyn G. Branson (Goodreads Author),'B0143DRNL8,01438,Invalid Length (not 10 or 13 after cleaning)
Mississippi Blood,Greg Iles (Goodreads Author),'B01HXJREHW,01,Invalid Length (not 10 or 13 after cleaning)
FIRST HALF: Super Indy,Alex Letner,'B01AOIXB7G,017,Invalid Length (not 10 or 13 after cleaning)
The Fairway,Alex Letner,'B01AOI4ISW,014,Invalid Length (not 10 or 13 after cleaning)
Power Stones: The Heroes Cup (Power Stones Series Book 5),B.S. Barker,'B07FBJFYCG,07,Invalid Length (not 10 or 13 after cleaning)
Two Kinds of Truth,Michael Connelly (Goodreads Author),,,Invalid Length (not 10 or 13 after cleaning)
The Laws of Human Nature,Robert Greene (Goodreads Author),'B07BJLX414,07414,Invalid Length (not 10 or 13 after cleaning)
Raven,Suzy Turner (Goodreads Author),,,Invalid Length (not 10 or 13 after cleaning)
"Locke & Key, Vol. 2: Head Games","Joe Hill (Goodreads Author), Gabriel Rodríguez (Artist)",,,Invalid Length (not 10 or 13 after cleaning)
Parallel,Claudia Lefeve (Goodreads Author),'B005JGK8Y8,00588,Invalid Length (not 10 or 13 after cleaning)
The Archmage Unbound,Michael G. Manning (Goodreads Author),,,Invalid Length (not 10 or 13 after cleaning)
Fallen,Julie Morgan (Goodreads Author),'B00H1EMU88,00188,Invalid Length (not 10 or 13 after cleaning)
The Kabbalistic Murder Code,Nathan Erez (Goodreads Author),'B00JMHT0K8,0008,Invalid Length (not 10 or 13 after cleaning)
Adore Me,Jillian Dodd (Goodreads Author),'B00E7TP60E,00760,Invalid Length (not 10 or 13 after cleaning)
Kyland,Mia Sheridan (Goodreads Author),'B00SPBE1T2,0012,Invalid Length (not 10 or 13 after cleaning)
Evil Games,Angela Marsons (Goodreads Author),'B00U7K5F4O,00754,Invalid Length (not 10 or 13 after cleaning)
Revelation,Randi Cooley Wilson (Goodreads Author),,,Invalid Length (not 10 or 13 after cleaning)
The Broken Girls,Simone St. James (Goodreads Author),'B0738KSJ8F,07388,Invalid Length (not 10 or 13 after cleaning)
The 120 Days of Sodom and Other Writings,"Marquis de Sade, Austryn Wainhouse (Translator, compiler), Richard Seaver (Translator, compiler), Simone de Beauvoir (Introduction), Pierre Klossowski (Introduction), Annette Michelson (Translator), Joseph H. McMahon (Translator)",,,Invalid Length (not 10 or 13 after cleaning)
True to the Last,Evelyn Everett-Green,,,Invalid Length (not 10 or 13 after cleaning)
A Vampire's Saving Embrace,Darlene Kuncytes (Goodreads Author),'B00BHYJRCU,00,Invalid Length (not 10 or 13 after cleaning)
Broken Embrace,Dana Mason (Goodreads Author),'B00KPHS6KE,006,Invalid Length (not 10 or 13 after cleaning)
Tiny Pretty Things,"Sona Charaipotra (Goodreads Author), Dhonielle Clayton",'B00N81BB8I,00818,Invalid Length (not 10 or 13 after cleaning)
The Girl in 6E,A.R. Torre,'B00HQ2N0M0,00200,Invalid Length (not 10 or 13 after cleaning)
Desecrating Solomon,Lucian Bane (Goodreads Author),,,Invalid Length (not 10 or 13 after cleaning)
Limits of Destiny,Sharlyn G. Branson (Goodreads Author),'B016QTOFEA,016,Invalid Length (not 10 or 13 after cleaning)
Glimpse Spirit vol. 6,Lisa Mathisen (Goodreads Author),'B06XHS9PKB,069,Invalid Length (not 10 or 13 after cleaning)
Liberators: Super Indy,Alex Letner,'B07BV5BRSD,075,Invalid Length (not 10 or 13 after cleaning)
Power Stones: The Room of Relics (Power Stones Series Book 6),Brad Barker,'B07KPPFP8W,078,Invalid Length (not 10 or 13 after cleaning)
Wolfsong,T.J. Klune (Goodreads Author),'B01GJ0S5M4,01054,Invalid Length (not 10 or 13 after cleaning)
Special Forces,"Aleksandr Voinov (Goodreads Author), Marquesate (Goodreads Author), Vashtan",,,Invalid Length (not 10 or 13 after cleaning)
The Line of Illeniel,Michael G. Manning (Goodreads Author),,,Invalid Length (not 10 or 13 after cleaning)
More Than Miles,Autumn Jones Lake (Goodreads Author),'B01J2EPPKE,012,Invalid Length (not 10 or 13 after cleaning)
The Rules of Magic,Alice Hoffman (Goodreads Author),,,Invalid Length (not 10 or 13 after cleaning)
A Ruthless Proposition,Natasha Anders (Goodreads Author),'B010UMT8U0,01080,Invalid Length (not 10 or 13 after cleaning)
Hangman,Daniel Cole,'B06XRJH4M9,0649,Invalid Length (not 10 or 13 after cleaning)
The Dragon Waiting,John M. Ford,,,Invalid Length (not 10 or 13 after cleaning)
"Dead, Undead, or Somewhere in Between",J.A. Saare (Goodreads Author),,,Invalid Length (not 10 or 13 after cleaning)
...And the Stars Will Sing,Michelle Browne (Goodreads Author),'B0075G7GEA,00757,Invalid Length (not 10 or 13 after cleaning)
Netherworld,K.N. Lee (Goodreads Author),'B00CR0T5KW,0005,Invalid Length (not 10 or 13 after cleaning)
Been So Long,Adrienne Thompson (Goodreads Author),'B007271WHO,007271,Invalid Length (not 10 or 13 after cleaning)
The Crossover,Kwame Alexander,,,Invalid Length (not 10 or 13 after cleaning)
The Atlantis Gene,A.G. Riddle (Goodreads Author),,,Invalid Length (not 10 or 13 after cleaning)
Guardian,"Alex London, C. Alexander London (Pseudonym)",'B00FX7ULA4,0074,Invalid Length (not 10 or 13 after cleaning)
The Way of the Dragon,Chris Bradford (Goodreads Author),,,Invalid Length (not 10 or 13 after cleaning)
"The Year I Turned 25: A Memoir About Sex, Anxiety and a Dog Named She-Devil",Raquel Fletcher (Goodreads Author),'B01MUF1OW4,0114,Invalid Length (not 10 or 13 after cleaning)
"Love, Lucy",Lucille Ball,,,Invalid Length (not 10 or 13 after cleaning)
Special Forces - Soldiers,"Aleksandr Voinov (Goodreads Author), Marquesate (Goodreads Author), Vashtan",,,Invalid Length (not 10 or 13 after cleaning)
"I, Zombie",Hugh Howey (Goodreads Author),'B008PIHXS6,0086,Invalid Length (not 10 or 13 after cleaning)
Eternal Eden,Nicole Williams (Goodreads Author),'B004SI455Q,004455,Invalid Length (not 10 or 13 after cleaning)
The Blacksmith's Son,Michael G. Manning (Goodreads Author),,,Invalid Length (not 10 or 13 after cleaning)
The Rainy Day Man: espionage Thriller (Suspense and Political Mystery Book 1),"Amnon Jackont (Goodreads Author), Dorothea Shefer-Vanson (Goodreads Author) (Translator)",'B00IWN7X4I,0074,Invalid Length (not 10 or 13 after cleaning)
Broken,Sasha Marshall (Goodreads Author),'B07DK6S1FS,0761,Invalid Length (not 10 or 13 after cleaning)
Something Real,Heather Demetrios (Goodreads Author),'B00E718YEC,00718,Invalid Length (not 10 or 13 after cleaning)
Redemption,Erica Stevens (Goodreads Author),'B00JS9WHFU,009,Invalid Length (not 10 or 13 after cleaning)
Get Me,Jillian Dodd (Goodreads Author),,,Invalid Length (not 10 or 13 after cleaning)
To Russia With Love,"Chris Almeida (Goodreads Author), Cecilia Aubrey (Goodreads Author)",,,Invalid Length (not 10 or 13 after cleaning)
The Complete Oz,L. Frank Baum,'B003TU29GQ,00329,Invalid Length (not 10 or 13 after cleaning)
Fractured,Dani Atkins (Goodreads Author),'B00B3JKHZA,003,Invalid Length (not 10 or 13 after cleaning)
Mordacious,Sarah Lyons Fleming (Goodreads Author),'B01GPUI2SK,012,Invalid Length (not 10 or 13 after cleaning)
Stand,A.L. Jackson (Goodreads Author),'B0728FSMM9,07289,Invalid Length (not 10 or 13 after cleaning)
Roma 40 D.C. – Destino de Amor,Adele Vieri Castellano (Goodreads Author),'B00L1RIYYK,001,Invalid Length (not 10 or 13 after cleaning)
The Vintage Coat,Chris Turnbull (Goodreads Author),'B00U6RH6ZO,0066,Invalid Length (not 10 or 13 after cleaning)
A Companion Workbook to What the Torah Teaches Us About Survival,Laura Weakley (Goodreads Author),'B004G5ZTGK,0045,Invalid Length (not 10 or 13 after cleaning)
Ted and Raymond's Sea Adventure,Rhonda Patton (Goodreads Author),,,Invalid Length (not 10 or 13 after cleaning)
Filthy Beautiful Lies,Kendall Ryan (Goodreads Author),,,Invalid Length (not 10 or 13 after cleaning)
Daredevil: Born Again,"Frank Miller, David Mazzucchelli (Illustrator)",,,Invalid Length (not 10 or 13 after cleaning)
Stray,Andrea K. Höst (Goodreads Author),'B004T3A518,0043518,Invalid Length (not 10 or 13 after cleaning)
The Earth Dwellers,David Estes (Goodreads Author),,,Invalid Length (not 10 or 13 after cleaning)
Hyde,Lauren Stewart (Goodreads Author),,,Invalid Length (not 10 or 13 after cleaning)
Terminal,"Kathy Reichs (Goodreads Author), Brendan Reichs (Goodreads Author)",,,Invalid Length (not 10 or 13 after cleaning)
The Love That Split the World,Emily Henry (Goodreads Author),'B015NTIXS8,0158,Invalid Length (not 10 or 13 after cleaning)
The Helicopter Pilot,Darcy Hoover (Goodreads Author),'B079C6PY2C,07962,Invalid Length (not 10 or 13 after cleaning)
Gentle Rogue,Johanna Lindsey,,,Invalid Length (not 10 or 13 after cleaning)
Lace,Shirley Conran,,,Invalid Length (not 10 or 13 after cleaning)
Chocolicious,Geraldine Solon (Goodreads Author),'B005BVZK0S,0050,Invalid Length (not 10 or 13 after cleaning)
Camille,Tess Oliver (Goodreads Author),'B003V8BHPK,0038,Invalid Length (not 10 or 13 after cleaning)
Iron's Prophecy,Julie Kagawa (Goodreads Author),'B0088NH1VC,00881,Invalid Length (not 10 or 13 after cleaning)
The End,Mark Tufo (Goodreads Author),,,Invalid Length (not 10 or 13 after cleaning)
Bitter Sweet Love,Jennifer L. Armentrout (Goodreads Author),'B00DPAFPQG,00,Invalid Length (not 10 or 13 after cleaning)
Dangerous Boys,"Abigail Haas (Pseudonym), AbMcDonald (Goodreads Author)",'B00EMC5JJ4,0054,Invalid Length (not 10 or 13 after cleaning)
Never Been Kissed,C.M. Kars (Goodreads Author),'B00K6KBKEY,006,Invalid Length (not 10 or 13 after cleaning)
The Traitor's Kiss,Erin Beaty (Goodreads Author),'B01KFX64VK,0164,Invalid Length (not 10 or 13 after cleaning)
Der Winter erwacht,"C.L. Wilson (Goodreads Author), Anita Nirschl (Translator)",'B00PY1MFXU,001,Invalid Length (not 10 or 13 after cleaning)
The Magnolia Story,"Chip Gaines, Joanna Gaines",,,Invalid Length (not 10 or 13 after cleaning)
Exhalation: Stories,Ted Chiang,,,Invalid Length (not 10 or 13 after cleaning)
Magic Hour,Kristin Hannah (Goodreads Author),,,Invalid Length (not 10 or 13 after cleaning)
Love Letters,Geraldine Solon (Goodreads Author),'B004IE9YA6,00496,Invalid Length (not 10 or 13 after cleaning)
Moonglow,Kristen Callihan (Goodreads Author),'B006FLRDPS,006,Invalid Length (not 10 or 13 after cleaning)
The End Has Come and Gone,Mark Tufo (Goodreads Author),,,Invalid Length (not 10 or 13 after cleaning)
Alive In A Dead World,Mark Tufo (Goodreads Author),,,Invalid Length (not 10 or 13 after cleaning)
Taking Shots,Toni Aleo (Goodreads Author),,,Invalid Length (not 10 or 13 after cleaning)
African Safari with Ted and Raymond,Rhonda Patton (Goodreads Author),,,Invalid Length (not 10 or 13 after cleaning)
Torment of Shadows,Chelsea Luna (Goodreads Author),'B00IRBXKHE,00,Invalid Length (not 10 or 13 after cleaning)
The Art of Life,Sarah Kay Carter (Goodreads Author),'B00CCH4YMO,004,Invalid Length (not 10 or 13 after cleaning)
The Starbirth Assignment: Transmutes,J.M. Johnson (Goodreads Author),'B006TWGORQ,006,Invalid Length (not 10 or 13 after cleaning)
Time's Edge,Rysa Walker (Goodreads Author),'B00K2GMMKI,002,Invalid Length (not 10 or 13 after cleaning)
Time's Divide,Rysa Walker (Goodreads Author),'B00WL6QGGS,006,Invalid Length (not 10 or 13 after cleaning)
The Wrong Side of Right,Jenn Marie Thorne (Goodreads Author),'B00KWG63F8,00638,Invalid Length (not 10 or 13 after cleaning)
The Teacher,Katerina Diamond (Goodreads Author),'B017N7914I,0177914,Invalid Length (not 10 or 13 after cleaning)
Tied,Carian Cole (Goodreads Author),'B0738QG8SQ,07388,Invalid Length (not 10 or 13 after cleaning)
In the Dark,Loreth Anne White (Goodreads Author),'B07PSFHQPG,07,Invalid Length (not 10 or 13 after cleaning)
The Spell,Heather Killough-Walden (Goodreads Author),'B004RPSH0O,0040,Invalid Length (not 10 or 13 after cleaning)
Unholy Night,Seth Grahame-Smith,'B005SCR5R6,00556,Invalid Length (not 10 or 13 after cleaning)
A Plague Upon Your Family,Mark Tufo (Goodreads Author),,,Invalid Length (not 10 or 13 after cleaning)
Feel the Fear,Lauren Child,'B00JD3PRBM,003,Invalid Length (not 10 or 13 after cleaning)
Vanquish,Pam Godwin (Goodreads Author),,,Invalid Length (not 10 or 13 after cleaning)
If I Break,Portia Moore (Goodreads Author),,,Invalid Length (not 10 or 13 after cleaning)
The Alternate Ending,M.J. Thompson (Goodreads Author),'B00MYA8CEU,008,Invalid Length (not 10 or 13 after cleaning)
Blink and You Die,Lauren Child,'B01D4KPTZI,014,Invalid Length (not 10 or 13 after cleaning)
Catch Your Death,Lauren Child,,,Invalid Length (not 10 or 13 after cleaning)
The Silver Eyes,"Scott Cawthon, Kira Breed-Wrisley",'B019HC4EQ2,01942,Invalid Length (not 10 or 13 after cleaning)
THE YOGA WITH NO PANTS: Super Indy-The Last Half,Alex Letner,'B01BHCFRV6,016,Invalid Length (not 10 or 13 after cleaning)
Love in the Victory Garden,Cece Whittaker (Goodreads Author),,,Invalid Length (not 10 or 13 after cleaning)
Crossing Tinker's Knob,Inglath Cooper (Goodreads Author),,,Invalid Length (not 10 or 13 after cleaning)
The Mill River Recluse,Darcie Chan (Goodreads Author),'B0051PRFLQ,0051,Invalid Length (not 10 or 13 after cleaning)
Little Girl Gone,Brett Battles (Goodreads Author),'B004TGUUVA,004,Invalid Length (not 10 or 13 after cleaning)
The Rocker That Savors Me,Terri Anne Browning,'B00CKHW04A,0004,Invalid Length (not 10 or 13 after cleaning)
Bound to You: Volume 2,Vanessa Booke (Goodreads Author),,,Invalid Length (not 10 or 13 after cleaning)
Control,C.D. Reiss (Goodreads Author),'B00CPG23TI,0023,Invalid Length (not 10 or 13 after cleaning)
The Probability of Violet & Luke,Jessica Sorensen (Goodreads Author),'B00IMPIO4E,004,Invalid Length (not 10 or 13 after cleaning)
The Certainty of Violet & Luke,Jessica Sorensen (Goodreads Author),,,Invalid Length (not 10 or 13 after cleaning)
Hinter der Finsternis,Mona Kasten (Goodreads Author),'B00OJ69KXY,0069,Invalid Length (not 10 or 13 after cleaning)
"The Valentine Date: Long Distance, Billionaires and Former Bad Boy's Collection","Ashley Winters (Goodreads Author), Mel Ryle (Goodreads Author), N.K. Pockett (Goodreads Author)",'B01BS4ZAEM,014,Invalid Length (not 10 or 13 after cleaning)
Oblivion,Jennifer L. Armentrout (Goodreads Author),,,Invalid Length (not 10 or 13 after cleaning)
Raspberry Danish Murder,Joanne Fluke (Goodreads Author),'B071SK3STR,0713,Invalid Length (not 10 or 13 after cleaning)
Reign of Shadows,Sophie Jordan (Goodreads Author),'B00XU6RUBS,006,Invalid Length (not 10 or 13 after cleaning)
The Off-Beat Cinder Ella: who wants her shoe back...without the Prince (upside-down fairy tales Book 1),"Anne Murray, T.K. Diem Nguyen (Illustrator)",'B082C7G9H6,082796,Invalid Length (not 10 or 13 after cleaning)
Kitchen Affairs,Brooke Cumberland (Goodreads Author),'B00BU7LDHQ,007,Invalid Length (not 10 or 13 after cleaning)
The Training,Tara Sue Me (Goodreads Author),,,Invalid Length (not 10 or 13 after cleaning)
Taint,S.L. Jennings (Goodreads Author),'B00KFUJX58,0058,Invalid Length (not 10 or 13 after cleaning)
Beautifully Broken,Portia Moore (Goodreads Author),,,Invalid Length (not 10 or 13 after cleaning)
Before I Break,Portia Moore (Goodreads Author),,,Invalid Length (not 10 or 13 after cleaning)
Harry Potter: A History of Magic,"British Library, J.K. Rowling, Julian Harrison (Introduction), Julia Eccleshare (Contributor), Roger Highfield (Contributor), Anna Pavord (Contributor), Lucy Mangan (Contributor), Tim Peake (Contributor), more…",,,Invalid Length (not 10 or 13 after cleaning)
Tidal Mist,Honor Donohoe (Goodreads Author),'B07CJTSW8J,078,Invalid Length (not 10 or 13 after cleaning)
Fallen Heir,Erin Watt (Goodreads Author),,,Invalid Length (not 10 or 13 after cleaning)
Mirror Mirror,"Cara Delevingne, Rowan Coleman (Goodreads Author)",'B06WP2RFPP,062,Invalid Length (not 10 or 13 after cleaning)
Princess of the Damned,Dahlia Lu,'B007KAUTRM,007,Invalid Length (not 10 or 13 after cleaning)
Skinhead... The Life I Chose: Memoirs of a Real Skin,Spike Pitt (Illustrator),'B00R734W16,0073416,Invalid Length (not 10 or 13 after cleaning)
The Scar (A Faking Delinquency bonus chapter),Ashley Winters (Goodreads Author),'B018FCG4HW,0184,Invalid Length (not 10 or 13 after cleaning)
Dawn Study,Maria V. Snyder (Goodreads Author),'B01HB7N984,017984,Invalid Length (not 10 or 13 after cleaning)
I'd rather Starve than Cook!,Lisa M. Orban (Goodreads Author),'B076YKT2MQ,0762,Invalid Length (not 10 or 13 after cleaning)
Yoga Time,Alex Letner,'B01A3SL1KG,0131,Invalid Length (not 10 or 13 after cleaning)
Opposite of Always,Justin A. Reynolds (Goodreads Author),'B078GLLDPP,078,Invalid Length (not 10 or 13 after cleaning)
Cracked Kingdom,Erin Watt (Goodreads Author),,,Invalid Length (not 10 or 13 after cleaning)
Dead Ball (Deadly Sports Mysteries),Michael Balkind (Goodreads Author),'B003WMA738,003738,Invalid Length (not 10 or 13 after cleaning)
Living with the Bad Boy,Sharlay (Goodreads Author),,,Invalid Length (not 10 or 13 after cleaning)
Saving Mars,Cidney Swanson (Goodreads Author),,,Invalid Length (not 10 or 13 after cleaning)
Still Jaded,Tijan (Goodreads Author),'B00CI95LLY,0095,Invalid Length (not 10 or 13 after cleaning)
Bound to You: Volume 1,Vanessa Booke (Goodreads Author),,,Invalid Length (not 10 or 13 after cleaning)
The Dominant,Tara Sue Me (Goodreads Author),,,Invalid Length (not 10 or 13 after cleaning)
53 Letters for My Lover,Leylah Attar (Goodreads Author),'B00KZQ2SPO,002,Invalid Length (not 10 or 13 after cleaning)
The Fixed Trilogy,Laurelin Paige (Goodreads Author),'B00IX9UTLU,009,Invalid Length (not 10 or 13 after cleaning)
Fear Us,B.B. Reid (Goodreads Author),,,Invalid Length (not 10 or 13 after cleaning)
On Tour,Zoe Sugg,,,Invalid Length (not 10 or 13 after cleaning)
How to Build a Girl,Caitlin Moran,,,Invalid Length (not 10 or 13 after cleaning)
Falling Away,"Penelope Douglas (Goodreads Author), Nelson Hobbs (Narrator), AbCraden (Narrator)",'B00KWG5TVM,005,Invalid Length (not 10 or 13 after cleaning)
Dom Wars: Round Three,Lucian Bane (Goodreads Author),'B00JMF2RPU,002,Invalid Length (not 10 or 13 after cleaning)
Turbulence,Whitney G. (Goodreads Author),,,Invalid Length (not 10 or 13 after cleaning)
The Secret of Ventriloquism,Jon Padgett (Goodreads Author),'B01N0YB19V,01019,Invalid Length (not 10 or 13 after cleaning)
Pretty Girls Dancing,Kylie Brant,,,Invalid Length (not 10 or 13 after cleaning)
Breakthrough,Michael C. Grumley (Goodreads Author),'B00BVFM04C,0004,Invalid Length (not 10 or 13 after cleaning)
Hate Notes,"Vi Keeland (Goodreads Author), Penelope Ward (Goodreads Author)",'B079TPGJJS,079,Invalid Length (not 10 or 13 after cleaning)
The Poison Jungle,Tui T. Sutherland,'B07HPCLJL6,076,Invalid Length (not 10 or 13 after cleaning)
The Boat Builder's Bed,Kris Pearson (Goodreads Author),,,Invalid Length (not 10 or 13 after cleaning)
Titan,John Varley,,,Invalid Length (not 10 or 13 after cleaning)
The Knight of the Rose,Angela M. Hudson (Goodreads Author),'B007Q0HS9S,00709,Invalid Length (not 10 or 13 after cleaning)
The Dark God's Bride Trilogy,"Dahlia Lu, Dahlia L. Summers (Goodreads Author)",,,Invalid Length (not 10 or 13 after cleaning)
Insanity,Lauren Hammond (Goodreads Author),'B008173I62,00817362,Invalid Length (not 10 or 13 after cleaning)
Surrender,Pamela Clare (Goodreads Author),,,Invalid Length (not 10 or 13 after cleaning)
Roomies,Lindy Zart (Goodreads Author),'B00PXNXK5G,005,Invalid Length (not 10 or 13 after cleaning)
Broken Pieces,Riley Hart (Goodreads Author),,,Invalid Length (not 10 or 13 after cleaning)
Corps Security: The Series,Harper Sloan (Goodreads Author),'B00RSL6G2K,0062,Invalid Length (not 10 or 13 after cleaning)
Better off Friends,Elizabeth Eulberg (Goodreads Author),'B00ESIVZF4,004,Invalid Length (not 10 or 13 after cleaning)
Conclave,Robert Harris (Goodreads Author),'B01AND3ILG,013,Invalid Length (not 10 or 13 after cleaning)
More Than Enough,Jay McLean (Goodreads Author),'B017O6EWFQ,0176,Invalid Length (not 10 or 13 after cleaning)
The Doors of Perception,Aldous Huxley,,,Invalid Length (not 10 or 13 after cleaning)
Torn,Carian Cole (Goodreads Author),'B01L7NNS5W,0175,Invalid Length (not 10 or 13 after cleaning)
Desecrating Solomon II,Lucian Bane (Goodreads Author),,,Invalid Length (not 10 or 13 after cleaning)
The Renfield Syndrome,J.A. Saare (Goodreads Author),'B005IEIJY2,0052,Invalid Length (not 10 or 13 after cleaning)
Tributary,Lisa Tawn Bergren (Goodreads Author),'B008A36RVK,00836,Invalid Length (not 10 or 13 after cleaning)
عيناك قدري,غادة السمان (Goodreads Author),,,Invalid Length (not 10 or 13 after cleaning)
Fashionably Dead,Robyn Peterman (Goodreads Author),'B00EYMXM2I,002,Invalid Length (not 10 or 13 after cleaning)
The Final Formula,Becca Andre (Goodreads Author),,,Invalid Length (not 10 or 13 after cleaning)
Dom Wars: Round 1 & 2,Lucian Bane (Goodreads Author),'B00K0YBVIG,000,Invalid Length (not 10 or 13 after cleaning)
Pale Kings and Princes,"Cassandra Clare (Goodreads Author), Robin Wasserman (Goodreads Author)",,,Invalid Length (not 10 or 13 after cleaning)
The White Princess,Philippa Gregory (Goodreads Author),'B00A285OOW,00285,Invalid Length (not 10 or 13 after cleaning)
The Golden Sword,Janet E. Morris (Goodreads Author),'B01FCMA7LM,017,Invalid Length (not 10 or 13 after cleaning)
Fifty-one Shades: A Parody (First Three Chapters),Andrew Shaffer (Goodreads Author),,,Invalid Length (not 10 or 13 after cleaning)
Rival Demons,Sarra Cannon (Goodreads Author),'B006ZT0IIE,0060,Invalid Length (not 10 or 13 after cleaning)
All He Desires,C.C. Gibbs (Goodreads Author),,,Invalid Length (not 10 or 13 after cleaning)
Life Before Legend,Marie Lu (Goodreads Author),'B009KUWWD4,0094,Invalid Length (not 10 or 13 after cleaning)
Dom Wars: Round 3 & 4,Lucian Bane (Goodreads Author),'B00L3X6L9C,00369,Invalid Length (not 10 or 13 after cleaning)
2005 - Thanks for the Vodka,"Harpie, Karl Wiggins (Goodreads Author)",'B01I2A0EI2,01202,Invalid Length (not 10 or 13 after cleaning)
The Fortunate Ones,R.S. Grey (Goodreads Author),'B076X5XB45,076545,Invalid Length (not 10 or 13 after cleaning)
Kolbe (Geschichte erleben mit Spannung),Andreas Kollender,'B0114PL5OO,01145,Invalid Length (not 10 or 13 after cleaning)
Tears of the Silenced: A True Crime and an American Tragedy; Severe Child Abuse and Leaving the Amish,Misty Griffin (Goodreads Author),,,Invalid Length (not 10 or 13 after cleaning)
The Interludes: A Sexual Odyssey,J.K. Duval (Goodreads Author),'B07418RMT7,074187,Invalid Length (not 10 or 13 after cleaning)
All We Ever Wanted,Emily Giffin (Goodreads Author),'B07639D2G9,0763929,Invalid Length (not 10 or 13 after cleaning)
I Was Born for This,Alice Oseman (Goodreads Author),'B01NC01XAZ,0101,Invalid Length (not 10 or 13 after cleaning)
Found,Sarah Prineas (Goodreads Author),,,Invalid Length (not 10 or 13 after cleaning)
Deadly Little Voices,Laurie Faria Stolarz (Goodreads Author),,,Invalid Length (not 10 or 13 after cleaning)
The Impact of You,Kendall Ryan (Goodreads Author),'B00D9EX4XO,0094,Invalid Length (not 10 or 13 after cleaning)
Unchained - Nephilim Rising,"J. Lynn, Jennifer L. Armentrout (Goodreads Author)",'B00BMKRL86,0086,Invalid Length (not 10 or 13 after cleaning)
Dom Wars: Round Five,Lucian Bane (Goodreads Author),'B00KZMICVW,00,Invalid Length (not 10 or 13 after cleaning)
Cuts Like An Angel,"Mason Sabre (Goodreads Author), Lucian Bane (Goodreads Author)",'B01I8J2YRG,0182,Invalid Length (not 10 or 13 after cleaning)
I Can Be a Better You,Tarryn Fisher (Goodreads Author),'B01N7LNCZQ,017,Invalid Length (not 10 or 13 after cleaning)
Prisoners in Paradise,"Kathryn Braund (Goodreads Author), Margaret Dominy (Illustrator)",,,Invalid Length (not 10 or 13 after cleaning)
Sixpence House: Lost in a Town of Books,Paul Collins (Goodreads Author),,,Invalid Length (not 10 or 13 after cleaning)
"Blood, Body and Mind",Kathi S. Barton (Goodreads Author),'B0052AI36Q,005236,Invalid Length (not 10 or 13 after cleaning)
Monster,Francette Phal,,,Invalid Length (not 10 or 13 after cleaning)
Blackwater: The Complete Caskey Family Saga,"Michael McDowell, John Langan (Introduction)",'B00N4LD4OG,0044,Invalid Length (not 10 or 13 after cleaning)
Crimson Bound,Rosamund Hodge (Goodreads Author),'B00MMENBPS,00,Invalid Length (not 10 or 13 after cleaning)
How to Run with a Naked Werewolf,Molly Harper (Goodreads Author),'B00BSBR0BC,000,Invalid Length (not 10 or 13 after cleaning)
The Killing Kind,John Connolly (Goodreads Author),,,Invalid Length (not 10 or 13 after cleaning)
Screaming in the Silence,Lydia Kelly,'B0049B30O4,0049304,Invalid Length (not 10 or 13 after cleaning)
The Last Defender of Camelot,"Roger Zelazny, Robert Silverberg (Selected by)",,,Invalid Length (not 10 or 13 after cleaning)
The Ballad of Aramei,J.A. Redmerski (Goodreads Author),'B00A9WGTT0,0090,Invalid Length (not 10 or 13 after cleaning)
"Rashed, My Friend","Muhammed Zafar Iqbal, Yeshim Iqbal (Translator)",,,Invalid Length (not 10 or 13 after cleaning)
Illuminate,Aimee Agresti (Goodreads Author),'B005MZN27G,00527,Invalid Length (not 10 or 13 after cleaning)
Stuck-Up Suit,"Vi Keeland (Goodreads Author), Penelope Ward (Goodreads Author)",,,Invalid Length (not 10 or 13 after cleaning)
Friend Request,Laura Marshall,'B01N6MTWYC,016,Invalid Length (not 10 or 13 after cleaning)
Salt,Nayyirah Waheed (Goodreads Author),,,Invalid Length (not 10 or 13 after cleaning)
Bittersweet Moments,Dori Lavelle (Goodreads Author),,,Invalid Length (not 10 or 13 after cleaning)
The Untouchables,J.J. McAvoy,'B00OTYZ3LY,003,Invalid Length (not 10 or 13 after cleaning)
Love's Suicide,Jennifer Foor (Goodreads Author),,,Invalid Length (not 10 or 13 after cleaning)
Reawakened,Colleen Houck (Goodreads Author),,,Invalid Length (not 10 or 13 after cleaning)
Updraft,Fran Wilde (Goodreads Author),,,Invalid Length (not 10 or 13 after cleaning)
Last Song Before Night,Ilana C. Myer (Goodreads Author),,,Invalid Length (not 10 or 13 after cleaning)
Pucked Over,Helena Hunting (Goodreads Author),,,Invalid Length (not 10 or 13 after cleaning)
The Vixen and the Vet,Katy Regnery (Goodreads Author),,,Invalid Length (not 10 or 13 after cleaning)
Insincerity,Richard Godwin (Goodreads Author),,,Invalid Length (not 10 or 13 after cleaning)
Wrong Planet - Searching for your Tribe,Karl Wiggins (Goodreads Author),'B07HQN7KRC,077,Invalid Length (not 10 or 13 after cleaning)
Spin the Dawn,Elizabeth Lim (Goodreads Author),,,Invalid Length (not 10 or 13 after cleaning)
Smitten,Lacey Weatherford (Goodreads Author),'B00DJSQYJQ,00,Invalid Length (not 10 or 13 after cleaning)
Legend of the Sword,Michael R. Hicks (Goodreads Author),'B00394DSZS,00394,Invalid Length (not 10 or 13 after cleaning)
Encontrando a Silvia,Elísabet Benavent,'B00KMCJPNY,00,Invalid Length (not 10 or 13 after cleaning)
Paladin,Sally Slater (Goodreads Author),'B00WL64DLI,0064,Invalid Length (not 10 or 13 after cleaning)
Sam: The Cat Without a Tail,"Gloria Lintermans (Goodreads Author), Kristina Tosic (Illustrator)",'B0727S29LP,072729,Invalid Length (not 10 or 13 after cleaning)
Betsy in Spite of Herself,"Maud Hart Lovelace, Vera Neville (Illustrator)",,,Invalid Length (not 10 or 13 after cleaning)
Revelations,Genevieve Pearson (Goodreads Author),'B006KGVNVI,006,Invalid Length (not 10 or 13 after cleaning)
Réminiscences,Georgia Caldera,'B005LUW6Y2,00562,Invalid Length (not 10 or 13 after cleaning)
The White Disease,"Karel Čapek, Michael Henry Heim (Translator)",,,Invalid Length (not 10 or 13 after cleaning)
Too Late,Colleen Hoover (Goodreads Author),,,Invalid Length (not 10 or 13 after cleaning)
The Wright Brothers,David McCullough,,,Invalid Length (not 10 or 13 after cleaning)
Touched,"Elisa S. Amore (Goodreads Author), Leah Janeczko (Translator)",,,Invalid Length (not 10 or 13 after cleaning)
Unfaithful,"Elisa S. Amore (Goodreads Author), Leah Janeczko (Translator)",,,Invalid Length (not 10 or 13 after cleaning)
Need to Know,Karen Cleveland (Goodreads Author),'B07257N5WW,072575,Invalid Length (not 10 or 13 after cleaning)
Matt: the Beginning,Viveca Benoir (Goodreads Author),'B00U418QRY,00418,Invalid Length (not 10 or 13 after cleaning)
Running Scarred,Jackie Williams (Goodreads Author),,,Invalid Length (not 10 or 13 after cleaning)
Persiguiendo a Silvia,Elísabet Benavent,'B00K6J8NAY,0068,Invalid Length (not 10 or 13 after cleaning)
Silent Pantheon,Eric Nierstedt (Goodreads Author),'B07TRJYYRT,07,Invalid Length (not 10 or 13 after cleaning)
The Person Controller,"David Baddiel, Jim Field (Illustrator)",'B00XH88B4E,00884,Invalid Length (not 10 or 13 after cleaning)
Chasers,James Phelan (Goodreads Author),,,Invalid Length (not 10 or 13 after cleaning)
Awry,Chelsea Fine (Goodreads Author),'B008AEDOA6,0086,Invalid Length (not 10 or 13 after cleaning)
Ruin Box Set 1-3,Lucian Bane (Goodreads Author),'B00Q9Y38KK,00938,Invalid Length (not 10 or 13 after cleaning)
The Evil We Love,"Cassandra Clare (Goodreads Author), Robin Wasserman (Goodreads Author), Chris Wood (Narrator)",,,Invalid Length (not 10 or 13 after cleaning)
I Am Princess X,Cherie Priest (Goodreads Author),'B00OU4Y5YY,0045,Invalid Length (not 10 or 13 after cleaning)
Heaven and Hell,Kristen Ashley (Goodreads Author),'B006R6JVH4,00664,Invalid Length (not 10 or 13 after cleaning)
Psalms,Anonymous,'B006T5NKWA,0065,Invalid Length (not 10 or 13 after cleaning)
Bourne,Lisa Tawn Bergren (Goodreads Author),'B007E4RWSI,0074,Invalid Length (not 10 or 13 after cleaning)
Brokenhearted,"Elisa S. Amore (Goodreads Author), Leah Janeczko (Translator)",,,Invalid Length (not 10 or 13 after cleaning)
The Blackthorn Key,Kevin Sands (Goodreads Author),,,Invalid Length (not 10 or 13 after cleaning)
The Innocent,Ian McEwan,,,Invalid Length (not 10 or 13 after cleaning)
Who He Is,"S.Q. Williams, Shanora Williams (Goodreads Author)",'B00E09DJYG,0009,Invalid Length (not 10 or 13 after cleaning)
Torn from You,Nashoda Rose (Goodreads Author),,,Invalid Length (not 10 or 13 after cleaning)
My Protector,Alanea Alder (Goodreads Author),'B00Q6UAE2C,0062,Invalid Length (not 10 or 13 after cleaning)
More Than Her,Jay McLean (Goodreads Author),,,Invalid Length (not 10 or 13 after cleaning)
The Heartbreakers,Ali Novak (Goodreads Author),'B00UTWFVDK,00,Invalid Length (not 10 or 13 after cleaning)
Unlocked,Shannon Messenger (Goodreads Author),'B084VVPDZW,084,Invalid Length (not 10 or 13 after cleaning)
Dead Is Not An Option,Marlene Perez (Goodreads Author),,,Invalid Length (not 10 or 13 after cleaning)
The Last Werewolf,Glen Duncan,'B004G60FUY,00460,Invalid Length (not 10 or 13 after cleaning)
Bound by Honor,Cora Reilly (Goodreads Author),,,Invalid Length (not 10 or 13 after cleaning)
Sufficiently Advanced Magic,Andrew Rowe (Goodreads Author),'B06XBFD7CB,067,Invalid Length (not 10 or 13 after cleaning)
Everyone's a Aliebn When Ur a Aliebn Too,"Jomny Sun, Jonny Sun (Goodreads Author)",,,Invalid Length (not 10 or 13 after cleaning)
Welcome to the Underworld,Con Template (Goodreads Author),'B00ALT9R8G,0098,Invalid Length (not 10 or 13 after cleaning)
In the Stillness,Andrea Randall (Goodreads Author),'B00CB24VS2,00242,Invalid Length (not 10 or 13 after cleaning)
"Eyes of Silver, Eyes of Gold",Ellen O'Connell (Goodreads Author),'B003GDJOFU,003,Invalid Length (not 10 or 13 after cleaning)
The Initiate,Veronica Roth (Goodreads Author),'B00DG26170,0026170,Invalid Length (not 10 or 13 after cleaning)
Deep,Kylie Scott (Goodreads Author),'B00JCX1RJE,001,Invalid Length (not 10 or 13 after cleaning)
Who We Are,T.J. Klune (Goodreads Author),,,Invalid Length (not 10 or 13 after cleaning)
The Glory of Christ,John Owen,,,Invalid Length (not 10 or 13 after cleaning)
Thank You for Being Late: An Optimist's Guide to Thriving in the Age of Accelerations,Thomas L. Friedman,,,Invalid Length (not 10 or 13 after cleaning)
If I'm Being Honest,"Emily Wibberley (Goodreads Author), Austin Siegemund-Broka (Goodreads Author)",,,Invalid Length (not 10 or 13 after cleaning)
Comme un roman,Daniel Pennac,,,Invalid Length (not 10 or 13 after cleaning)
Glengarry Glen Ross,David Mamet,,,Invalid Length (not 10 or 13 after cleaning)
Fear of Flying,Erica Jong,,,Invalid Length (not 10 or 13 after cleaning)
Mythic,Jae Lynne Davies (Goodreads Author),'B00BDVU2QW,002,Invalid Length (not 10 or 13 after cleaning)
Pandora's Box,Gracen Miller,'B005HRSZRG,005,Invalid Length (not 10 or 13 after cleaning)
All The Wrong Reasons,J.L. Paul (Goodreads Author),'B004PGNENK,004,Invalid Length (not 10 or 13 after cleaning)
The Warlord Wants Forever,Kresley Cole (Goodreads Author),,,Invalid Length (not 10 or 13 after cleaning)
Captured,"Jasinda Wilder (Goodreads Author), Jack Wilder (Goodreads Author)",'B00M0ZN7JY,0007,Invalid Length (not 10 or 13 after cleaning)
Be My Hero,Linda Kage (Goodreads Author),,,Invalid Length (not 10 or 13 after cleaning)
A Day To Remember: The Best Thing for Me Sequel,L. Jackson (Goodreads Author),'B00OC7A0RU,0070,Invalid Length (not 10 or 13 after cleaning)
Tunnel of Bones,Victoria Schwab (Goodreads Author),,,Invalid Length (not 10 or 13 after cleaning)
3 by Flannery O'Connor: The Violent Bear It Away / Everything That Rises Must Converge / Wise Blood,"Flannery O'Connor, Sally Fitzgerald (Introduction)",,,Invalid Length (not 10 or 13 after cleaning)
Alpha & Omega,Patricia Briggs,'B001IZC3LU,0013,Invalid Length (not 10 or 13 after cleaning)
A Clean Kill in Tokyo,Barry Eisler (Goodreads Author),'B00BC8SPVK,008,Invalid Length (not 10 or 13 after cleaning)
Art & Soul,Brittainy C. Cherry (Goodreads Author),,,Invalid Length (not 10 or 13 after cleaning)
Boy Nobody,Allen Zadoff (Goodreads Author),'B00A2CP6P0,00260,Invalid Length (not 10 or 13 after cleaning)
My Healer,Alanea Alder (Goodreads Author),'B00RHCWXO0,000,Invalid Length (not 10 or 13 after cleaning)
The Key,Marianne Curley (Goodreads Author),,,Invalid Length (not 10 or 13 after cleaning)
Cosmétique de l'ennemi,Amélie Nothomb,,,Invalid Length (not 10 or 13 after cleaning)
Ferus,T.M. Nielsen,'B004HB22G8,004228,Invalid Length (not 10 or 13 after cleaning)
"The Masks of God, Volume 4: Creative Mythology",Joseph Campbell,,,Invalid Length (not 10 or 13 after cleaning)
A Moment,"Marie Hall (Goodreads Author), Anne Victory (Editor)",'B00BTN2DSY,002,Invalid Length (not 10 or 13 after cleaning)
The Voicemail of Magnus Bane,"Cassandra Clare (Goodreads Author), Sarah Rees Brennan (Goodreads Author), Maureen Johnson (Goodreads Author)",,,Invalid Length (not 10 or 13 after cleaning)
Midsummer's Magic,Emmie Lou Kates (Goodreads Author),,,Invalid Length (not 10 or 13 after cleaning)
The Fundamentals of Long Distance Relationship: Things You Need to Know About Long Distance Relationships (LDR) and Tips How to Make it Work,Lisa Daniel,'B07D6LZ16Z,07616,Invalid Length (not 10 or 13 after cleaning)
Bonfire,Krysten Ritter (Goodreads Author),'B01NB1EOJ6,0116,Invalid Length (not 10 or 13 after cleaning)
Arcana Rising,Kresley Cole (Goodreads Author),'B01G4U2JCG,0142,Invalid Length (not 10 or 13 after cleaning)
The Top 500 Poems,"William Harmon (Editor), William Shakespeare (Contributor), Robert Frost (Contributor), William Blake (Contributor), Thomas Hardy (Contributor), Chidiock Tichborne (Contributor), John Keats (Contributor), Walt Whitman (Contributor), more…",,,Invalid Length (not 10 or 13 after cleaning)
The Brutal Telling,Louise Penny (Goodreads Author),,,Invalid Length (not 10 or 13 after cleaning)
Equites,T.M. Nielsen,'B004APA5ZG,0045,Invalid Length (not 10 or 13 after cleaning)
Eternity of Vengeance,T.M. Nielsen,'B004KZP0CE,0040,Invalid Length (not 10 or 13 after cleaning)
My Boyfriend Merlin,Priya Ardis (Goodreads Author),,,Invalid Length (not 10 or 13 after cleaning)
The Whitechapel Fiend,"Cassandra Clare (Goodreads Author), Maureen Johnson (Goodreads Author), Luke Pasqualino (Narrator)",,,Invalid Length (not 10 or 13 after cleaning)
Dark Whispers,Bruce Coville,,,Invalid Length (not 10 or 13 after cleaning)
Proditor,T.M. Nielsen,'B004EEOHTS,004,Invalid Length (not 10 or 13 after cleaning)
The Kid Who Came From Space,Ross Welford,'B07SRR5663,075663,Invalid Length (not 10 or 13 after cleaning)
"King, Queen, Knave","Vladimir Nabokov, Dmitri Nabokov (Translator)",,,Invalid Length (not 10 or 13 after cleaning)
Don't Forget to Remember Me,Kahlen Aymes (Goodreads Author),,,Invalid Length (not 10 or 13 after cleaning)
Rekindled Moments,Dori Lavelle (Goodreads Author),'B00I9JLGWU,009,Invalid Length (not 10 or 13 after cleaning)
The Temptation of Lila and Ethan,Jessica Sorensen (Goodreads Author),'B00BOTU4JI,004,Invalid Length (not 10 or 13 after cleaning)
Elemental,Brigid Kemmerer (Goodreads Author),'B006MLKZAG,006,Invalid Length (not 10 or 13 after cleaning)
Hero,Samantha Young (Goodreads Author),'B00OQSF77S,0077,Invalid Length (not 10 or 13 after cleaning)
Day Zero,Kresley Cole (Goodreads Author),'B01FROAZOO,01,Invalid Length (not 10 or 13 after cleaning)
The Dark Calling,Kresley Cole (Goodreads Author),'B078P6DF1C,07861,Invalid Length (not 10 or 13 after cleaning)
UR,Stephen King (Goodreads Author),'B001RF3U9K,00139,Invalid Length (not 10 or 13 after cleaning)
James Potter and the Curse of the Gatekeeper,G. Norman Lippert (Goodreads Author),,,Invalid Length (not 10 or 13 after cleaning)
The Missing Ones,Patricia Gibney,'B01N5I5EV7,01557,Invalid Length (not 10 or 13 after cleaning)
TWAS The Year 2020,Karl Wiggins (Goodreads Author),'B08FLCCTZK,08,Invalid Length (not 10 or 13 after cleaning)
My Unexpected Forever,Heidi McLaughlin (Goodreads Author),,,Invalid Length (not 10 or 13 after cleaning)
Neanderthal Marries Human,Penny Reid (Goodreads Author),,,Invalid Length (not 10 or 13 after cleaning)
My Savior,Alanea Alder (Goodreads Author),'B00YAW6PG2,0062,Invalid Length (not 10 or 13 after cleaning)
Running in the Family,Michael Ondaatje,,,Invalid Length (not 10 or 13 after cleaning)
Play It Safe,Kristen Ashley (Goodreads Author),'B006XRM3PY,0063,Invalid Length (not 10 or 13 after cleaning)
Falling for the Ghost of You,Nicole Christie,'B009YLRDQK,009,Invalid Length (not 10 or 13 after cleaning)
How to Be Both,Ali Smith,'B00IPXLLO8,008,Invalid Length (not 10 or 13 after cleaning)
Sea Prayer,"Khaled Hosseini (Goodreads Author), Dan Williams (Illustrator)",'B079WM7Z7T,07977,Invalid Length (not 10 or 13 after cleaning)
Paint It All Red,S.T. Abby,'B01N7GREG9,0179,Invalid Length (not 10 or 13 after cleaning)
The Darkest Prison,Gena Showalter (Goodreads Author),'B002FSTJOS,002,Invalid Length (not 10 or 13 after cleaning)
Reginald Bones 2,Lucian Bane (Goodreads Author),'B01N7WKPUO,017,Invalid Length (not 10 or 13 after cleaning)
A Series of Unfortunate Events Collection: Books 10-13,"Lemony Snicket (Goodreads Author), Brett Helquist (Illustrator)",'B007UPDDPM,007,Invalid Length (not 10 or 13 after cleaning)
Judas,"Amos Oz, Raquel García Lozano (Translator)",'B015OM6M46,015646,Invalid Length (not 10 or 13 after cleaning)
The List,Patricia Forde (Goodreads Author),,,Invalid Length (not 10 or 13 after cleaning)
Jake Undone,Penelope Ward (Goodreads Author),,,Invalid Length (not 10 or 13 after cleaning)
Missing Hart,Ella Fox (Goodreads Author),,,Invalid Length (not 10 or 13 after cleaning)
Shattered Hart,Ella Fox (Goodreads Author),,,Invalid Length (not 10 or 13 after cleaning)
Until Jax,Aurora Rose Reynolds (Goodreads Author),'B015EPMZ0I,0150,Invalid Length (not 10 or 13 after cleaning)
Flight of the Intruder,Stephen Coonts,,,Invalid Length (not 10 or 13 after cleaning)
The People of the Mist,H. Rider Haggard,'B0084A73K8,0084738,Invalid Length (not 10 or 13 after cleaning)
Demon Road,Derek Landy,,,Invalid Length (not 10 or 13 after cleaning)
L'Armée des ombres,Joseph Kessel,,,Invalid Length (not 10 or 13 after cleaning)
Just Another Day: Dragon of Legend: Destiny Bonus Book,Angelika Meyer (Goodreads Author),'B011VTO7CU,0117,Invalid Length (not 10 or 13 after cleaning)
Venomous,Penelope Fletcher (Goodreads Author),'B00RG0IGH6,0006,Invalid Length (not 10 or 13 after cleaning)
Desired,Morgan Rice (Goodreads Author),'B005FFTM7W,0057,Invalid Length (not 10 or 13 after cleaning)
Promise You Won't Tell?,John Locke,'B00AH61H86,006186,Invalid Length (not 10 or 13 after cleaning)
The Law of Moses,Amy Harmon (Goodreads Author),'B00PKSZ78M,0078,Invalid Length (not 10 or 13 after cleaning)
Loving Hart,Ella Fox (Goodreads Author),,,Invalid Length (not 10 or 13 after cleaning)
Knight & Play,Kitty French (Goodreads Author),'B00ACMPB0A,000,Invalid Length (not 10 or 13 after cleaning)
Twist Me,Anna Zaires (Goodreads Author),,,Invalid Length (not 10 or 13 after cleaning)
Forest song,"Lesia Ukrainka, Gladys Evans (Translator)",,,Invalid Length (not 10 or 13 after cleaning)
Between the Lines,Tammara Webber (Goodreads Author),'B004YR54GK,00454,Invalid Length (not 10 or 13 after cleaning)
House Rules,Chloe Neill (Goodreads Author),,,Invalid Length (not 10 or 13 after cleaning)
Emerge,S.E. Hall (Goodreads Author),,,Invalid Length (not 10 or 13 after cleaning)
Life in a Fishbowl,Len Vlahos (Goodreads Author),,,Invalid Length (not 10 or 13 after cleaning)
Night Study,Maria V. Snyder (Goodreads Author),,,Invalid Length (not 10 or 13 after cleaning)
Breaking Nova,Jessica Sorensen (Goodreads Author),'B00DY8HARG,008,Invalid Length (not 10 or 13 after cleaning)
Dead Souls,Angela Marsons (Goodreads Author),'B06XFZYNM1,061,Invalid Length (not 10 or 13 after cleaning)
Blood Lines,Angela Marsons (Goodreads Author),'B01LBQMA5Y,015,Invalid Length (not 10 or 13 after cleaning)
On The Black Hill,Bruce Chatwin,,,Invalid Length (not 10 or 13 after cleaning)
Beck,Harper Sloan (Goodreads Author),,,Invalid Length (not 10 or 13 after cleaning)
Pride and Pleasure,Sylvia Day (Goodreads Author),'B00LPS5VHI,005,Invalid Length (not 10 or 13 after cleaning)
Until Fountain Bridge,Samantha Young (Goodreads Author),,,Invalid Length (not 10 or 13 after cleaning)
The Origins of the Second World War,A.J.P. Taylor,,,Invalid Length (not 10 or 13 after cleaning)
The Mystic Wolves,Belinda Boring (Goodreads Author),'B006ZR04LC,00604,Invalid Length (not 10 or 13 after cleaning)
The Best Exotic Marigold Hotel,Deborah Moggach (Goodreads Author),,,Invalid Length (not 10 or 13 after cleaning)
There is No Light in Darkness,Claire Contreras (Goodreads Author),'B00AZNWSS4,004,Invalid Length (not 10 or 13 after cleaning)
Falling into Place,Amy Zhang (Goodreads Author),'B00HCGU4TM,004,Invalid Length (not 10 or 13 after cleaning)
Betrayed: Alternate Ending,Wodke Hawkinson (Goodreads Author),'B0076H3U2K,007632,Invalid Length (not 10 or 13 after cleaning)
Daylighters,Rachel Caine (Goodreads Author),'B00DTU22OA,0022,Invalid Length (not 10 or 13 after cleaning)
In the Mouth of the Wolf,Nicole Maggi (Goodreads Author),,,Invalid Length (not 10 or 13 after cleaning)
2BR02B,Kurt Vonnegut Jr.,,,Invalid Length (not 10 or 13 after cleaning)
Found,Evangeline Anderson (Goodreads Author),'B005VXOJ08,00508,Invalid Length (not 10 or 13 after cleaning)
Sought,Evangeline Anderson (Goodreads Author),'B005BT583Y,005583,Invalid Length (not 10 or 13 after cleaning)
Vacaciones al amor,Isabel Keats (Goodreads Author),,,Invalid Length (not 10 or 13 after cleaning)
Dizzy,"Nyrae Dawn (Goodreads Author), Jolene Perry (Goodreads Author)",'B00A8PD6C6,00866,Invalid Length (not 10 or 13 after cleaning)
A Fall of Marigolds,Susan Meissner (Goodreads Author),,,Invalid Length (not 10 or 13 after cleaning)
The Cat Who Went Underground,Lilian Jackson Braun,,,Invalid Length (not 10 or 13 after cleaning)
Making You Mine,Elizabeth Reyes (Goodreads Author),,,Invalid Length (not 10 or 13 after cleaning)
A Soldier of Shadows,Bella Forrest (Goodreads Author),'B015GGRI16,01516,Invalid Length (not 10 or 13 after cleaning)
Of Things Left Unsaid,Le-an Lai Lacaba (Goodreads Author),,,Invalid Length (not 10 or 13 after cleaning)
A Fork of Paths,Bella Forrest (Goodreads Author),'B019EBKEPG,019,Invalid Length (not 10 or 13 after cleaning)
Rainelle: How to Kill an Incubus Bonus Chapter,Kimber Lee (Goodreads Author),'B00ZIA25SC,0025,Invalid Length (not 10 or 13 after cleaning)
Of Sweet Addictions,Le-an Lai Lacaba (Goodreads Author),'B00PNTEN7Y,007,Invalid Length (not 10 or 13 after cleaning)
Algo más que vecinos,Isabel Keats (Goodreads Author),'B00ANJJBKS,00,Invalid Length (not 10 or 13 after cleaning)
Tame Me,J. Kenner (Goodreads Author),'B00H57X864,0057864,Invalid Length (not 10 or 13 after cleaning)
Lawful Escort,Tina Folsom (Goodreads Author),,,Invalid Length (not 10 or 13 after cleaning)
Valle,T.M. Nielsen,'B0042G0PUS,00420,Invalid Length (not 10 or 13 after cleaning)
Encala,T.M. Nielsen,'B0046LV7OC,00467,Invalid Length (not 10 or 13 after cleaning)
Lady of Devices,Shelley Adina (Goodreads Author),'B0053CYXS0,00530,Invalid Length (not 10 or 13 after cleaning)
The World Without Us,Alan Weisman,,,Invalid Length (not 10 or 13 after cleaning)
A Twist of the Knife,Peter James,'B00LB89N30,008930,Invalid Length (not 10 or 13 after cleaning)
In the Penal Colony,Franz Kafka,,,Invalid Length (not 10 or 13 after cleaning)
Intruder in the Dust,William Faulkner,,,Invalid Length (not 10 or 13 after cleaning)
Reaper's Legacy,Joanna Wylde (Goodreads Author),'B00DMCPODG,00,Invalid Length (not 10 or 13 after cleaning)
Witch Wraith,Terry Brooks (Goodreads Author),,,Invalid Length (not 10 or 13 after cleaning)
Desiderata: A Poem for a Way of Life,Max Ehrmann,,,Invalid Length (not 10 or 13 after cleaning)
Becoming A Vincent,C.M. Owens (Goodreads Author),,,Invalid Length (not 10 or 13 after cleaning)
Betrayal,Mayandree Michel,,,Invalid Length (not 10 or 13 after cleaning)
Athine Verses: The Blood Sisters,Shannon McRoberts (Goodreads Author),'B008IVFREW,008,Invalid Length (not 10 or 13 after cleaning)
Happily Never After,Jeaniene Frost (Goodreads Author),'B00570QXV8,005708,Invalid Length (not 10 or 13 after cleaning)
Uncaged,Harper Sloan (Goodreads Author),,,Invalid Length (not 10 or 13 after cleaning)
Our Impossible Love,Durjoy Datta (Goodreads Author),,,Invalid Length (not 10 or 13 after cleaning)
Quests for Glory,Soman Chainani (Goodreads Author),'B0731QRHHP,0731,Invalid Length (not 10 or 13 after cleaning)
Dream Dancer,"Janet E. Morris (Goodreads Author), Christopher Morris (Editor)",'B0795XR4KX,07954,Invalid Length (not 10 or 13 after cleaning)
Cooper,Harper Sloan (Goodreads Author),'B00L5MVNHQ,005,Invalid Length (not 10 or 13 after cleaning)
Operation Shylock: A Confession,Philip Roth,,,Invalid Length (not 10 or 13 after cleaning)
Le Sabotage amoureux,Amélie Nothomb,,,Invalid Length (not 10 or 13 after cleaning)
Johnny The Homicidal Maniac #1,Jhonen Vásquez,,,Invalid Length (not 10 or 13 after cleaning)
Striking Distance,Pamela Clare (Goodreads Author),,,Invalid Length (not 10 or 13 after cleaning)
Heart Recaptured,Tillie Cole (Goodreads Author),'B00QZLSQ9U,009,Invalid Length (not 10 or 13 after cleaning)
First Blood: A Kaden Bonus Book,Synne Jakobsen (Goodreads Author),'B012H6P2K2,012622,Invalid Length (not 10 or 13 after cleaning)
Hidden Currents,Christine Feehan (Goodreads Author),,,Invalid Length (not 10 or 13 after cleaning)
The Bet,Rachel Van Dyken (Goodreads Author),'B00C2FDBX4,0024,Invalid Length (not 10 or 13 after cleaning)
Fantastical,Kristen Ashley (Goodreads Author),'B0062J11OM,006211,Invalid Length (not 10 or 13 after cleaning)
Sappho,"Sappho, Mary Barnard (Translator), Dudley Fitts (Foreword)",,,Invalid Length (not 10 or 13 after cleaning)
The Reaping,Michelle Leighton (Goodreads Author),,,Invalid Length (not 10 or 13 after cleaning)
Double Down,Jeff Kinney (Goodreads Author),,,Invalid Length (not 10 or 13 after cleaning)
A Medicine for Melancholy and Other Stories,Ray Bradbury,,,Invalid Length (not 10 or 13 after cleaning)
Bleachers,John Grisham (Goodreads Author),,,Invalid Length (not 10 or 13 after cleaning)
Deep Sky,Patrick Lee (Goodreads Author),'B005AJZRO0,0050,Invalid Length (not 10 or 13 after cleaning)
Take a Chance,Abbi Glines (Goodreads Author),'B00DPM7QDY,007,Invalid Length (not 10 or 13 after cleaning)
One More Chance,Abbi Glines (Goodreads Author),'B00GEEB4EM,004,Invalid Length (not 10 or 13 after cleaning)
The Final Days,"Bob Woodward, Carl Bernstein",,,Invalid Length (not 10 or 13 after cleaning)
Ultimatum,Gemma James (Goodreads Author),'B00AJUV7AI,007,Invalid Length (not 10 or 13 after cleaning)
Single by Saturday,Catherine Bybee (Goodreads Author),'B00DO0OPTK,000,Invalid Length (not 10 or 13 after cleaning)
Play With Me,"Piper Shelly (Goodreads Author), Anna Katmore",,,Invalid Length (not 10 or 13 after cleaning)
Planet Urth,"Jennifer Martucci, Christopher Martucci",'B00FKKWQXY,00,Invalid Length (not 10 or 13 after cleaning)
Storm,Carian Cole (Goodreads Author),,,Invalid Length (not 10 or 13 after cleaning)
The Castle of the Carpathians,Jules Verne,,,Invalid Length (not 10 or 13 after cleaning)
Borrowed Ember,Samantha Young (Goodreads Author),,,Invalid Length (not 10 or 13 after cleaning)
A Bad Spell for the Worst Witch,Jill Murphy,,,Invalid Length (not 10 or 13 after cleaning)
The Song of David,Amy Harmon (Goodreads Author),,,Invalid Length (not 10 or 13 after cleaning)
The Three Sisters,Anton Chekhov,,,Invalid Length (not 10 or 13 after cleaning)
A Shade of Blood,Bella Forrest (Goodreads Author),'B00C8324IS,008324,Invalid Length (not 10 or 13 after cleaning)
Travis,Nicole Edwards (Goodreads Author),'B00E88HJ2M,00882,Invalid Length (not 10 or 13 after cleaning)
Dirty English,Ilsa Madden-Mills (Goodreads Author),'B016HBRORW,016,Invalid Length (not 10 or 13 after cleaning)
Household Tales by Brothers Grimm,"Jacob Grimm, Wilhelm Grimm, Margaret Hunt (Translator)",'B0082QF338,0082338,Invalid Length (not 10 or 13 after cleaning)
The Savior's Champion,Jenna Moreci (Goodreads Author),'B079DFV95X,07995,Invalid Length (not 10 or 13 after cleaning)
Worth the Fight,Vi Keeland (Goodreads Author),'B00FLG5B9S,0059,Invalid Length (not 10 or 13 after cleaning)
Timeless,Erin Noelle (Goodreads Author),'B00JVQTZ2S,002,Invalid Length (not 10 or 13 after cleaning)
The Road to Wigan Pier,"George Orwell, Richard Hoggart (Introduction)",,,Invalid Length (not 10 or 13 after cleaning)
The Risk,S.T. Abby,,,Invalid Length (not 10 or 13 after cleaning)
If Forever Comes,A.L. Jackson (Goodreads Author),,,Invalid Length (not 10 or 13 after cleaning)
Dear Ava,Ilsa Madden-Mills (Goodreads Author),'B084FJW8DQ,0848,Invalid Length (not 10 or 13 after cleaning)
Samson's Lovely Mortal,Tina Folsom (Goodreads Author),,,Invalid Length (not 10 or 13 after cleaning)
The Moonstone Castle Mystery,Carolyn Keene,,,Invalid Length (not 10 or 13 after cleaning)
Twenty-Eight and a Half Wishes,Denise Grover Swank (Goodreads Author),,,Invalid Length (not 10 or 13 after cleaning)
Carter Reed 2,Tijan (Goodreads Author),,,Invalid Length (not 10 or 13 after cleaning)
A Little Bit of Everything For Dummies,John Wiley & Sons,'B006BBLNA8,0068,Invalid Length (not 10 or 13 after cleaning)
NGLND XPX,Ian Hutson (Goodreads Author),,,Invalid Length (not 10 or 13 after cleaning)
Euphoria,Erin Noelle (Goodreads Author),,,Invalid Length (not 10 or 13 after cleaning)
The Gemini Effect,Chuck Grossart (Goodreads Author),'B00LWDQO90,0090,Invalid Length (not 10 or 13 after cleaning)
Shine Not Burn,Elle Casey (Goodreads Author),'B00DCCRA38,0038,Invalid Length (not 10 or 13 after cleaning)
Blood of My Blood,Barry Lyga (Goodreads Author),'B00HQ2MZRQ,002,Invalid Length (not 10 or 13 after cleaning)
The Bronte Sisters - The Complete Novels + Extras,"Anne Brontë, Emily Brontë, Charlotte Brontë",'B00895IVKE,00895,Invalid Length (not 10 or 13 after cleaning)
Pulled,"Amy Lichtenhan (Goodreads Author), A.L. Jackson (Goodreads Author)",,,Invalid Length (not 10 or 13 after cleaning)
Grounded,R.K. Lilley (Goodreads Author),'B00BEL7AD4,0074,Invalid Length (not 10 or 13 after cleaning)
The Clue of the Tapping Heels,"Carolyn Keene, Mildred Benson (Ghostwriter)",,,Invalid Length (not 10 or 13 after cleaning)
بوستان سعدی,Saadi,,,Invalid Length (not 10 or 13 after cleaning)
Foxy Lady,Rags Daniels (Goodreads Author),'B007Y15UTO,00715,Invalid Length (not 10 or 13 after cleaning)
Arouse,Nina Lane (Goodreads Author),,,Invalid Length (not 10 or 13 after cleaning)
Broken Throne,Victoria Aveyard (Goodreads Author),'B07K6RMVFS,076,Invalid Length (not 10 or 13 after cleaning)
The Wedding of Antanasia Jessica Packwood and Lucius Valeriu Vladescu,Beth Fantaskey (Goodreads Author),,,Invalid Length (not 10 or 13 after cleaning)
Vacant,Evelyn R. Baldwin (Goodreads Author),'B00BK6M0J2,00602,Invalid Length (not 10 or 13 after cleaning)
Overruled,Emma Chase (Goodreads Author),'B00MK394JI,00394,Invalid Length (not 10 or 13 after cleaning)
Reasonable Doubt: Volume 2,Whitney G. (Goodreads Author),,,Invalid Length (not 10 or 13 after cleaning)
Cautious,E.L. Montes (Goodreads Author),'B00CWNE2AC,002,Invalid Length (not 10 or 13 after cleaning)
Knight & Stay,Kitty French (Goodreads Author),'B00CMU8378,008378,Invalid Length (not 10 or 13 after cleaning)
Don't You Forget About Me,Mhairi McFarlane (Goodreads Author),'B01N3SW6UZ,0136,Invalid Length (not 10 or 13 after cleaning)
Broken Hart,Ella Fox (Goodreads Author),,,Invalid Length (not 10 or 13 after cleaning)
Siete Minutos,Ismael Camacho Arango,,,Invalid Length (not 10 or 13 after cleaning)
From the Back of the Bus,Dick Gregory,,,Invalid Length (not 10 or 13 after cleaning)
The Butterfly Man,Heather Rose (Goodreads Author),,,Invalid Length (not 10 or 13 after cleaning)
The Complete Poems of D.H. Lawrence,D.H. Lawrence,,,Invalid Length (not 10 or 13 after cleaning)
Scent of a Vampire,Jude Stephens (Goodreads Author),'B002C1ABP4,00214,Invalid Length (not 10 or 13 after cleaning)
A Kiss Before You Leave Me,James Hulbert (Goodreads Author),'B0042JT19G,004219,Invalid Length (not 10 or 13 after cleaning)
Gypsy Sixpence,Edison Marshall,,,Invalid Length (not 10 or 13 after cleaning)
Represent,David L.,,,Invalid Length (not 10 or 13 after cleaning)
Sweet Release,Carrie Pulkinen (Goodreads Author),'B004G08WXC,00408,Invalid Length (not 10 or 13 after cleaning)
Forgotten Future Anthology,Rashaad Bell (Goodreads Author),'B004XTK6RQ,0046,Invalid Length (not 10 or 13 after cleaning)
A Tough Call,"Bob Dixon, Will Jones",'B004ULYRLS,004,Invalid Length (not 10 or 13 after cleaning)
Treasure Me,Christine Nolfi (Goodreads Author),'B004XMOP9I,0049,Invalid Length (not 10 or 13 after cleaning)
Living In Darkness,Robin Renee Ray (Goodreads Author),,,Invalid Length (not 10 or 13 after cleaning)
"My Father's Parrot (Back to the Land, #1)",Laurie Elmquist (Goodreads Author),'B0055AU3XE,00553,Invalid Length (not 10 or 13 after cleaning)
Golden Mane,S.J.B. Gilmour (Goodreads Author),'B0052T15FS,005215,Invalid Length (not 10 or 13 after cleaning)
The Divorce Club,Jayde Scott (Goodreads Author),,,Invalid Length (not 10 or 13 after cleaning)
True Woman,Gregor Golob (Goodreads Author),,,Invalid Length (not 10 or 13 after cleaning)
Dying to get to Oklahoma,ash mackinnon,,,Invalid Length (not 10 or 13 after cleaning)
Dawn of Darkness,Daniel A. Kaine (Goodreads Author),'B005XLPH3Q,0053,Invalid Length (not 10 or 13 after cleaning)
Demon,Mike Emmett,'B005KMQDFE,005,Invalid Length (not 10 or 13 after cleaning)
Flossophy of Grace,Ruth J. Hartman (Goodreads Author),,,Invalid Length (not 10 or 13 after cleaning)
"Soldier, Lily, Peace and Pearls",Con Cú,,,Invalid Length (not 10 or 13 after cleaning)
Conductors in Conversation: The Complete Collection,Robert Chesterman,,,Invalid Length (not 10 or 13 after cleaning)
Solacers,Arion Golmakani (Goodreads Author),,,Invalid Length (not 10 or 13 after cleaning)
Online,Seth Blackburn,'B005ZI6EF2,00562,Invalid Length (not 10 or 13 after cleaning)
"Assuring IT Governance (Assurance Services, #2)",Robert E. Davis (Goodreads Author) (Author),'B0058P58E0,0058580,Invalid Length (not 10 or 13 after cleaning)
The Serial Killer's Diet Book,Kevin Postupack (Goodreads Author),'B005NW0AX2,00502,Invalid Length (not 10 or 13 after cleaning)
"John Lennon: In Their Own Write, A Loving Tribute From His Friends and Fans",Judith Furedi (Goodreads Author),'B0039IT3OO,00393,Invalid Length (not 10 or 13 after cleaning)
Beasts of New York,Jon Evans (Goodreads Author),,,Invalid Length (not 10 or 13 after cleaning)
The Drive,S.J. Johnson (Goodreads Author),'B006FOGTDM,006,Invalid Length (not 10 or 13 after cleaning)
Dragon Fire,Pedro L. Alvarez (Goodreads Author),'B006SBC58A,00658,Invalid Length (not 10 or 13 after cleaning)
Song of the Sky,Guy Murchie,,,Invalid Length (not 10 or 13 after cleaning)
The Many Lives of Avery Snow,Christy Sloat (Goodreads Author),,,Invalid Length (not 10 or 13 after cleaning)
Meantime: The Aesthetics of Soldiering,Stephen Paul Register (Goodreads Author),,,Invalid Length (not 10 or 13 after cleaning)
Принцесса стоит смерти,"Sergei Lukyanenko, Sergei Lukyanenko",,,Invalid Length (not 10 or 13 after cleaning)
Become,Ali Cross (Goodreads Author),,,Invalid Length (not 10 or 13 after cleaning)
Dragons and Cicadas: The Society On Da Run,L'Poni Baldwin (Goodreads Author),'B006ZDQH0I,0060,Invalid Length (not 10 or 13 after cleaning)
Control Switch On: The Untold Story Of The Most Powerful Man In The World-Ryan Moran-Who Shaped The Planet For Peace,Ira Teller (Goodreads Author),'B004AE3LHQ,0043,Invalid Length (not 10 or 13 after cleaning)
Purple,Graham J. Sharpe (Goodreads Author),'B005LY6LB2,00562,Invalid Length (not 10 or 13 after cleaning)
Meant to Be,Tiffany King (Goodreads Author),'B004SCS6V6,00466,Invalid Length (not 10 or 13 after cleaning)
The Wallflower,Dana Marie Bell (Goodreads Author),'B001892DGG,001892,Invalid Length (not 10 or 13 after cleaning)
Reintroduction,Kyle Timmermeyer (Goodreads Author),'B007NJLWVW,007,Invalid Length (not 10 or 13 after cleaning)
Mystique,Tina M. Taylor (Goodreads Author),,,Invalid Length (not 10 or 13 after cleaning)
The Vampire Hunter's Daughter,Jennifer Malone Wright (Goodreads Author),'B005GSS26K,00526,Invalid Length (not 10 or 13 after cleaning)
Maternal Menace,Terri Ann Armstrong (Goodreads Author),'B0067STJ6K,00676,Invalid Length (not 10 or 13 after cleaning)
Set in Stone,Anna Cruise (Goodreads Author),'B0075Q9LRA,00759,Invalid Length (not 10 or 13 after cleaning)
Nevermore,Debbie Viguié (Goodreads Author),'B0083YXQQA,0083,Invalid Length (not 10 or 13 after cleaning)
என் பெயர் ராமசேஷன் (En Peyar Ramaseshan),"Aadhavan, ஆதவன்",,,Invalid Length (not 10 or 13 after cleaning)
"The Working Chefs Edition of Classic & Traditional Sauces, Relishes & Dressings",Jack Ferneley,,,Invalid Length (not 10 or 13 after cleaning)
Building Character,Kate Genet (Goodreads Author),,,Invalid Length (not 10 or 13 after cleaning)
Cracks in the Pavement,Martin Hopkins (Goodreads Author),,,Invalid Length (not 10 or 13 after cleaning)
Sound Bites: A Rock & Roll Love Story,Rachel K. Burke (Goodreads Author),'B006YXB2GI,0062,Invalid Length (not 10 or 13 after cleaning)
Shark Bait,Jenn Cooksey (Goodreads Author),'B008BMREK8,0088,Invalid Length (not 10 or 13 after cleaning)
The Devil; What does he look like,Nwaocha Ogechukwu (Goodreads Author),,,Invalid Length (not 10 or 13 after cleaning)
Love's Providence,Jennifer H. Westall (Goodreads Author),'B00860XL3O,008603,Invalid Length (not 10 or 13 after cleaning)
The Barn: From the Beginning,Ralph Hagen,'B007QUOBXY,007,Invalid Length (not 10 or 13 after cleaning)
The Undoing (The Undoing Series #1),Lauren Banks,'B008FU96S4,008964,Invalid Length (not 10 or 13 after cleaning)
Legacy,Claire Chilton (Goodreads Author),,,Invalid Length (not 10 or 13 after cleaning)
The Bellman Chronicles,Robert Hookey (Goodreads Author),'B008N3X5YO,00835,Invalid Length (not 10 or 13 after cleaning)
Signorina,Marine di Frontis (Goodreads Author),'B008T9GCXS,0089,Invalid Length (not 10 or 13 after cleaning)
Union,Jolea M. Harrison (Goodreads Author),'B008MUPXLG,008,Invalid Length (not 10 or 13 after cleaning)
Beg for Mercy,Shannon Dermott (Goodreads Author),'B005GGMC3G,0053,Invalid Length (not 10 or 13 after cleaning)
The Illegal Gardener,Sara Alexi (Goodreads Author),'B008LMT78U,00878,Invalid Length (not 10 or 13 after cleaning)
The Average Joe's Guide to Play No Limit Texas Hold 'Em,Michael Pignataro (Goodreads Author),'B008T232XS,008232,Invalid Length (not 10 or 13 after cleaning)
The Disintegrating Bloodline Part 1,Louis T. Bruno,'B009CA8XDA,0098,Invalid Length (not 10 or 13 after cleaning)
I'm Will,William Haylon (Goodreads Author),,,Invalid Length (not 10 or 13 after cleaning)
Das Haus auf den Klippen - Geheimnisvolle Todesfälle,Jack Young (Goodreads Author),'B009LO2J00,009200,Invalid Length (not 10 or 13 after cleaning)
Unleashed,Tiffany Berry (Goodreads Author),,,Invalid Length (not 10 or 13 after cleaning)
Naked,Megan Hart (Goodreads Author),'B00B0A5XAG,0005,Invalid Length (not 10 or 13 after cleaning)
Chasing Justice,Dan Hunter,'B009Y8KM2K,00982,Invalid Length (not 10 or 13 after cleaning)
Sterling,Dannika Dark (Goodreads Author),'B005LHI8K6,00586,Invalid Length (not 10 or 13 after cleaning)
Belstarr The Lost Toymaker,"David Jacks (Goodreads Author), Daniel S. Morrow",'B007CM8M0E,00780,Invalid Length (not 10 or 13 after cleaning)
The Meaning Of Theft,Peter O'Mahoney (Goodreads Author),'B00A3C3E3A,00333,Invalid Length (not 10 or 13 after cleaning)
Kicker,R. Grey Hoover (Goodreads Author),,,Invalid Length (not 10 or 13 after cleaning)
The Vine Keeper . . . messages in Poetry and Prose,William S. Peters Sr.,'13:9780615700,139780615700,Invalid Length (not 10 or 13 after cleaning)
Kindle Single: Injured Reserves,D.C. Bourone (Goodreads Author),'B0097MGJ2K,00972,Invalid Length (not 10 or 13 after cleaning)
Stained Glass,C.W. Ducey (Goodreads Author),'B0091V7QYW,00917,Invalid Length (not 10 or 13 after cleaning)
The Gurkha's Daughter: Stories,Prajwal Parajuly,'B0093LRQYK,0093,Invalid Length (not 10 or 13 after cleaning)
Fast-Trapped,Tracy Rozzlynn (Goodreads Author),,,Invalid Length (not 10 or 13 after cleaning)
Half Blood,Lauren Dawes (Goodreads Author),,,Invalid Length (not 10 or 13 after cleaning)
Dissidence,Jamie Canosa (Goodreads Author),,,Invalid Length (not 10 or 13 after cleaning)
"Social State: Thoughts, Stats and Stories about the State of Social Media in 2013",Esteban Contreras (Goodreads Author),'B00ATTT2UG,002,Invalid Length (not 10 or 13 after cleaning)
Quinn,R.C. Ryan,'B004TI5N10,004510,Invalid Length (not 10 or 13 after cleaning)
Behind the Tears,Marita A. Hansen (Goodreads Author),'B00ASDCY58,0058,Invalid Length (not 10 or 13 after cleaning)
Climb the Mountain,David R. Beshears (Goodreads Author),'B006VFYTN2,0062,Invalid Length (not 10 or 13 after cleaning)
Lake Chelan The Greatest Lake In The World,John Fahey (Goodreads Author),,,Invalid Length (not 10 or 13 after cleaning)
Earth Force I,Robert C. Adams (Goodreads Author),,,Invalid Length (not 10 or 13 after cleaning)
The Heroes Of Time (A New Beginning),"Blue Dragon, Alex Dumitrescu (Illustrator)",'B009CKS0II,0090,Invalid Length (not 10 or 13 after cleaning)
Power,Lauren Algeo (Goodreads Author),,,Invalid Length (not 10 or 13 after cleaning)
Finding Redemption,Jasmine Abbey,'B00B84BS6M,00846,Invalid Length (not 10 or 13 after cleaning)
Life Knocks,Craig Stone (Goodreads Author),'B007AITZ9W,0079,Invalid Length (not 10 or 13 after cleaning)
Sign of the Time,Mark R. Hems (Goodreads Author),'B00BJPCYF4,004,Invalid Length (not 10 or 13 after cleaning)
The After/Life,Vardan Partamyan (Goodreads Author),'B00AYUOCAA,00,Invalid Length (not 10 or 13 after cleaning)
Swinging through life Cassie's Story (Swinging Sisters Series),L. Whitlow,,,Invalid Length (not 10 or 13 after cleaning)
Swept,Becca Lee Nyx (Goodreads Author),'B00BSY6TDO,006,Invalid Length (not 10 or 13 after cleaning)
"The Story of My Making (The 'tel of The Earth, #1)","TL McGrath, Cal Marshall",'B00AXR2DS2,0022,Invalid Length (not 10 or 13 after cleaning)
Sapphire,Kasey Millstead (Goodreads Author),'B00BY9IDA0,0090,Invalid Length (not 10 or 13 after cleaning)
CONTRIVED,Jay Deb (Goodreads Author),'B00980CBIM,00980,Invalid Length (not 10 or 13 after cleaning)
Chongqing Burning,"Adam Najberg, Nie Yantang",,,Invalid Length (not 10 or 13 after cleaning)
"3PM: The Preacher, The Power, The Penis & Me",Cheron K. Griffin,,,Invalid Length (not 10 or 13 after cleaning)
Light on Shattered Water,G. Howell,'B008GASFDA,008,Invalid Length (not 10 or 13 after cleaning)
The Maitreya,Rael Maitreya,,,Invalid Length (not 10 or 13 after cleaning)
The Easiest,Rasa Aškinytė,'B00BSXXJEM,00,Invalid Length (not 10 or 13 after cleaning)
Stella Bellarosa: Tales of an Aspiring Teenage Superhero,Julie Krantz (Goodreads Author),'B008L3YQXK,0083,Invalid Length (not 10 or 13 after cleaning)
Provenance,Kristopher Cruz (Goodreads Author),'B00C0FCLOQ,000,Invalid Length (not 10 or 13 after cleaning)
The Tithe Debate,Byron Goines,'B00AQQY45A,0045,Invalid Length (not 10 or 13 after cleaning)
Spiritus Mundi,Robert Sheppard (Goodreads Author),,,Invalid Length (not 10 or 13 after cleaning)
Data Driven Design: How Today's Product Designer Approaches User Experience,Phillip A. Harris,,,Invalid Length (not 10 or 13 after cleaning)
The Woman Destroyed,"Simone de Beauvoir, Patrick O'Brian (Translator)",,,Invalid Length (not 10 or 13 after cleaning)
The Cloister and the Hearth,Charles Reade,,,Invalid Length (not 10 or 13 after cleaning)
Werewolf Dreams,Katie Lee O'Guinn (Goodreads Author),'B00CJII238,00238,Invalid Length (not 10 or 13 after cleaning)
"Angelface (Angelface, #1)","Valentine, (Goodreads Author)",'B00AFJGERE,00,Invalid Length (not 10 or 13 after cleaning)
All But My Life: A Memoir,Gerda Weissmann Klein,,,Invalid Length (not 10 or 13 after cleaning)
Day of the Predator,Alex Scarrow (Goodreads Author),,,Invalid Length (not 10 or 13 after cleaning)
Close Up and Personal,J.S. Taylor (Goodreads Author),'B00B4IDLM6,0046,Invalid Length (not 10 or 13 after cleaning)
Love in All the Wrong Places,Audrey Harte (Goodreads Author),,,Invalid Length (not 10 or 13 after cleaning)
Stranded,J.C. Valentine (Goodreads Author),'B00A13YKKM,0013,Invalid Length (not 10 or 13 after cleaning)
The Hollow Heart,Adrienne Vaughan (Goodreads Author),'B00A06NUMO,0006,Invalid Length (not 10 or 13 after cleaning)
Secrets of the Tides,Hannah Richell (Goodreads Author),,,Invalid Length (not 10 or 13 after cleaning)
The Sojourn,Rupansh Gupta (Goodreads Author),'B00CYDNWJW,00,Invalid Length (not 10 or 13 after cleaning)
Night of the Fae,Lyneal Jenkins (Goodreads Author),'B00A5S66N2,005662,Invalid Length (not 10 or 13 after cleaning)
Bliss: An Anthology of Novellas,"Jamie Denton (Goodreads Author), Kathleen Shoop (Goodreads Author), S.K. McClafferty (Goodreads Author), Marcy Waldenville (Goodreads Author), J.D. Wylde (Goodreads Author)",'B00CZF86I6,00866,Invalid Length (not 10 or 13 after cleaning)
The Greater Number,Paul Loh (Goodreads Author),'B005C419G8,0054198,Invalid Length (not 10 or 13 after cleaning)
Disaster at the Arch,George Seyfried,,,Invalid Length (not 10 or 13 after cleaning)
The Uninvited,Aral Bereux,'B00D74DS3M,00743,Invalid Length (not 10 or 13 after cleaning)
The Simplest Book Ever on Life Attitude and Happiness,Martin Gover (Goodreads Author),'B00A6UGK8U,0068,Invalid Length (not 10 or 13 after cleaning)
Traces of Kara,Melissa Foster (Goodreads Author),'B00BGEPK36,0036,Invalid Length (not 10 or 13 after cleaning)
Jagg: Origins part one,B.C. Minton (Goodreads Author),,,Invalid Length (not 10 or 13 after cleaning)
The Banshee's Embrace,Victoria Richards (Goodreads Author),'B008VT0ITA,0080,Invalid Length (not 10 or 13 after cleaning)
Shattered Edge,A.M. Hargrove (Goodreads Author),,,Invalid Length (not 10 or 13 after cleaning)
Shadows in the Sand,Michael Diack (Goodreads Author),,,Invalid Length (not 10 or 13 after cleaning)
Cassidy Jones and the Secret Formula,Elise Stokes (Goodreads Author),,,Invalid Length (not 10 or 13 after cleaning)
Time To Learn Reloaded,Black Coffee,'B004EYT9KA,0049,Invalid Length (not 10 or 13 after cleaning)
The Blood Lure,Peter Meredith (Goodreads Author),'B01D11TUFK,0111,Invalid Length (not 10 or 13 after cleaning)
Angelic,L.P. Swalheim (Goodreads Author),'B00A0BZV4Y,0004,Invalid Length (not 10 or 13 after cleaning)
End's Shadow Caste (Volume One),Meghann Doyle (Goodreads Author) (Author/Illustrator),,,Invalid Length (not 10 or 13 after cleaning)
Stronghold,Backwoods (Goodreads Author),'B00EP7E6SQ,0076,Invalid Length (not 10 or 13 after cleaning)
Glyphics,J. Richard Singleton (Goodreads Author),,,Invalid Length (not 10 or 13 after cleaning)
Tolomay's World and The Pool of Light,M.E. Lorde (Goodreads Author),'B00BFPRLCY,00,Invalid Length (not 10 or 13 after cleaning)
Whiskey Lullaby,"Dawn Martens, Emily Minton (Goodreads Author)",'B00F0TWIIS,000,Invalid Length (not 10 or 13 after cleaning)
Les caprices d'Anaïs,Bernard Coat L.,,,Invalid Length (not 10 or 13 after cleaning)
Best Friends,Shivam Singh (Goodreads Author),,,Invalid Length (not 10 or 13 after cleaning)
Smiling the Moon,Thomas Lawrence (Goodreads Author),'B00BY5S46M,00546,Invalid Length (not 10 or 13 after cleaning)
Secretos y cenizas,Mercedes Santos,'B00A3ICEVM,003,Invalid Length (not 10 or 13 after cleaning)
Celia Garth,Gwen Bristow,,,Invalid Length (not 10 or 13 after cleaning)
Lexi's Legacy - The Saga Continues,Rick H. Veal,'B00DU98K28,009828,Invalid Length (not 10 or 13 after cleaning)
Kissing Under the Mistletoe,Bella Andre (Goodreads Author),,,Invalid Length (not 10 or 13 after cleaning)
Jet,Russell Blake (Goodreads Author),'B0098QJQR0,00980,Invalid Length (not 10 or 13 after cleaning)
Guiding the Blue Flame (Guardian Series Book One),J.W.Baccaro,,,Invalid Length (not 10 or 13 after cleaning)
Together Forever,Vicki Green (Goodreads Author),'B00F9Y9YMW,0099,Invalid Length (not 10 or 13 after cleaning)
Amarantos-One That Never Withers,L. Sterling Requate (Goodreads Author),'B00CO9JWHC,009,Invalid Length (not 10 or 13 after cleaning)
Love in Disguise,"Julia Kent (Goodreads Author), Steena Holmes (Goodreads Author), Opal Carew (Goodreads Author), Vivi Anna (Goodreads Author), Cathryn Fox (Goodreads Author), Kate Laurens, D.L. Snow (Goodreads Author)",'B00FQMZB1A,001,Invalid Length (not 10 or 13 after cleaning)
The Vampire King,Heather Killough-Walden (Goodreads Author),'B00761TN1S,007611,Invalid Length (not 10 or 13 after cleaning)
Shadow,C.S. Dixon (Goodreads Author),,,Invalid Length (not 10 or 13 after cleaning)
Children of Saba,N.K. Read (Goodreads Author),'B00GKA1KJO,001,Invalid Length (not 10 or 13 after cleaning)
Eye of the Storm,Kate Messner (Goodreads Author),,,Invalid Length (not 10 or 13 after cleaning)
"Wizard (Rainbow's End, #1)",Corrie Mitchell (Goodreads Author),'B00FPFYBDW,00,Invalid Length (not 10 or 13 after cleaning)
The Dancing Soul of Fire,Ben Anderson,,,Invalid Length (not 10 or 13 after cleaning)
Unbroken,Paula Morris,,,Invalid Length (not 10 or 13 after cleaning)
Baudelaire Poems,Tom Fill,'B00G6TA9PU,0069,Invalid Length (not 10 or 13 after cleaning)
"All That He Loves, Volume 2",Olivia Thorne (Goodreads Author),'B00GOI1DT4,0014,Invalid Length (not 10 or 13 after cleaning)
"By the Sea: Poems of Love, Longing, and Lust","Feng Zhou (Goodreads Author), Quynh Nhu Nguyen (Editor), Chris Pereira (Translator)",'B00GVG4XCS,004,Invalid Length (not 10 or 13 after cleaning)
The Unidentified Redhead,Alice Clayton (Goodreads Author),,,Invalid Length (not 10 or 13 after cleaning)
Vince's Life,Vince O. Teves,,,Invalid Length (not 10 or 13 after cleaning)
A Little Irish Love Story,Amy Fleming,'B00G3I64PI,00364,Invalid Length (not 10 or 13 after cleaning)
Snow Storms,Lisa Gillis (Goodreads Author),'B00GTPT2Z4,0024,Invalid Length (not 10 or 13 after cleaning)
Why Your Flight Attendant Hates You,"Morgan Carver Richards, Michael Richards (Editor), Robert Richards (Photographer)",'B00HOBOJQO,00,Invalid Length (not 10 or 13 after cleaning)
Tinted Lenses,Jackie Williams (Goodreads Author),'B00AUVVJK4,004,Invalid Length (not 10 or 13 after cleaning)
Jessica's Seduction,Darren G. Burton (Goodreads Author),'B00C0C1OWE,0001,Invalid Length (not 10 or 13 after cleaning)
The Scorpion's Tale,"Gregory Denaro (Goodreads Author) (Co-Author), Wayne Block (Co-Author)",'B00HG6TVDS,006,Invalid Length (not 10 or 13 after cleaning)
Beneath the Bamboo: A Vietnam War Story,Stan Taylor,'B00APSQ5CO,005,Invalid Length (not 10 or 13 after cleaning)
Chasing Pretty,Jennifer Lark (Goodreads Author),'B00H52SKUS,0052,Invalid Length (not 10 or 13 after cleaning)
Death Dreams Deluxe: The Complete Works of Chris Robertson,Chris Robertson (Goodreads Author),,,Invalid Length (not 10 or 13 after cleaning)
TEAPOTS AND ATTICS: DON'T LET GO (Teapots and Atttics),Katie Louise Shattock,'B00F1JX87W,00187,Invalid Length (not 10 or 13 after cleaning)
Blind Wolf,Aubrey Rose (Goodreads Author),'B00F77FFMO,0077,Invalid Length (not 10 or 13 after cleaning)
Learning To Let Go,Cynthia P. O'Neill (Goodreads Author),'B00I9R1I3Y,00913,Invalid Length (not 10 or 13 after cleaning)
R³,Jorge Enrique Ponce (Goodreads Author),'B00H6YCE1G,0061,Invalid Length (not 10 or 13 after cleaning)
Icarus and Other Poems,Pradeep Chaswal (Goodreads Author),'B00FI9FKL2,0092,Invalid Length (not 10 or 13 after cleaning)
Love vs. Lust,"Holly Vane (Goodreads Author), Vanessa Carlton (Contributor)",,,Invalid Length (not 10 or 13 after cleaning)
Betty's Journal,Danielle Stewart (Goodreads Author),'B00IGVVU3Q,003,Invalid Length (not 10 or 13 after cleaning)
Beatless,Amber L. Johnson,,,Invalid Length (not 10 or 13 after cleaning)
LOVE ISN'T FOR COWARDS: Just Let Love Be,Francis Otieno (Goodreads Author),'B00IF8NODY,008,Invalid Length (not 10 or 13 after cleaning)
"Madame Lilly, Voodoo Priestess",Dormaine G. (Goodreads Author),'B00IJPP9XG,009,Invalid Length (not 10 or 13 after cleaning)
Scarback: There Is So Much More to Fishing Than Catching Fish,Roger Corea (Goodreads Author),'10:1496102266,101496102266,Invalid Length (not 10 or 13 after cleaning)
Monster Junkies,"Erik Daniel Shein (Goodreads Author), Theresa A. Gates",'B00IZOQCBE,00,Invalid Length (not 10 or 13 after cleaning)
"Polska... rivemo!: Sete bici, do veci, un cocal e una cornacia","Diego Manna (Goodreads Author), Michele Zazzara (Illustrator)",,,Invalid Length (not 10 or 13 after cleaning)
Quail Farming: Markets and Marketing Strategies,Francis Otieno (Goodreads Author),,,Invalid Length (not 10 or 13 after cleaning)
Beneath the Secrets,Lisa Renee Jones (Goodreads Author),'B00CNX89CI,0089,Invalid Length (not 10 or 13 after cleaning)
Shades of Fear,"Dara Ratner Rochlin (Editor), D.L. Scott, Tom Deady (Goodreads Author), D.K. Cassidy (Goodreads Author) (Contributor), S.M. Lowry (Goodreads Author) (Contributor), RJo Herman (Contributor), T.D. Harvey (Goodreads Author) (Contributor), Kerry E.B. Black (Goodreads Author) (Contributor), more…",'B00IJJF72A,0072,Invalid Length (not 10 or 13 after cleaning)
Front & Center,A.M. Madden (Goodreads Author),'B00IFNLR7Y,007,Invalid Length (not 10 or 13 after cleaning)
The Pink Dress,Anne Alexander,,,Invalid Length (not 10 or 13 after cleaning)
Semblance,Logan Patricks (Goodreads Author),'B00HGTI24Y,0024,Invalid Length (not 10 or 13 after cleaning)
See Dick Run,Debra Lee (Goodreads Author),,,Invalid Length (not 10 or 13 after cleaning)
The Black Hand Gang,David Edwards (Goodreads Author),'B00GYXT8QO,008,Invalid Length (not 10 or 13 after cleaning)
Jack,"Fox Chapman (Goodreads Author), Pyxi Rose (Goodreads Author) (Editor)",'B00J1ORWZ2,0012,Invalid Length (not 10 or 13 after cleaning)
A Magician's Visit,M. Laurie Cantil (Goodreads Author),'B00JG0L9G4,00094,Invalid Length (not 10 or 13 after cleaning)
Forever Your Heart,Mary Whitney (Goodreads Author),,,Invalid Length (not 10 or 13 after cleaning)
Only the Flower Knows Vol. 1,"Rihito Takarai, Kimiko Kotani (Goodreads Author) (Translator, editor, letterer)",'B006H9OGBC,0069,Invalid Length (not 10 or 13 after cleaning)
After Midnight,Santino Hassell (Goodreads Author),'B00F7J1UYO,0071,Invalid Length (not 10 or 13 after cleaning)
And the Music Plays On,Eve M. Cooper (Goodreads Author),'B00HWD2RKO,002,Invalid Length (not 10 or 13 after cleaning)
Warrior Wolf: They Walk Among Us,D.J. Livingston,'B00KGYS67O,0067,Invalid Length (not 10 or 13 after cleaning)
The Fear of Knowing,Tisha Starr (Goodreads Author),,,Invalid Length (not 10 or 13 after cleaning)
Beyond the Mask,Mark Phillips (Goodreads Author),'B00K8JFBCA,008,Invalid Length (not 10 or 13 after cleaning)
WISDOM To SUCCESS: The Surefire Secrets To Accomplish All Your Dreams (DARE TO DREAM),"Elizabeth Novak (Illustrator), Debbi Dachinger (Goodreads Author), Nadia Lawrence (Editor), Philicia Endelman (Photographer), Dain Heer (Goodreads Author) (Foreword)",'B00EKPIJ8Q,008,Invalid Length (not 10 or 13 after cleaning)
The Best of Oprah's What I Know For Sure,Oprah Winfrey,,,Invalid Length (not 10 or 13 after cleaning)
The Book of Jerusha: Rising,Scott A. McKenzie,'B00KD2GGO4,0024,Invalid Length (not 10 or 13 after cleaning)
Mirage Beyond Flames,Melinda De Ross (Goodreads Author),'B00GZX6I7K,0067,Invalid Length (not 10 or 13 after cleaning)
A New World: Untold Stories,John O'Brien (Goodreads Author),'B00KAHATUY,00,Invalid Length (not 10 or 13 after cleaning)
The Passage (Beyond Two Worlds #1),Nabille De La Luz (Goodreads Author),,,Invalid Length (not 10 or 13 after cleaning)
Drawn,Lilliana Anderson (Goodreads Author),,,Invalid Length (not 10 or 13 after cleaning)
Jahleel,S. Ann Cole (Goodreads Author),,,Invalid Length (not 10 or 13 after cleaning)
To Light The Dragon's Fire,Margaret Taylor (Goodreads Author),'B00KYIVBS8,008,Invalid Length (not 10 or 13 after cleaning)
Because of Kian,Sibylla Matilde (Goodreads Author),,,Invalid Length (not 10 or 13 after cleaning)
Für immer Casablanca,Michael Walsh (Goodreads Author),,,Invalid Length (not 10 or 13 after cleaning)
The Cleaning Agency,Ayn Bootham (Goodreads Author),'B00KODW7DQ,007,Invalid Length (not 10 or 13 after cleaning)
Pep Guardiola: Another Way of Winning: The Biography,Guillem Balagué,'B00A3BO9G2,00392,Invalid Length (not 10 or 13 after cleaning)
Because of Twilight,Adele Bradford,'B00KWA2CIQ,002,Invalid Length (not 10 or 13 after cleaning)
Predator - Horn OK Please,"Kartik Iyengar (Goodreads Author), Craig Cmehil (Collaborator), Ray Wang (Collaborator), Devyani Kalvit (Book Editor), Shriya Bisht (Fashion Designer), Rohit Tiwari (Dreamer), Paddy Padmanabhan (Song Writer), Prasun Mazumdar (Cover Designer)",,,Invalid Length (not 10 or 13 after cleaning)
The Pairing,Katie Ashley (Goodreads Author),,,Invalid Length (not 10 or 13 after cleaning)
Grave is the Day,Michael Drakich (Goodreads Author),'B009WGKG02,00902,Invalid Length (not 10 or 13 after cleaning)
The Healer,C.J. Anaya (Goodreads Author),'B00KPI7HX0,0070,Invalid Length (not 10 or 13 after cleaning)
The Dry Lands: a Hutch and A'ris novel,Trish Marie Dawson (Goodreads Author),'B00I6L06BS,00606,Invalid Length (not 10 or 13 after cleaning)
The Night's Night,D.B. Tarpley (Goodreads Author) (Editor),'B00LMS9AQ4,0094,Invalid Length (not 10 or 13 after cleaning)
Emotions Unplugged,Vishal Anand (Goodreads Author),'B00LOWZVQG,00,Invalid Length (not 10 or 13 after cleaning)
The Gold Miner's Daughter,Jessica Cox,'B00LTD7E2Y,0072,Invalid Length (not 10 or 13 after cleaning)
Love When You Say Love,Odilia Rivera-Santos (Goodreads Author),'B00IORI5TO,005,Invalid Length (not 10 or 13 after cleaning)
NETfold (Cyberpunk Adventure #1),Gur Shomron (Goodreads Author),'B006Z0KJLO,0060,Invalid Length (not 10 or 13 after cleaning)
Sweet Temptation (Divine Temptations #1),Lolo Mayaya (Goodreads Author),,,Invalid Length (not 10 or 13 after cleaning)
The Dude Who Did Dictionaries,Josh Mitchell (Goodreads Author),'B00M0DUI8Y,0008,Invalid Length (not 10 or 13 after cleaning)
The Divine: Divinity Stone Book Two,"Desiree DeOrto (Goodreads Author), Anna Gorman Coy (Editor)",'B00M5JQ4GI,0054,Invalid Length (not 10 or 13 after cleaning)
STRUGGS,Brad Hecht,'B00H5CE6OM,0056,Invalid Length (not 10 or 13 after cleaning)
The Complete Guide in eBook Kindle Business: How to Start a Home Based eBook Kindle Business to Earn Extra Money and a Passive Income,Sheryl Blume,'B00MD16A94,001694,Invalid Length (not 10 or 13 after cleaning)
Scarred - An American Warrior's Tale,Max Cummings,'B00NO3IH1Y,0031,Invalid Length (not 10 or 13 after cleaning)
The Twelve Cataclysms: Book I - Protasis,Rob Queen (Goodreads Author),'B00LDCEL5O,005,Invalid Length (not 10 or 13 after cleaning)
Forever Night,A.M. Willard,'B00MB13S1E,00131,Invalid Length (not 10 or 13 after cleaning)
Invisible,Cecily Anne Paterson (Goodreads Author),,,Invalid Length (not 10 or 13 after cleaning)
Mortal End: A Simmering Pit of Jiggery Pokery,"Toula Mavridou-Messer (Goodreads Author), Jimmy Messer (Illustrator)",'B00M7JABLK,007,Invalid Length (not 10 or 13 after cleaning)
Fire Light,J. Abram Barneck (Goodreads Author),'B00EQANIJU,00,Invalid Length (not 10 or 13 after cleaning)
Earthly Powers,David Anderson (Goodreads Author),'B00KXAR1CW,001,Invalid Length (not 10 or 13 after cleaning)
The Sordid Promise,Courtney Lane (Goodreads Author),'B00J752LME,00752,Invalid Length (not 10 or 13 after cleaning)
Fangless,Elias Zapple (Goodreads Author),'B00LBY9MIU,009,Invalid Length (not 10 or 13 after cleaning)
Hadi,Saleh M. Radaideh (Goodreads Author),'B00MW961RI,00961,Invalid Length (not 10 or 13 after cleaning)
Sal,Megan O'Brien (Goodreads Author),'B00LXK4KIO,004,Invalid Length (not 10 or 13 after cleaning)
In Bad Spirits,Chris Marie Green (Goodreads Author),'B00FEZYD8Q,008,Invalid Length (not 10 or 13 after cleaning)
Bad Elements: Crystal Dragon,"Lynn Mullican (Goodreads Author), Vic Weiford (Graphic Designer)",,,Invalid Length (not 10 or 13 after cleaning)
Illuminated,Jackie Castle (Goodreads Author),,,Invalid Length (not 10 or 13 after cleaning)
"The 90 Day Plan to Marketing Your Book: A Powerful Day to Day Proven Strategy to Implement, Maximize Exposure and Explode Sales of Your Book",Melissa Se (Editor),'B00L2HTEC0,0020,Invalid Length (not 10 or 13 after cleaning)
Aftermath of an Addiction,Sandra Shrewsbury (Goodreads Author),,,Invalid Length (not 10 or 13 after cleaning)
Inahpozishun Tulogeck,Larry Mitchell (Goodreads Author),,,Invalid Length (not 10 or 13 after cleaning)
"Revenge of the Dragon (The Midnight Sun Trilogy, #1)","Rania Badawy (Goodreads Author), Ibtisam (Foreword), Iman (Foreword), aram (Foreword)",'B00K9U91VA,00991,Invalid Length (not 10 or 13 after cleaning)
In Sickness and in Health,Krissy V. (Goodreads Author),'B00K7S96W8,007968,Invalid Length (not 10 or 13 after cleaning)
Tesoro II: Secrets of a Captain's Journal,Andrea Hintz (Goodreads Author),'B00P5D7IV6,00576,Invalid Length (not 10 or 13 after cleaning)
The Escort,Curtis Kinnett (Goodreads Author),'B00OT36R9C,00369,Invalid Length (not 10 or 13 after cleaning)
Endurance,"Jack Kilborn, J.A. Konrath (Goodreads Author)",'B003STD7BO,0037,Invalid Length (not 10 or 13 after cleaning)
Hart Attack,Cristin Harber (Goodreads Author),,,Invalid Length (not 10 or 13 after cleaning)
Keeper,Robyn Roze (Goodreads Author),'B00AYYPDF4,004,Invalid Length (not 10 or 13 after cleaning)
The Soul and the Seed,Arie Farnam (Goodreads Author),'B00MQ99F0Y,00990,Invalid Length (not 10 or 13 after cleaning)
Outcry - Holocaust memoirs,Manny Steinberg,,,Invalid Length (not 10 or 13 after cleaning)
How To Start a Business From Home,"Perry Belcher, Trisha Sebastian (Goodreads Author) (Editor)",'B004TZ073C,004073,Invalid Length (not 10 or 13 after cleaning)
Conspiracy,O.L. Ramos (Goodreads Author),'B00PM6T2ZG,0062,Invalid Length (not 10 or 13 after cleaning)
Agent 21,Chris Ryan,'B004FV4XPI,0044,Invalid Length (not 10 or 13 after cleaning)
Abstract Love,Samantha Christy (Goodreads Author),,,Invalid Length (not 10 or 13 after cleaning)
After the Evil,Cary Allen Stone (Goodreads Author),,,Invalid Length (not 10 or 13 after cleaning)
Eternity Awaits,E.V. Emmons (Goodreads Author),'B00PMETP8W,008,Invalid Length (not 10 or 13 after cleaning)
Going Down,Elise Sax,'B00MT7UIQI,007,Invalid Length (not 10 or 13 after cleaning)
A Prayer Heeded,Samreen Ahsan (Goodreads Author),'B00IDVBPAM,00,Invalid Length (not 10 or 13 after cleaning)
Internal Conflict,E.A. Stripling (Goodreads Author),'B00QR1BEM4,0014,Invalid Length (not 10 or 13 after cleaning)
Deception vol.1 (Turbulent Desire Series),Ericka Santana (Goodreads Author),'B00PJHT7I0,0070,Invalid Length (not 10 or 13 after cleaning)
"Christmas Eve, Eve!: How Katie found the best present of all, The Present Moment (Motivational Stories for Children Collection Book 2)","Sarah Lawrence (Goodreads Author), Neil Henderson (Illustrator)",'B00QQS6U3G,0063,Invalid Length (not 10 or 13 after cleaning)
The War of Alien Aggression,A.D. Bloom,'B00ODIGVHQ,00,Invalid Length (not 10 or 13 after cleaning)
Confessions of a Bronx Bookie,Billy O'Connor (Goodreads Author),'B00QXMKYPU,00,Invalid Length (not 10 or 13 after cleaning)
Thirty-Eight Days,Len Webster (Goodreads Author),,,Invalid Length (not 10 or 13 after cleaning)
Fractured Immortal,E.L. Wicker (Goodreads Author),'B00POKZDNU,00,Invalid Length (not 10 or 13 after cleaning)
Easy Guide to Baby Sign Language,J.R. Cagle (Goodreads Author),'B00HXONQVQ,00,Invalid Length (not 10 or 13 after cleaning)
Dog Water Free,Michael Jay (Goodreads Author),'B008X7JGQG,0087,Invalid Length (not 10 or 13 after cleaning)
Weapon of Choice,Aaron D'Este (Goodreads Author),'B00RFX5DYI,005,Invalid Length (not 10 or 13 after cleaning)
How to do things,Dean Moriarty,'B00IW7864K,007864,Invalid Length (not 10 or 13 after cleaning)
Against the Wall,Alexa Land (Goodreads Author),'B00S5LFU5Q,0055,Invalid Length (not 10 or 13 after cleaning)
Song to the Moon,Laura Giebfried (Goodreads Author),'B00S1IAPJO,001,Invalid Length (not 10 or 13 after cleaning)
Delinquents,"Mary Elizabeth (Goodreads Author), Sarah Elizabeth, Sarah . (Goodreads Author)",'B00OTSKNII,00,Invalid Length (not 10 or 13 after cleaning)
YOUR HUSBAND MY MAN 4,K.C. Blaze (Goodreads Author),'B00SA85YJQ,0085,Invalid Length (not 10 or 13 after cleaning)
Persephone in Hell,C.F. Joyce (Goodreads Author),'B00KDHOP2Y,002,Invalid Length (not 10 or 13 after cleaning)
Without A Doubt,B.F. Harrolle,'B00OJBXVKW,00,Invalid Length (not 10 or 13 after cleaning)
Tenacity: A Memoir,Jonathan Lessin (Goodreads Author),'B00S6IJY3M,0063,Invalid Length (not 10 or 13 after cleaning)
Loving War,C.M. Owens (Goodreads Author),'B00R85NT80,008580,Invalid Length (not 10 or 13 after cleaning)
The Senate Intelligence Committee Report on Torture: Committee Study of the Central Intelligence Agency's Detention and Interrogation Program,Senate Select Committee on Intelligence,'B00R047YTY,00047,Invalid Length (not 10 or 13 after cleaning)
Broken By Truth,"Jeri Fink (Goodreads Author), Donna Paltrowitz",'B00NVMUAFY,00,Invalid Length (not 10 or 13 after cleaning)
In a Glass Grimmly,Adam Gidwitz (Goodreads Author),'B007FEFDKQ,007,Invalid Length (not 10 or 13 after cleaning)
Greegs & Ladders,"Zack Mitchell, Danny Mendlow (Goodreads Author)",'B00DPQFATM,00,Invalid Length (not 10 or 13 after cleaning)
"The Complete Liveship Traders Trilogy: Ship of Magic, The Mad Ship, Ship of Destiny",Robin Hobb (Goodreads Author),'B00A1Y0SJS,0010,Invalid Length (not 10 or 13 after cleaning)
Sugar Coated,Shannen Crane Camp (Goodreads Author),,,Invalid Length (not 10 or 13 after cleaning)
A Decent Woman,Eleanor Parker Sapia (Goodreads Author),,,Invalid Length (not 10 or 13 after cleaning)
"Chronicles of the Nocturnal Forest (Stories of the Fairy of my Dreams, #1)",Vanessa Kings (Goodreads Author),,,Invalid Length (not 10 or 13 after cleaning)
Enlightenment,Kim Cormack (Goodreads Author),'B00U37SJDK,0037,Invalid Length (not 10 or 13 after cleaning)
Cosby's Love Child: The Untold Story of Autumn Jackson the Alleged Daughter of Entertainer Bill Cosby,Jewel Star (Goodreads Author),'B00QNZSMS8,008,Invalid Length (not 10 or 13 after cleaning)
"Burning Entrepreneur: How to Launch, Fund, and Set Your Startup on Fire",Brad Feld (Goodreads Author),'B00770HOCI,00770,Invalid Length (not 10 or 13 after cleaning)
لافتات 7,أحمد مطر,,,Invalid Length (not 10 or 13 after cleaning)
"Dark Confessions of an Extraordinary, Ordinary Woman",Jenn Sadai (Goodreads Author),'B00IDE0D0W,0000,Invalid Length (not 10 or 13 after cleaning)
Following the Sun,Alisa Mullen (Goodreads Author),,,Invalid Length (not 10 or 13 after cleaning)
A Longtime -and at one point illegal- Crush,Janette Rallison (Goodreads Author),,,Invalid Length (not 10 or 13 after cleaning)
The Dark Elf,Travis Stinnett (Goodreads Author),'B00KWADYJC,00,Invalid Length (not 10 or 13 after cleaning)
The Sect,Courtney Lane (Goodreads Author),'B00QMJGWDW,00,Invalid Length (not 10 or 13 after cleaning)
Mark and Brenden: The Trip,Damien Wynn (Goodreads Author),'B00VMRVAEA,00,Invalid Length (not 10 or 13 after cleaning)
House Of Hope International Cookbook,"Denise Marie Mari (Goodreads Author), Lynn Marie Knapke (Goodreads Author), Aaron Shaun Brennan",,,Invalid Length (not 10 or 13 after cleaning)
Cursed Fate,T.H. Snyder (Goodreads Author),'B00OVJSJZO,00,Invalid Length (not 10 or 13 after cleaning)
Volition,Lily Paradis (Goodreads Author),,,Invalid Length (not 10 or 13 after cleaning)
The Billionaire Rancher's Bargain for A Bride,J.J. Fox (Goodreads Author),'B00V400S1Q,004001,Invalid Length (not 10 or 13 after cleaning)
Quest for the Virgins,David Beaupre (Goodreads Author),'B00W02IX8W,00028,Invalid Length (not 10 or 13 after cleaning)
Saving Mercy,Nicole Tillman (Goodreads Author),,,Invalid Length (not 10 or 13 after cleaning)
Torn,Billy Wood-Smith (Goodreads Author),'B00UNI8GVE,008,Invalid Length (not 10 or 13 after cleaning)
The Little Sentinel Of The Sierra Nevada,Paul Williams (Goodreads Author),'B00T9YVUES,009,Invalid Length (not 10 or 13 after cleaning)
Cries of a Teenage Boy,Derek Alexander,'B007E2WWS0,00720,Invalid Length (not 10 or 13 after cleaning)
The Ghost's Child,Sonya Hartnett,,,Invalid Length (not 10 or 13 after cleaning)
Roommate of Fire,Aiden Bates (Goodreads Author),'B00WPZ43Q0,00430,Invalid Length (not 10 or 13 after cleaning)
Paradigm Shift: How proper organization and preparation are the back-bones of any trading success (Trading Easyread Series Book 1),Yvan Byeajee (Goodreads Author),'B00LRYXMTO,00,Invalid Length (not 10 or 13 after cleaning)
Trust,"Ella Frank, Shannon Gunn (Reading)",,,Invalid Length (not 10 or 13 after cleaning)
"Cocaine Ain't for Me, but I Love the Smell (Bitch, You Don't Know My Life Book 1)",Justone Malone,'B00V58YDWC,0058,Invalid Length (not 10 or 13 after cleaning)
Adventures of the Great Marlo & The Blue Pearl,Gary Markwick (Goodreads Author),'B00PKEQXOI,00,Invalid Length (not 10 or 13 after cleaning)
Do Not Resuscitate,Nicholas Ponticello (Goodreads Author),'B00VKSQFIC,00,Invalid Length (not 10 or 13 after cleaning)
Dusty,"YellowBella, TeamBella23 (pseudonym ), YellowGlue (pseudonym )",,,Invalid Length (not 10 or 13 after cleaning)
Crazy Good,Rachel Robinson (Goodreads Author),'B00JJZLJRU,00,Invalid Length (not 10 or 13 after cleaning)
The Legacy,A'Mera Frieman,'B00WTNE1E2,0012,Invalid Length (not 10 or 13 after cleaning)
Determinational,Monique Koll (Goodreads Author),'B00TRD2GMG,002,Invalid Length (not 10 or 13 after cleaning)
Hooligans,Chaz Fenwick (Goodreads Author),,,Invalid Length (not 10 or 13 after cleaning)
After Midnight,Sarah Grimm (Goodreads Author),'B00GPVZG6Q,006,Invalid Length (not 10 or 13 after cleaning)
The Boss,Abigail Barnette,,,Invalid Length (not 10 or 13 after cleaning)
Little Girl Lost,Anonymous,'B005VUU590,005590,Invalid Length (not 10 or 13 after cleaning)
The Auric Insignia (The Aurelian Epics Book 1),"Perry Horste (Goodreads Author), Tommaso Tagliabue (Illustrator)",'B00V0NGCH6,0006,Invalid Length (not 10 or 13 after cleaning)
The Power Of Now: Practice It And Attain Enlightenment,Megan Coulter (Goodreads Author),'B00Z1YUFRS,001,Invalid Length (not 10 or 13 after cleaning)
The Voice of Jamaica,Saccheen Laing (Goodreads Author),'B00UMD9HUY,009,Invalid Length (not 10 or 13 after cleaning)
The Rage Plague,Bobbie Owen-Simonson,'B00GMB7KI6,0076,Invalid Length (not 10 or 13 after cleaning)
Betrothed,Wanda Wiltshire (Goodreads Author),,,Invalid Length (not 10 or 13 after cleaning)
Wind Chime Café,Sophie Moss (Goodreads Author),'B00I8OS77S,00877,Invalid Length (not 10 or 13 after cleaning)
The Art Sleuth,Mary Anne Pennington (Goodreads Author),'B00W8FE1RI,0081,Invalid Length (not 10 or 13 after cleaning)
Bloodlust: Will to Power,C.P.D. Harris (Goodreads Author),,,Invalid Length (not 10 or 13 after cleaning)
My Father's Son,Andy Symonds (Goodreads Author),,,Invalid Length (not 10 or 13 after cleaning)
Beyond Tweeting: Build Influence on Twitter,David V. Kimball (Goodreads Author),'B010RZVYM0,0100,Invalid Length (not 10 or 13 after cleaning)
Because of Him,Jessica Roe (Goodreads Author),'B00R1PTSLY,001,Invalid Length (not 10 or 13 after cleaning)
The Winter Sword,Alaric Longward (Goodreads Author),'B011CCDJO8,0118,Invalid Length (not 10 or 13 after cleaning)
The Zombie Chronicles,Chrissy Peebles,'B008R53WBO,00853,Invalid Length (not 10 or 13 after cleaning)
Annie and the Senator (Annie Chan Thrillers #1),Robert W. McGee (Goodreads Author),'B00TKOTORC,00,Invalid Length (not 10 or 13 after cleaning)
Summer's Sweet Embrace: A Sweet Romance Anthology,"Kim Strattford (Goodreads Author), Laurie Treacy (Goodreads Author), Christa MacDonald (Goodreads Author), Niki Mitchell (Goodreads Author), Michelle Ziegler (Goodreads Author), Jaylee Austin (Goodreads Author), Sheryl Winters (Goodreads Author), Melissa J. Crispin (Goodreads Author)",,,Invalid Length (not 10 or 13 after cleaning)
Broken,J.L. Drake (Goodreads Author),'B00U6XPLTG,006,Invalid Length (not 10 or 13 after cleaning)
Dirty Love in a Doomsday Shelter,"Spunky Buttons (Goodreads Author), Darla Cupcake (Translator)",'B0140LI51K,014051,Invalid Length (not 10 or 13 after cleaning)
Damnation,Jean Johnson (Goodreads Author),,,Invalid Length (not 10 or 13 after cleaning)
Just Another Number,"Maggie Georgiana Young (Goodreads Author), Ashley Taborsky (Editor), Cole Sweeton (Illustrator)",'B00UCN3GWY,003,Invalid Length (not 10 or 13 after cleaning)
Urban Romance: Breaking the Cycle,"Ashton G. Mendez (Goodreads Author), Lenny Augustine (Editor), Christian Urban (Editor)",'B01344BSX6,013446,Invalid Length (not 10 or 13 after cleaning)
Love After Pain,Torrie Robles (Goodreads Author),'B014B9THMM,0149,Invalid Length (not 10 or 13 after cleaning)
Trauma Room Two,Philip Allen Green (Goodreads Author),'B0158RGOJK,0158,Invalid Length (not 10 or 13 after cleaning)
18 Cheap Gluten-Free Dessert Recipes (Cheap Gluten-Free Recipes Book 2),Michael Zhang (Goodreads Author),'B015ANTTQW,015,Invalid Length (not 10 or 13 after cleaning)
The Vacancy,Cael Percy (Goodreads Author),,,Invalid Length (not 10 or 13 after cleaning)
Milo & Ze: A Bull Terrier Puppy Adventure,"Mark Watson (Goodreads Author), Pablo Michau (Illustrator)",'B00Q4TODYU,004,Invalid Length (not 10 or 13 after cleaning)
His Heart Her Soul: Soul Series 1,Kahla McDonald (Goodreads Author),'B010F7S5MM,01075,Invalid Length (not 10 or 13 after cleaning)
Saint Vampire,S.H. Bown,'B015TBKKR2,0152,Invalid Length (not 10 or 13 after cleaning)
Bryce,Natalie Decker (Goodreads Author),'B01ACR02AI,0102,Invalid Length (not 10 or 13 after cleaning)
The River Girl's Song,Angela C. Castillo (Goodreads Author),'B00X32KBL0,00320,Invalid Length (not 10 or 13 after cleaning)
How and Why God Evolved: An Alternative Perspective,Babar Shah Khan,'B014MF29PC,01429,Invalid Length (not 10 or 13 after cleaning)
Midnight Hour Collection,Russell Simpson,'B016R0DZ3U,01603,Invalid Length (not 10 or 13 after cleaning)
Rise,Belle Antoinette (Goodreads Author),,,Invalid Length (not 10 or 13 after cleaning)
"Touched by Fire, Part I",Marco Berrios (Goodreads Author),,,Invalid Length (not 10 or 13 after cleaning)
Fuzzy Mud,Louis Sachar (Goodreads Author),'B00PEPO9AI,009,Invalid Length (not 10 or 13 after cleaning)
Excess of Being,"Lera Auerbach (Goodreads Author), Robert Rimm (Goodreads Author) (Editor)",'B00PYRITB6,006,Invalid Length (not 10 or 13 after cleaning)
Extinction Horizon,Nicholas Sansbury Smith (Goodreads Author),'B00QJKUF1E,001,Invalid Length (not 10 or 13 after cleaning)
The Budget Cookbook: Cook Restaurant Quality Meals at Home on a Shoestring Budget,Sarah Sophia (Goodreads Author),,,Invalid Length (not 10 or 13 after cleaning)
From Victim To Victory Book Series: Level 1: Core Principles,Sascha Gorokhoff,'B0141RED3C,01413,Invalid Length (not 10 or 13 after cleaning)
All Out,Noah Harris (Goodreads Author),'B017MUQE1Y,0171,Invalid Length (not 10 or 13 after cleaning)
The Excellence Habit - How Small Changes In Our Mindset Can Make A Big Difference In Our Lives: For All Who Feel Stuck,Vlad Zachary (Goodreads Author),'B017UQT2SW,0172,Invalid Length (not 10 or 13 after cleaning)
The Witch's Disease,Layla AlJailani (Editor),'B017GA0772,0170772,Invalid Length (not 10 or 13 after cleaning)
"Deserted (Deserted, #1)",L.M. McCleary (Goodreads Author),'B0189H0T42,0189042,Invalid Length (not 10 or 13 after cleaning)
The Wind Guardian,Frank Scozzari (Goodreads Author),'B017HFIIY0,0170,Invalid Length (not 10 or 13 after cleaning)
Chasing After Infinity,L. Jayne,'B00AL0J2K8,00028,Invalid Length (not 10 or 13 after cleaning)
Beaten,Rebekah Rue (Goodreads Author),,,Invalid Length (not 10 or 13 after cleaning)
Key of the Phantasm,Stacey T. Hunt (Goodreads Author),,,Invalid Length (not 10 or 13 after cleaning)
No Place to Run: The shocking sequel to No Way Out! By Jane McNulty and Olivia Hauvuy,"Jane McNulty, Olivia Hauvuy",'B015NLSD86,01586,Invalid Length (not 10 or 13 after cleaning)
How to get the best out of Life Book: Read this short Book and your life will never be the same,Ayan (Goodreads Author),'B0194DR2P4,019424,Invalid Length (not 10 or 13 after cleaning)
Homestuck,Andrew Hussie,,,Invalid Length (not 10 or 13 after cleaning)
Wicked Series Complete Box Set,M.S. Parker (Goodreads Author),'B018FNBDOK,018,Invalid Length (not 10 or 13 after cleaning)
Start the Game,"Vasily Mahanenko (Goodreads Author), Boris Smirnov (Translator)",'B012B9L0DI,01290,Invalid Length (not 10 or 13 after cleaning)
A Sister's Promise,Renita D'Silva (Goodreads Author),'B00Y0HIIWQ,000,Invalid Length (not 10 or 13 after cleaning)
Stolen,Lisa C. Hinsley (Goodreads Author),'B00TE3PKQI,003,Invalid Length (not 10 or 13 after cleaning)
Blood on the Sand,Mikhail Lerma (Goodreads Author),'B00M2C58Y2,002582,Invalid Length (not 10 or 13 after cleaning)
Step In To the Light,Holly Blackstone (Goodreads Author),,,Invalid Length (not 10 or 13 after cleaning)
"Replace Your Missing Teeth! Kiss, Smile, Eat and Feel Great!",Garry Bonsall (Goodreads Author),'B01A9874HO,019874,Invalid Length (not 10 or 13 after cleaning)
"The Mustard Seed, a Novel by Peter Szondy",Peter Szondy (Goodreads Author),'B01A9A54K6,019546,Invalid Length (not 10 or 13 after cleaning)
The Shadow's Curse,Amy McCulloch (Goodreads Author),,,Invalid Length (not 10 or 13 after cleaning)
Saving Wild: Inspiration from 50 Leading Conservationists,"Lori Robinson (Goodreads Author), Jane Goodall (Foreword)",'B01BPFV1AG,011,Invalid Length (not 10 or 13 after cleaning)
Before Colin: A Downright Delinquents Bonus Book,Lauren Jackson,'B017T8WJIG,0178,Invalid Length (not 10 or 13 after cleaning)
"Ronel & The Best Gift Ever!: The story of a boy's love for Animals, Nature, Art, and his Friends","Ronel Pierre, Rosa Sophia (Goodreads Author) (Editor)",'B01BQWTCBS,01,Invalid Length (not 10 or 13 after cleaning)
Ketki ni kalame: Gujarati Edition,"Zeel Shah (Goodreads Author) (Editor), Harsh Shah (Photographer)",'B0164QTWQQ,0164,Invalid Length (not 10 or 13 after cleaning)
"Why the Chicken Crossed the World: 18 Surprising Secrets from China on Success, Wealth, and Happiness (Funky Chicken)",Funky Chicken (Goodreads Author),'B01C5J6UAC,0156,Invalid Length (not 10 or 13 after cleaning)
An Inkling Hope: Select Poems,"Erin A. Thomas (Goodreads Author), Daniel Barth (Foreword)",'B00IWMFG34,0034,Invalid Length (not 10 or 13 after cleaning)
Silly of Me: May The Best Woman Win,Tiffany Forbes (Goodreads Author),'B01BFYBLSY,01,Invalid Length (not 10 or 13 after cleaning)
Commissioning,Alyson Santos (Goodreads Author),,,Invalid Length (not 10 or 13 after cleaning)
Sands of Time,Christine Church (Goodreads Author),,,Invalid Length (not 10 or 13 after cleaning)
Alive for Now,Bob Howard (Goodreads Author),'B01A4YRRTI,014,Invalid Length (not 10 or 13 after cleaning)
The Storyspinner,Becky Wallace (Goodreads Author),'B00KU4O3R2,00432,Invalid Length (not 10 or 13 after cleaning)
Seasons of Love and War,Brenda Ashworth Barry,'B00J831FUY,00831,Invalid Length (not 10 or 13 after cleaning)
KJV Study Bible,Anonymous (Editor),'B00HV42TK2,00422,Invalid Length (not 10 or 13 after cleaning)
Path to Peace: A Guide to Managing Life After Losing a Loved One,Angie Ransome-Jones,'B017I6CCFE,0176,Invalid Length (not 10 or 13 after cleaning)
The Angelfall Trilogy,Susan Ee (Goodreads Author),'B0166ZKKW0,01660,Invalid Length (not 10 or 13 after cleaning)
The Forgotten Way Meditations: The Path of Yeshua for Power and Peace in This Life,Ted Dekker (Goodreads Author),'B016LCS1E2,01612,Invalid Length (not 10 or 13 after cleaning)
The Seed,Ken Macrae,'B01AU3C80Q,01380,Invalid Length (not 10 or 13 after cleaning)
Forty-Four Box Set Books 6-10,Jools Sinclair,'B00NTN7FZS,007,Invalid Length (not 10 or 13 after cleaning)
The Peshwa: The Lion and the Stallion,Ram Sivasankaran (Goodreads Author),'B019Q0W7Q4,019074,Invalid Length (not 10 or 13 after cleaning)
Smog City,Rebecca McNutt (Goodreads Author),,,Invalid Length (not 10 or 13 after cleaning)
Embrace The Dawning,Betty Shreffler (Goodreads Author),'B01EK5QNZG,015,Invalid Length (not 10 or 13 after cleaning)
The Willow Branch,Lela Markham (Goodreads Author),,,Invalid Length (not 10 or 13 after cleaning)
Power of the Hidden Realm,Vijaylaxmi Thakur (Goodreads Author),,,Invalid Length (not 10 or 13 after cleaning)
Diary of a Serial Killer,Shawn William Davis (Goodreads Author),'B00KCXVG7G,007,Invalid Length (not 10 or 13 after cleaning)
The Forest King's Daughter,Kendra Olson (Goodreads Author),'B00UBTSNBI,00,Invalid Length (not 10 or 13 after cleaning)
Book of Immortals Series: Volume 1-3,Kassandra Lynn (Goodreads Author),'B016C4Q9HA,01649,Invalid Length (not 10 or 13 after cleaning)
Impending Earth,J.R. Clark (Goodreads Author),'B01FVBFXNG,01,Invalid Length (not 10 or 13 after cleaning)
A Violet and Two Gentlemen,Petronela Ungureanu (Goodreads Author),'B01FUXSN1Y,011,Invalid Length (not 10 or 13 after cleaning)
Dead by Morning,Kayla Krantz (Goodreads Author),,,Invalid Length (not 10 or 13 after cleaning)
Anthology Complex,M.B. Julien,,,Invalid Length (not 10 or 13 after cleaning)
Operation Sunset,Leslie Wolfe (Goodreads Author),'B01GDLIVKU,01,Invalid Length (not 10 or 13 after cleaning)
En cien años todos muertos: Guía para emprender o morir... sin haberlo hecho,Joan Boluda,'B01E3YGMXM,013,Invalid Length (not 10 or 13 after cleaning)
The Detour (The rift series Book 1),"Kay Dee, Sherry Hoium (Photographer)",'B01JDBO5ZM,015,Invalid Length (not 10 or 13 after cleaning)
"the Struggle for The Holy Land: Arabs, Jews and The Emergence of Israel",William Hare,'B00U7HGGSG,007,Invalid Length (not 10 or 13 after cleaning)
Until Harry,L.A. Casey (Goodreads Author),,,Invalid Length (not 10 or 13 after cleaning)
Torn Away,Jennifer Brown,'B00EXTQSVO,00,Invalid Length (not 10 or 13 after cleaning)
Church Corp.,"Amazon Digital Services Inc., Peter Webster (Narrator)",'B00J55LZWI,0055,Invalid Length (not 10 or 13 after cleaning)
Le Caprice des dieux,Tina Noiret,'B01HRKBTZ0,010,Invalid Length (not 10 or 13 after cleaning)
La senda del arquero: (Libro I),"R M. André, Javier Davila (Illustrator)",'B01IDBEWJ2,012,Invalid Length (not 10 or 13 after cleaning)
Dream Girls Box Set,Carrie Thomas (Goodreads Author),'B01GPROS72,0172,Invalid Length (not 10 or 13 after cleaning)
Warped,Jeff Menapace (Goodreads Author),'B00NH6GUIK,006,Invalid Length (not 10 or 13 after cleaning)
The Back Road,Rachel Abbott (Goodreads Author),'B00BP8JQ9M,0089,Invalid Length (not 10 or 13 after cleaning)
A Selfless Man,Shawn Raymond Poalillo (Goodreads Author),'B01IRU7EY4,0174,Invalid Length (not 10 or 13 after cleaning)
La chica del pelo azul,Laura Sanz (Goodreads Author),'B01LLYMLM8,018,Invalid Length (not 10 or 13 after cleaning)
Genesis Girl,Jennifer Bardsley (Goodreads Author),,,Invalid Length (not 10 or 13 after cleaning)
"That One Kid Who Freaked Out, Or Whatever",A.J.J. Bourque,'B01A7VA5CO,0175,Invalid Length (not 10 or 13 after cleaning)
Calling the Reaper (First Book of Purgatory 1),Jason Pere (Goodreads Author),'B01BMMZLB2,012,Invalid Length (not 10 or 13 after cleaning)
Soulsmith,Will Wight (Goodreads Author),'B01M09PWJQ,0109,Invalid Length (not 10 or 13 after cleaning)
Healing Naturally and Primary Reflexes - Restore energy with organic moves,Margaret Mulder (Goodreads Author),'B01LZK89WE,0189,Invalid Length (not 10 or 13 after cleaning)
Janus Quadrifrons,Spark D'Ark (Goodreads Author),'B01LWZ850G,01850,Invalid Length (not 10 or 13 after cleaning)
"The Desert Princess (The Sultan's Heir, #2)",Christina Bates (Goodreads Author),'B01LBUXEEG,01,Invalid Length (not 10 or 13 after cleaning)
Mind Games (Southern Psychic Sisters),Amerine Graham (Goodreads Author),'B01M65D0LQ,01650,Invalid Length (not 10 or 13 after cleaning)
Demonspawn,Christina Engela (Goodreads Author),'B00WLP4DAK,004,Invalid Length (not 10 or 13 after cleaning)
"The Feral Sentence, part 3",G.C. Julien,'B01MDN5ZC7,0157,Invalid Length (not 10 or 13 after cleaning)
Timecrest,Lisa J. Skye (Goodreads Author),,,Invalid Length (not 10 or 13 after cleaning)
Born of Legend,Sherrilyn Kenyon (Goodreads Author),,,Invalid Length (not 10 or 13 after cleaning)
The Wave at Hanging Rock,Gregg Dunnett (Goodreads Author),'B01J3S1R6A,01316,Invalid Length (not 10 or 13 after cleaning)
The Change,Teyla Branton (Goodreads Author),,,Invalid Length (not 10 or 13 after cleaning)
Through the Barricades,Denise Deegan (Goodreads Author),'B01MSW2FOL,012,Invalid Length (not 10 or 13 after cleaning)
Something There In Between,S. Ferguson (Goodreads Author),'B01N7JGBI9,0179,Invalid Length (not 10 or 13 after cleaning)
Dying For Revenge,Barbara Golder (Goodreads Author),'B01F9IGQVE,019,Invalid Length (not 10 or 13 after cleaning)
Shadow of a Dead Star,Michael Shean (Goodreads Author),'B006JQ1HLA,0061,Invalid Length (not 10 or 13 after cleaning)
"Me and My Mate Jeffrey: A story of big dreams, tough realities and facing my demons head on",Niall Breslin,'B012W3ETOK,0123,Invalid Length (not 10 or 13 after cleaning)
Need,Joelle Charbonneau,,,Invalid Length (not 10 or 13 after cleaning)
Next Spin : Tryst with greed,Satish Batakala (Goodreads Author),'B01N6EOELZ,016,Invalid Length (not 10 or 13 after cleaning)
Wedding Dreams,"Maggie Way (Goodreads Author), Iona Findley (Goodreads Author), Kristi Rose (Goodreads Author), K.M. Hodge (Goodreads Author), Lindzee Armstrong (Goodreads Author), Lita Lawson (Goodreads Author), Alix Nichols (Goodreads Author), Auriella Skye (Goodreads Author), more…",'B01NBVER4P,014,Invalid Length (not 10 or 13 after cleaning)
HCSB: Holman Christian Standard Bible,Anonymous,'B00CM13NTU,0013,Invalid Length (not 10 or 13 after cleaning)
Three Wells of the Sea,Terry Madden (Goodreads Author),'B01E2MZERA,012,Invalid Length (not 10 or 13 after cleaning)
Daisy Chain,Mark Montgomery (Goodreads Author),,,Invalid Length (not 10 or 13 after cleaning)
Lessons from a CF Cornerman: 38 Lessons I Learned During My Wife's Illness And Lung Transplant,Raymond L. Poole,'B01M6DWUWY,016,Invalid Length (not 10 or 13 after cleaning)
Vannie,Ryan Schow,'B06X1B6Z42,061642,Invalid Length (not 10 or 13 after cleaning)
The Lady of the Fig Tree The Healing Power of Meditation 1 The History and Significance of Meditation,Abo Polak,'B01IC80FMY,0180,Invalid Length (not 10 or 13 after cleaning)
The Relatable Tales: Talkative Silence,Various,'B06XNYDFTX,06,Invalid Length (not 10 or 13 after cleaning)
A Light in the Dark,Kelly Bedford (Goodreads Author),'B06WWRGXJF,06,Invalid Length (not 10 or 13 after cleaning)
The Stranger Inside (Strangers #4),Jennifer Jaynes,'B01LYE4TQ9,0149,Invalid Length (not 10 or 13 after cleaning)
The Butterfly Project,Emma Scott (Goodreads Author),,,Invalid Length (not 10 or 13 after cleaning)
"The Emptiness is not Empty: A Textbook for non-meditators, beginning meditators, curious minds and anyone interested in progress.","Rudolph Kolar, Iori Yoshimura Kolar (Foreword)",'B01BJNJ3F4,0134,Invalid Length (not 10 or 13 after cleaning)
The First Storyteller,Varun Gwalani (Goodreads Author),,,Invalid Length (not 10 or 13 after cleaning)
Royalty,L.P. Maxa (Goodreads Author),'B0714HDG6N,07146,Invalid Length (not 10 or 13 after cleaning)
Spill Zone,"Scott Westerfeld (Goodreads Author), Alex Puvilland (Illustrator), Hilary Sycamore (Colorist)",,,Invalid Length (not 10 or 13 after cleaning)
Embers of Atlanta: A short story,Laurențiu M. Badea (Goodreads Author),'B0711TNL9L,07119,Invalid Length (not 10 or 13 after cleaning)
The Reapers,Ali Winters (Goodreads Author),,,Invalid Length (not 10 or 13 after cleaning)
Finding My Pack,Lane Whitt (Goodreads Author),,,Invalid Length (not 10 or 13 after cleaning)
Taking Flight,Siera Maley (Goodreads Author),'B00V8RYPJG,008,Invalid Length (not 10 or 13 after cleaning)
Origin Story,James Beltz (Goodreads Author),,,Invalid Length (not 10 or 13 after cleaning)
The Dead Silence,Jane B.,'B0742CJ6BF,07426,Invalid Length (not 10 or 13 after cleaning)
Las mujeres en la guerra,LARA PATRICIA,'B00T9GW0F4,00904,Invalid Length (not 10 or 13 after cleaning)
This is the Way the World Ends: An Oral History of the Zombie War,Keith Taylor (Goodreads Author),,,Invalid Length (not 10 or 13 after cleaning)
The Quiet Voice,A.L. Gyton (Goodreads Author),'B074LVQ68K,07468,Invalid Length (not 10 or 13 after cleaning)
16 Myths,Aim Ruivivar (Goodreads Author),'B01NCRFR6J,016,Invalid Length (not 10 or 13 after cleaning)
Light of My Heart,Elizabeth St. Michel (Goodreads Author),'B075FF5R8B,07558,Invalid Length (not 10 or 13 after cleaning)
Bambi,Veronica .,,,Invalid Length (not 10 or 13 after cleaning)
Trash,Thérésa Hedges (Goodreads Author),'B075WGKZ2P,0752,Invalid Length (not 10 or 13 after cleaning)
White Teacher/Black Mama,"Anita Kelley D'Abbraccio/Tiffany Lott Stevenson (Goodreads Author), Tiffany Stevenson (Goodreads Author)",'B074XFDCC2,0742,Invalid Length (not 10 or 13 after cleaning)
Sick Fux,Tillie Cole (Goodreads Author),,,Invalid Length (not 10 or 13 after cleaning)
Black Privilege: Opportunity Comes to Those Who Create It,Charlamagne Tha God,'B01LLXCGYC,01,Invalid Length (not 10 or 13 after cleaning)
The ‘Real World’ Guide to Digital Filmmaking,Kevin B. DiBacco,'B074KQBVHQ,074,Invalid Length (not 10 or 13 after cleaning)
The Talents of Bet,Steven Hammond,'B07688C5J9,0768859,Invalid Length (not 10 or 13 after cleaning)
The Son of Saint Death,Derek Weisman,'B0746PTZHQ,0746,Invalid Length (not 10 or 13 after cleaning)
"The Secret Journals of Adolf Hitler, Volume 1: The Anointed",A.G. Mogan (Goodreads Author),,,Invalid Length (not 10 or 13 after cleaning)
Remember Me,Lynda Renham (Goodreads Author),'B06XVDQDWB,06,Invalid Length (not 10 or 13 after cleaning)
Catalyst,Fletcher DeLancey (Goodreads Author),'B01MTXOTQC,01,Invalid Length (not 10 or 13 after cleaning)
Opposite Similarities,Mamoona Arshad (Goodreads Author),'B077SC33SM,07733,Invalid Length (not 10 or 13 after cleaning)
Pops and Me,Amit Hasak,'B0752S783Y,0752783,Invalid Length (not 10 or 13 after cleaning)
Scoundrels,"Victor Cornwall, St. John Trevelyan, Duncan Crowe (Editor), James Peak (Goodreads Author) (Editor)",'B06XDRJ3MW,063,Invalid Length (not 10 or 13 after cleaning)
7 Powerful Questions to Discover Your Dream Life,"Ngan H. Nguyen (Goodreads Author), Jennifer Jas (Editor)",,,Invalid Length (not 10 or 13 after cleaning)
Violent Ends,"Shaun David Hutchinson (Goodreads Author) (Editor), Kendare Blake (Goodreads Author), Steve Brezenoff, Delilah S. Dawson (Goodreads Author), Trish Doller (Goodreads Author), Margie Gelbwasser (Goodreads Author), E.M. Kokie (Goodreads Author), Cynthia Leitich Smith, more…",'B00TBKYIX0,000,Invalid Length (not 10 or 13 after cleaning)
No Fourth River. A Novel Based on a True Story. A profoundly moving read about a woman's fight for survival.,Christine Clayfield (Goodreads Author),'B077Q4P7SB,07747,Invalid Length (not 10 or 13 after cleaning)
Cambodia and the Year of UNTAC (Essential Essays Book 67),Tom Riddle,'B076FGX7MT,0767,Invalid Length (not 10 or 13 after cleaning)
The Forces Within,Stacy A. Padula (Goodreads Author),,,Invalid Length (not 10 or 13 after cleaning)
Sacrificed,Anna Applegate (Goodreads Author),'B077Y5Z69N,077569,Invalid Length (not 10 or 13 after cleaning)
Ditching Mr. Darcy,Samantha Whitman (Goodreads Author),'B077ZHGXY7,0777,Invalid Length (not 10 or 13 after cleaning)
Cross the Hall Magic,"V. Guyer (Goodreads Author), C. Guyer (Goodreads Author)",'B078HXP3NH,0783,Invalid Length (not 10 or 13 after cleaning)
Sweetness,Sierra Hill (Goodreads Author),,,Invalid Length (not 10 or 13 after cleaning)
What We Saw,Aaron Hartzler (Goodreads Author),,,Invalid Length (not 10 or 13 after cleaning)
Horn-Horn,A.D.T. McLellan (Goodreads Author),,,Invalid Length (not 10 or 13 after cleaning)
Shadow Dancing: My Journey as My Wife Came Out of the Closet,Gary Cooper (Goodreads Author),'B077TB2SHN,0772,Invalid Length (not 10 or 13 after cleaning)
Djinn,Sang Kromah (Goodreads Author),,,Invalid Length (not 10 or 13 after cleaning)
Dragon Prow Shadow,Paul Hodson (Goodreads Author),'B077ZZ2QMY,0772,Invalid Length (not 10 or 13 after cleaning)
Sons of Waywould,Albert John Asaro,,,Invalid Length (not 10 or 13 after cleaning)
Yes! I Have a Girlfriend... But she doesn't know,Harish Doke (Goodreads Author),,,Invalid Length (not 10 or 13 after cleaning)
The Messiah Conspiracy: Book One,Ian C.P. Irvine (Goodreads Author),'B016TUPTIW,016,Invalid Length (not 10 or 13 after cleaning)
Bring Me Their Hearts,Sara Wolf (Goodreads Author),,,Invalid Length (not 10 or 13 after cleaning)
Blood and Roses,Lylah James (Goodreads Author),,,Invalid Length (not 10 or 13 after cleaning)
Illusionary,LeAnn Mason (Goodreads Author),,,Invalid Length (not 10 or 13 after cleaning)
The Weight of Zero,Karen Fortunati (Goodreads Author),'B019B6WUJ2,01962,Invalid Length (not 10 or 13 after cleaning)
Resolved: 13 Resolutions for LIFE,Orrin Woodward (Goodreads Author),,,Invalid Length (not 10 or 13 after cleaning)
The Last Midnight,Gary Wenkle Smith,'B071YW26JX,07126,Invalid Length (not 10 or 13 after cleaning)
God Made Everyone Beautiful,Raymond Sturgis (Goodreads Author),'B07BK77GLB,0777,Invalid Length (not 10 or 13 after cleaning)
Theirs to Protect,Stasia Black (Goodreads Author),'B07BQSC1XL,071,Invalid Length (not 10 or 13 after cleaning)
Cupping Therapy Encyclopedia: New Edition,Tamer Shaban (Goodreads Author),'B07BPMSV45,0745,Invalid Length (not 10 or 13 after cleaning)
The Beggar,Soul LaVee (Goodreads Author),'B07BP31QFQ,0731,Invalid Length (not 10 or 13 after cleaning)
The Women of Heachley Hall,Rachel Walkley (Goodreads Author),'B07B53V6YM,07536,Invalid Length (not 10 or 13 after cleaning)
Flutter,Olivia Evans (Goodreads Author),'B072Z8KGVM,0728,Invalid Length (not 10 or 13 after cleaning)
The Gita For Children (IN),"Roopa Pai, Sayan Mukherjee (Illustrator)",'B0128BJ4OG,01284,Invalid Length (not 10 or 13 after cleaning)
Not the Faintest Trace,Wendy M. Wilson (Goodreads Author),'B078TL6XS4,07864,Invalid Length (not 10 or 13 after cleaning)
Auction of Emotions,"Yasir Monon (Goodreads Author), ইয়াসির মনন (Goodreads Author)",'B07CN5DM4R,0754,Invalid Length (not 10 or 13 after cleaning)
Lowcountry Bookshop,Susan M. Boyer (Goodreads Author),'B07B8T9983,0789983,Invalid Length (not 10 or 13 after cleaning)
From Lukov with Love,Mariana Zapata (Goodreads Author),,,Invalid Length (not 10 or 13 after cleaning)
The Journey Of An Artist,"Kimberley Mast, Kristian Kjul Pedersen (Goodreads Author), Fenna Quarré, Maria Johansen, Joost Ykema, Lucas Valentin Petersen",,,Invalid Length (not 10 or 13 after cleaning)
hAurorae. The recalling or the retelling of the many Pasts made Present & Whole again.,Gabriel McCaughry,,,Invalid Length (not 10 or 13 after cleaning)
The Pack,Kristin Coley (Goodreads Author),'B079YWKGZK,079,Invalid Length (not 10 or 13 after cleaning)
Where Wildfires Glow,Mutch Katsonga (Goodreads Author),'B07CCJTGDB,07,Invalid Length (not 10 or 13 after cleaning)
BU DONG (International English Edition): When Strange Things Become Familiar,Oliver Meidl (Goodreads Author),'B074H9RP8V,07498,Invalid Length (not 10 or 13 after cleaning)
Come - Travel With Me: 10 Droplets,Ajay Nair (Goodreads Author),'B07DL57GSZ,0757,Invalid Length (not 10 or 13 after cleaning)
The Husky That Can't Howl,R. A Ostel,'B01N9NZYG6,0196,Invalid Length (not 10 or 13 after cleaning)
"Christian Warrior Women: A Guide to Taking Back Your Faith, Family & Future (Christian Warrior Women Series Book 1)",Lisa Hawkins (Goodreads Author),'B07D1RTZ3Z,0713,Invalid Length (not 10 or 13 after cleaning)
Our 6.5 Years,"Navika Kachhwaha, Ankit Singh (Goodreads Author) (Editor)",,,Invalid Length (not 10 or 13 after cleaning)
The Stranger Maiden,B. Diaz (Goodreads Author),'B01MZ8L92R,01892,Invalid Length (not 10 or 13 after cleaning)
Kael Jai: Outcast,E.J. Deen (Goodreads Author),,,Invalid Length (not 10 or 13 after cleaning)
Georgiana Darcy's Diary: Jane Austen's Pride and Prejudice Continued,Anna Elliott (Goodreads Author),'B004XQVC6I,0046,Invalid Length (not 10 or 13 after cleaning)
...And I Blinked,Tiffany D. Brown (Goodreads Author),'B07GB2VTWP,072,Invalid Length (not 10 or 13 after cleaning)
Wall of Crosses: A Novella,Baj Goodson (Goodreads Author),'B07G175JSP,07175,Invalid Length (not 10 or 13 after cleaning)
It's Me. Her. The Housewife.: Love...Lies... and Scandal,R.C. Montgomery (Goodreads Author),'B0774KHX3C,07743,Invalid Length (not 10 or 13 after cleaning)
"Reviews by Cat Ellington (The Complete Anthology, #1)",Cat Ellington (Goodreads Author),,,Invalid Length (not 10 or 13 after cleaning)
Pump While You Hump: Penicure for Sexual Health,Seth Holman,'B07B6RQZXF,076,Invalid Length (not 10 or 13 after cleaning)
8 Ball Trick Shot,Francis J. Coyle (Goodreads Author),'B00SU0B2I6,00026,Invalid Length (not 10 or 13 after cleaning)
"Oh, To Be Human","Liian Varus, Britney Newman (Illustrator), Kimberly MacNeill (Editor), Danielle Gonzales (Photographer)",'B07H4FD886,074886,Invalid Length (not 10 or 13 after cleaning)
Awkward Black Girl: District 9: Enchanted Love,Elijah Powell (Goodreads Author),'B07H7CJ1BH,0771,Invalid Length (not 10 or 13 after cleaning)
BARBATUS,A. Drew,'B078SXVB79,07879,Invalid Length (not 10 or 13 after cleaning)
Fighting the Silent,Bruno Martins Soares (Goodreads Author),,,Invalid Length (not 10 or 13 after cleaning)
MAX (NIGHTMARE WARRIOR MC Book 1),D.S. Tossell (Goodreads Author),'B07FSN69G4,07694,Invalid Length (not 10 or 13 after cleaning)
Inherit The Whirlwind: The Final Showdown Between Science And Religion,D.R. Pope,'B071983VTP,071983,Invalid Length (not 10 or 13 after cleaning)
In the Dark,Sasha Lynn (Goodreads Author),'B07DRJN56C,0756,Invalid Length (not 10 or 13 after cleaning)
Ancient Gods & Aliens,Saurabh Shelar,,,Invalid Length (not 10 or 13 after cleaning)
Feather of Hawk - Rebellion: Epic historical fiction based on a true story.,Dave Michael (Goodreads Author),,,Invalid Length (not 10 or 13 after cleaning)
Second Chance In Love,Emma Monaghan (Goodreads Author),'B07J1XZNBC,071,Invalid Length (not 10 or 13 after cleaning)
Sins of the Son (The Frank Lucianus Mafia #1),Frank Lucianus (Goodreads Author),,,Invalid Length (not 10 or 13 after cleaning)
Sylvie Asleton and the Shrike's Curse,James T. Callum (Goodreads Author),,,Invalid Length (not 10 or 13 after cleaning)
When We Began,Elena Aitken (Goodreads Author),'B07HM7KVS6,0776,Invalid Length (not 10 or 13 after cleaning)
Paragon,Riley Tune (Goodreads Author),'B077LBHQXZ,077,Invalid Length (not 10 or 13 after cleaning)
Never Is a Very Long Time,Donna McDonald (Goodreads Author),'B06Y16CN4B,06164,Invalid Length (not 10 or 13 after cleaning)
Professor K: The Final Quest,Gabriel Farago (Goodreads Author),'B07JF3XHC1,0731,Invalid Length (not 10 or 13 after cleaning)
Concept's Forever,P.C. Clotter (Goodreads Author) (Illustrator ),'B07DCM7MNP,077,Invalid Length (not 10 or 13 after cleaning)
The Hidden Genes of Professor K,Gabriel Farago (Goodreads Author),,,Invalid Length (not 10 or 13 after cleaning)
MA'AT 42 Plus GOD,LaTonya Page-Balkcom,'B01B1M1TLE,0111,Invalid Length (not 10 or 13 after cleaning)
The Scream Writer's Handbook: How to Write a Terrifying Screenplay in 10 Bloody Steps,Thomas Fenton (Goodreads Author),'B07JPC6HC8,0768,Invalid Length (not 10 or 13 after cleaning)
One Little Lie,Holly Willow,,,Invalid Length (not 10 or 13 after cleaning)
Vantage Point (The Point Series Book 2),Georgia Hamilton,'B07J3FD34S,07334,Invalid Length (not 10 or 13 after cleaning)
You Have the Power to Heal: A Guide to Change Life Stories,"Melissa Merritt, Tom Halstead (Foreword)",'B07JL4JSBV,074,Invalid Length (not 10 or 13 after cleaning)
Druidess (The Wadsworth Legacy ),Theophilus Monroe (Goodreads Author),'B07JLQ33SM,0733,Invalid Length (not 10 or 13 after cleaning)
Limitless: Work and Dance with EDM Music,Vasili Reikh,'B07KB3RDZ8,0738,Invalid Length (not 10 or 13 after cleaning)
When The Girl Next Door Kills : The True Story of Alyssa Bustamante,Heidi Poole,'B01LYYP0AI,010,Invalid Length (not 10 or 13 after cleaning)
The Leper Messiah,"Rob Levinson (Goodreads Author), R.M.L.",'B07GGVXK5L,075,Invalid Length (not 10 or 13 after cleaning)
...stepping lightly through times of great change: hints and holograms for your well-being,Diane de Simone (Goodreads Author),'B07H12GQL4,07124,Invalid Length (not 10 or 13 after cleaning)
The Triflers,Mumkey Jones,,,Invalid Length (not 10 or 13 after cleaning)
Scream All Night,Derek Milman (Goodreads Author),'B0716NVJNZ,0716,Invalid Length (not 10 or 13 after cleaning)
Lamb to the Slaughter,Karen Ann Hopkins (Goodreads Author),'B00J0LY146,000146,Invalid Length (not 10 or 13 after cleaning)
What Waits in the Water,Kieran Scott (Goodreads Author),,,Invalid Length (not 10 or 13 after cleaning)
24 HOURS TO BREXIT (BENEFICIARIES ODYSSEY Book 1),Appollonia Solange,'B07LDY1D3H,0713,Invalid Length (not 10 or 13 after cleaning)
The 19th Bladesman,S.J. Hartland (Goodreads Author),'B07KS7SCVV,077,Invalid Length (not 10 or 13 after cleaning)
August D 13th,Chukwuemeka Nwaoma (Goodreads Author),'B07LGL645W,07645,Invalid Length (not 10 or 13 after cleaning)
"THE BRIDE LOTTERY, BOOK 1: SEVEN SISTERS",Caty Callahan,'B07KWDKJY8,078,Invalid Length (not 10 or 13 after cleaning)
Last Lullaby,Carol Wyer (Goodreads Author),'B07HRW35Q5,07355,Invalid Length (not 10 or 13 after cleaning)
Dreaming of Dray: Billionaire Dray Royce Series #1,Sheila Murdock (Goodreads Author),'B07HMGT19T,0719,Invalid Length (not 10 or 13 after cleaning)
12 Golden Keys To Hospitality Excellence,F.H. Benzakour,'B07MH5YTVV,075,Invalid Length (not 10 or 13 after cleaning)
Gods’ Food,Sahara Sanders (Goodreads Author),'B06XX5GSRH,065,Invalid Length (not 10 or 13 after cleaning)
"Holy Bible, NIV",Anonymous,'B004G5Z1HM,00451,Invalid Length (not 10 or 13 after cleaning)
The Angel Stone,"Juliet Dark (Pseudonym), Carol Goodman (Goodreads Author)",'B00BRUQ2D6,0026,Invalid Length (not 10 or 13 after cleaning)
Sisters in Law,Sylvia Mulholland,'B07FSC5ZYJ,075,Invalid Length (not 10 or 13 after cleaning)
The Case On A Cliff,Orr Agam (Goodreads Author),'B07K1WFHKZ,071,Invalid Length (not 10 or 13 after cleaning)
The Voice,Anne Bishop,'B0071GEUXE,0071,Invalid Length (not 10 or 13 after cleaning)
Allison's Secret,D. Stalter (Goodreads Author),'B07F5X822N,075822,Invalid Length (not 10 or 13 after cleaning)
The Nanas Book: Our Breastfeeding Story,Hailee Oman,'B07J318NVF,07318,Invalid Length (not 10 or 13 after cleaning)
Naked Sisters: Bare Skin Stories: #4,Wendy Pemberthy,'B07M82KJMX,0782,Invalid Length (not 10 or 13 after cleaning)
Get 'Er Sideways: A Story About a Muscle Car and its Couple.,Mike Banks (Goodreads Author),'B07DVVR72Y,0772,Invalid Length (not 10 or 13 after cleaning)
The French Book-Make Your Future Bright,Saiyam Sharma (Goodreads Author),'B07G25D9H5,072595,Invalid Length (not 10 or 13 after cleaning)
Boys of Brayshaw High,Meagan Brandy (Goodreads Author),,,Invalid Length (not 10 or 13 after cleaning)
El príncipe del Sol,Claudia Ramírez (Goodreads Author),,,Invalid Length (not 10 or 13 after cleaning)
Samson: The Modern Day America,Stephen R. Williams (Goodreads Author),,,Invalid Length (not 10 or 13 after cleaning)
Nothing More to Take,Demetra Georgiou (Goodreads Author),,,Invalid Length (not 10 or 13 after cleaning)
Quiet Lessons for the Introvert’s Soul (Introvert Strengths Book 1),Gabriela Casineanu (Goodreads Author),'B07N632YDW,07632,Invalid Length (not 10 or 13 after cleaning)
Fated Paths,TAT Kulisch (Goodreads Author),'B07CK1J9MG,0719,Invalid Length (not 10 or 13 after cleaning)
The Unbeatable Legend in Business World: All About Microsoft and How it Became The Most successful enterprise on The Earth!,Rahul Doshi (Goodreads Author),'B07N7ZGR4B,0774,Invalid Length (not 10 or 13 after cleaning)
Institutional Racism and the search for African American masculinity and identity in selected works of Richard Wright,Khefa Nosakhere (Goodreads Author),,,Invalid Length (not 10 or 13 after cleaning)
Thief of Cahraman: A Retelling of Aladdin,Lucy Tempest (Goodreads Author),'B07FRW2W1G,0721,Invalid Length (not 10 or 13 after cleaning)
124 Soul Liberating Poems of Rodolfo Martin Vitangcol,Rodolfo Martin Vitangcol (Goodreads Author),'B07N2S5GRJ,0725,Invalid Length (not 10 or 13 after cleaning)
Who Left The P(o)ets Out?,George G. Asztalos,'B07LFMTKJP,07,Invalid Length (not 10 or 13 after cleaning)
The Omnidoxy,Cometan (Goodreads Author),,,Invalid Length (not 10 or 13 after cleaning)
Mr. Big Empty,Gregory Ashe (Goodreads Author),'B01N6S1QE5,01615,Invalid Length (not 10 or 13 after cleaning)
The Elite Kings' Club Box Set,Amo Jones (Goodreads Author),'B07MWF183L,07183,Invalid Length (not 10 or 13 after cleaning)
Wrath,Claire C. Riley (Goodreads Author),,,Invalid Length (not 10 or 13 after cleaning)
Sombra de Sangre,Clara Barceló Sellés (Goodreads Author),,,Invalid Length (not 10 or 13 after cleaning)
Fib and the Axe of Fury (Risen Evil #1),Esosa Kolawole (Goodreads Author),,,Invalid Length (not 10 or 13 after cleaning)
Underlord,Will Wight (Goodreads Author),,,Invalid Length (not 10 or 13 after cleaning)
Samsara,Desiree M. Granger (Goodreads Author),'B07G38B979,0738979,Invalid Length (not 10 or 13 after cleaning)
The Da Vinci Code (the Young Adult Adaptation),Dan Brown (Goodreads Author),,,Invalid Length (not 10 or 13 after cleaning)
Influence Starts with “I”: A Woman’s Guide for Unleashing the Power of Leading from Within and Effecting Change Around You,"Jeanne Porter King, Debbye Turner Bell (Foreword)",'B07PV3YDHH,073,Invalid Length (not 10 or 13 after cleaning)
Apache Strike Force,Camilla Monk (Goodreads Author),'B0739JM8M7,073987,Invalid Length (not 10 or 13 after cleaning)
INFALLIBLE (BOOK 1) THE COMMITMENT CHALLENGE,T.J. Spencer Jacques (Goodreads Author),'B07GJS2XB7,0727,Invalid Length (not 10 or 13 after cleaning)
Soviet saboteur survival textbook (translated and edited): Part 1 Influence of physical-geographical conditions on the combat capability of reconnaissance parties (Saboteur textbook),Andrew Senatas,'B07NL8R41G,07841,Invalid Length (not 10 or 13 after cleaning)
Teddy Looks for Something Special,Misty Jones (Goodreads Author),'B07L18GSWN,0718,Invalid Length (not 10 or 13 after cleaning)
Finding You,Emma Nichols (Goodreads Author),'B073GTLNWC,073,Invalid Length (not 10 or 13 after cleaning)
The Open Doorway,Madeleine Mitchell (Goodreads Author),,,Invalid Length (not 10 or 13 after cleaning)
"I Fought Like a Girl, and I Won!",Nicole Alyse Dorman,'B00VXSBE2Q,002,Invalid Length (not 10 or 13 after cleaning)
"Crazy Is My Superpower: How I Triumphed by Breaking Bones, Breaking Hearts, and Breaking the Rules",A.J. Mendez Brooks (Goodreads Author),,,Invalid Length (not 10 or 13 after cleaning)
Elf and Efficiency,Steve Hedges,'B07PG5G3BS,0753,Invalid Length (not 10 or 13 after cleaning)
My Grace Is Sufficient: God’s Strength Is Made Perfect in Weakness,Megan Walker,'B07PR33N8D,07338,Invalid Length (not 10 or 13 after cleaning)
The Black Coats,Colleen Oakes (Goodreads Author),'B079DR5C1W,07951,Invalid Length (not 10 or 13 after cleaning)
Visual Perception with Tensorflow,Chirantan Ghosh (Goodreads Author),'B07SD7CH39,07739,Invalid Length (not 10 or 13 after cleaning)
Phantasma Goriana,Markus K. Korb,'B07BY1DXCZ,071,Invalid Length (not 10 or 13 after cleaning)
Chaos Theory: The Biker Variable,J. B. Sandkamp,'B07SQ9RVRJ,079,Invalid Length (not 10 or 13 after cleaning)
A Single Desperate Prayer: A Memoir,Ludmila Ritz (Goodreads Author),'B07SFJWVMH,07,Invalid Length (not 10 or 13 after cleaning)
Angel's Flight,Ella Summers (Goodreads Author),'B07SD6Y84Q,07684,Invalid Length (not 10 or 13 after cleaning)
"The Meghan O'Byrne Chronicle (Fall From Grace, #1)",F. Scott Andison (Goodreads Author),'B07J9QH2K5,07925,Invalid Length (not 10 or 13 after cleaning)
Water Runs Red,Jenna Clare (Goodreads Author),'B07LGBFY2X,072,Invalid Length (not 10 or 13 after cleaning)
Loved and Lost,Stephanie Kusiak (Goodreads Author),'B00LEYVFLE,00,Invalid Length (not 10 or 13 after cleaning)
Swell,J.G. Johnson (Goodreads Author),'B07TS6H41T,07641,Invalid Length (not 10 or 13 after cleaning)
An Invite: All guests are not welcome,Mahima Yadav,'B07QHR7ZBF,077,Invalid Length (not 10 or 13 after cleaning)
Broken Chains,Julie Trettel (Goodreads Author),'B07RL5R4XZ,0754,Invalid Length (not 10 or 13 after cleaning)
The Hitchhiker Man,Matt Fox (Goodreads Author),'B07V6PVT6L,0766,Invalid Length (not 10 or 13 after cleaning)
Sway of the Siren,Laurie McCall (Goodreads Author),,,Invalid Length (not 10 or 13 after cleaning)
Naked or Dead,A.E. Murphy (Goodreads Author),'B07VDVN86Z,0786,Invalid Length (not 10 or 13 after cleaning)
Binding Circumstance,Kelley Griffin (Goodreads Author),'B07V3ZBFFD,073,Invalid Length (not 10 or 13 after cleaning)
Untitled Document: The Mystery Unfolds,Sufyan Sher (Goodreads Author),'B07BDGD39M,0739,Invalid Length (not 10 or 13 after cleaning)
Magic and the Shinigami Detective,Honor Raconteur (Goodreads Author),'B07CH8KVSZ,078,Invalid Length (not 10 or 13 after cleaning)
Savate the Deadly Old Boots Kicking Art from France: And Bartitsu the Martial Arts used by Sherlock Holmes Steam Punk Edition (Historical European Martial Arts Book 1),"Andy Kunz, Kenneth Pua (Goodreads Author), Ernie Valenzuela (Photographer)",'B07FMMZ7H7,0777,Invalid Length (not 10 or 13 after cleaning)
In the Midst of Wolves,Kurt Ellis (Goodreads Author),'B07YL36PZH,0736,Invalid Length (not 10 or 13 after cleaning)
Vetzuman And A New World,Divyansh Mishra DM (Goodreads Author),'B07WGFXK8N,078,Invalid Length (not 10 or 13 after cleaning)
Chosen,Katrina Cope (Goodreads Author),'B07TRK3KNM,073,Invalid Length (not 10 or 13 after cleaning)
Zodiac Academy: The Awakening,"Caroline Peckham (Goodreads Author), Susanne Valenti (Goodreads Author)",'B07SV21LFY,0721,Invalid Length (not 10 or 13 after cleaning)
A Lifetime of Impossible Days,Tabitha Bird (Goodreads Author),'B07LFQ2M3Q,0723,Invalid Length (not 10 or 13 after cleaning)
"Peter Green and the Unliving Academy: This Book is Full of Dead People (The Unliving Chronicles, #1)","Angelina Allsop, A.A. Allsop (Goodreads Author)",'B07GTQTB83,0783,Invalid Length (not 10 or 13 after cleaning)
Weakest Moments,E.J. Williams (Goodreads Author),'B07XHPF1BS,071,Invalid Length (not 10 or 13 after cleaning)
The New Journey,Pegaz (Goodreads Author),,,Invalid Length (not 10 or 13 after cleaning)
Neverwhere: BBC Dramatisation,"Neil Gaiman (Goodreads Author) (Creator), Dirk Maggs (Writer)",,,Invalid Length (not 10 or 13 after cleaning)
Kavya's Bag of Short Stories: Unique Collection of Best Fiction Stories Kids have never read and heard before,"Kavya Mohindroo, Nimit Mohindroo",'B07ZT99WLN,0799,Invalid Length (not 10 or 13 after cleaning)
Middlegame,Seanan McGuire (Goodreads Author),'B07HF2ZK75,07275,Invalid Length (not 10 or 13 after cleaning)
No Tomorrow,Carian Cole (Goodreads Author),'B07H78JKKH,0778,Invalid Length (not 10 or 13 after cleaning)
The Cleaner,Mark Dawson (Goodreads Author),,,Invalid Length (not 10 or 13 after cleaning)
A Knight in the Void,William Kirklen (Goodreads Author),'B081F3TJJR,0813,Invalid Length (not 10 or 13 after cleaning)
The Academy,C.J. Daly (Goodreads Author),,,Invalid Length (not 10 or 13 after cleaning)
Constellation Planet,Jason Falloon (Goodreads Author),'B07V7G584F,077584,Invalid Length (not 10 or 13 after cleaning)
Does God Exist?,William Lane Craig,'B00MPP3HG2,0032,Invalid Length (not 10 or 13 after cleaning)
You were the Soul to my Existence,Amna Dhanani (Goodreads Author),'B07WZV8GDZ,078,Invalid Length (not 10 or 13 after cleaning)
The Windsome Tree: A Ghost Story,Eileen Albrizio (Goodreads Author),'B07CX9MNQL,079,Invalid Length (not 10 or 13 after cleaning)
The Loch of the Dead,Oscar de Muriel,'B06Y1RSGCM,061,Invalid Length (not 10 or 13 after cleaning)
A Word to the Eyes,Sudio Sudarsan,'B07SB1P1LY,0711,Invalid Length (not 10 or 13 after cleaning)
McDowell,William H. Coles (Goodreads Author),'B0141QUHTW,0141,Invalid Length (not 10 or 13 after cleaning)
Heaven Official’s Blessing [天官赐福],墨香铜臭,,,Invalid Length (not 10 or 13 after cleaning)
Once Upon Another World,"Cassidy K. O'Connor (Goodreads Author), Jaclyn Roche (Goodreads Author), Monique Singleton (Goodreads Author), Joel Crofoot (Goodreads Author), D.E. Chapman (Goodreads Author), Erin McFadden (Goodreads Author), K.L. Bone (Goodreads Author), L.R.W. Lee (Goodreads Author), more…",'B083GD9BH5,08395,Invalid Length (not 10 or 13 after cleaning)
I.S.S.E: Be healthy be limitless,Isse Yaweli,'B083V6CD8N,08368,Invalid Length (not 10 or 13 after cleaning)
Through Love and Sorrow: Poems and Short Stories (Wendy's Writings Book 1),"Virginia Sullinger, Virginia Sullinger King",'B07ZVY3DW2,0732,Invalid Length (not 10 or 13 after cleaning)
Ryan's Robot,Brian Kacica (Goodreads Author),'B07Z2YDW96,07296,Invalid Length (not 10 or 13 after cleaning)
Make Money Trading Leading Stocks: How to use FREE tools and resources to trade any Stock Market of the world,Debabrata (David) Das (Goodreads Author),'B07Z1RS3QL,0713,Invalid Length (not 10 or 13 after cleaning)
"Written in Blood: A New Adult Vampire Romance Novella, Part One. (The Unnatural Brethren Book 1)","Silvana G. Sánchez (Goodreads Author), Julie Jude Cocaigne (Editor)",'B0843X5PD8,084358,Invalid Length (not 10 or 13 after cleaning)
Dyrwolf,Kat Kinney (Goodreads Author),'B07KNBGN4Z,074,Invalid Length (not 10 or 13 after cleaning)
"Don't Cry, Dance: A memoir of war, love and forgiveness",Nina Angelo,'B082XQ68T1,082681,Invalid Length (not 10 or 13 after cleaning)
TRAVEL IN TIME: A LIFE STORY IN POEMS,Anişoara Laura Musteţiu,'B085371463,085371463,Invalid Length (not 10 or 13 after cleaning)
Maybe He Just Likes You,Barbara Dee,,,Invalid Length (not 10 or 13 after cleaning)
Bound to the Dark Prince,Aria Lovely,'B086759PQL,086759,Invalid Length (not 10 or 13 after cleaning)
The Birthday Party,"Ronald Destra (Goodreads Author), Juanita Destra",'B073YL7S88,073788,Invalid Length (not 10 or 13 after cleaning)
Evolution A200: A Bubonic Apocalypse,Nathaniel Connors (Goodreads Author),'B07YDMBKLY,07,Invalid Length (not 10 or 13 after cleaning)
Stryker's War,"Josh Hayes (Goodreads Author), Jason Anspach (Goodreads Author), Nick Cole (Goodreads Author)",'B07X1ZL2MG,0712,Invalid Length (not 10 or 13 after cleaning)
The Magic Misfits,"Neil Patrick Harris, Lissy Marlin (Illustrator), Kyle Hinton (Illustrator)",'B01N4JZB3H,0143,Invalid Length (not 10 or 13 after cleaning)
The Weathermen: Their Story,Gordon Tripp,'B06X9FQCJ6,0696,Invalid Length (not 10 or 13 after cleaning)
Castle Swimmer,Wendy Lian Martin,,,Invalid Length (not 10 or 13 after cleaning)
Contagion,Erin Bowman (Goodreads Author),,,Invalid Length (not 10 or 13 after cleaning)
Oath Sworn,"Kristen Banet (Goodreads Author), K.N. Banet",'B07QR2XCTB,072,Invalid Length (not 10 or 13 after cleaning)
The Wolf at the Door,Charlie Adhara (Goodreads Author),'B076PDH5XN,0765,Invalid Length (not 10 or 13 after cleaning)
My Immortal,Tara Gilesbie,,,Invalid Length (not 10 or 13 after cleaning)
The Sapphire Eruption: An Epic Adventure (The Sword's Choice Book 1),I.M. Redwright (Goodreads Author),'B083ZLLL3Q,0833,Invalid Length (not 10 or 13 after cleaning)
The Complete Anthology: John Lars Zwerenz,"John Zwerenz, Catherine Broughton (Illustrator), Paul Franzetti (Introduction)",'B07X654CML,07654,Invalid Length (not 10 or 13 after cleaning)
Men,K.L. Laitinen (Goodreads Author),'B07WPFPQQ4,074,Invalid Length (not 10 or 13 after cleaning)
K-The Last Warrior,Tarun Jolly (Goodreads Author),'B075SHBHCT,075,Invalid Length (not 10 or 13 after cleaning)
Debt,Nina G. Jones (Goodreads Author),,,Invalid Length (not 10 or 13 after cleaning)
Aurora's Angel,Emily Noon (Goodreads Author),'B07VXSK7H2,0772,Invalid Length (not 10 or 13 after cleaning)
Saving Sebastian,Luna David (Goodreads Author),'B073S99K3H,073993,Invalid Length (not 10 or 13 after cleaning)
The Summer List,Amy Mason Doan (Goodreads Author),'B071G1H211,0711211,Invalid Length (not 10 or 13 after cleaning)
Love and Other Pranks,Tony Vigorito (Goodreads Author),,,Invalid Length (not 10 or 13 after cleaning)
Heartstopper: Become Human,Alice Oseman (Goodreads Author),,,Invalid Length (not 10 or 13 after cleaning)
Dead by Text,Natasha Lukin (Goodreads Author),'B084R9DYXD,0849,Invalid Length (not 10 or 13 after cleaning)
The Girl with the Hazel Eyes,Callie Browning (Goodreads Author),,,Invalid Length (not 10 or 13 after cleaning)
The Chronicles of the Wuhan Virus: Deeper insights into the pandemic that shook the world in 2020,Shyam Balasubramanian,'B08CVS1MJG,081,Invalid Length (not 10 or 13 after cleaning)
The Ending I Want,Samantha Towle (Goodreads Author),'B01FE2A1V6,01216,Invalid Length (not 10 or 13 after cleaning)
LOST AGAIN: A Novel in Stories,Michael O'Neill (Goodreads Author),'B07FW5GPQ1,0751,Invalid Length (not 10 or 13 after cleaning)
The Deepest Darkest Truest form of Love,Ams Immortal (Goodreads Author),'B07PGXBGDR,07,Invalid Length (not 10 or 13 after cleaning)
"The Gracelin O'Malley Trilogy: Gracelin O’Malley, Leaving Ireland, and ’Til Morning Light",Ann Moore (Goodreads Author),'B07CMGNCSR,07,Invalid Length (not 10 or 13 after cleaning)
Nothing About Business,Harjeet Khanduja (Goodreads Author),'B08CNG6VR5,0865,Invalid Length (not 10 or 13 after cleaning)
Shadows Rising,Madeleine Roux (Goodreads Author),'B082H2YHTJ,0822,Invalid Length (not 10 or 13 after cleaning)
The Way We Were Before,Madi Lalor (Goodreads Author),,,Invalid Length (not 10 or 13 after cleaning)
My Best Pal: The Awesome Ethan,"Karlene Stewart (Goodreads Author), Jason Stewart",'B08FR9BGDN,089,Invalid Length (not 10 or 13 after cleaning)
The Finn Chronicles: Year One: A dog's reports from the front lines of hooman rescue,Gwen Romack (Goodreads Author),'B08CHMX8NK,088,Invalid Length (not 10 or 13 after cleaning)
Predestination: The Future is History,S. W. Cotton,'B089LJH1SD,0891,Invalid Length (not 10 or 13 after cleaning)
The Trapped Mind Project,Michael Chatfield (Goodreads Author),'B01MZD5RQX,015,Invalid Length (not 10 or 13 after cleaning)
Lola & the Millionaires: Part One,Kathryn Moon (Goodreads Author),'B088NHWXJF,088,Invalid Length (not 10 or 13 after cleaning)
"Fear Humility Acceptance: Overcoming some of the most unexpected, extreme life challenges using proven and effective techniques, while exceeding goals.","McKinley Jones, Becky Gale, Cebe Jones (Editor)",'B08GL2SH8F,0828,Invalid Length (not 10 or 13 after cleaning)
Poonachi: Or the Story of a Black Goat,"பெருமாள் முருகன் [Perumal Murugan], N. Kalyan Raman (Translator)",'B0774SZB6K,07746,Invalid Length (not 10 or 13 after cleaning)
"How to Buy, Sell and Make a Fortune on eBay - Make Money Online From Home on eBay",Austin Erkl,'B07C39T9YN,07399,Invalid Length (not 10 or 13 after cleaning)
The Takeover,T.L. Swan (Goodreads Author),'B07Y82JMF8,07828,Invalid Length (not 10 or 13 after cleaning)
The Change in the Game,B.Q. Hanson (Goodreads Author),'B08FZVHL6N,086,Invalid Length (not 10 or 13 after cleaning)
"Allegiant: Divergent Trilogy, Book 3 by Veronica Roth | Summary & Analysis",Book*Sense,'B00S021MYS,00021,Invalid Length (not 10 or 13 after cleaning)
The 'Great' Kickin'dog,Kenneth Crutchfield (Goodreads Author),'B08L5Q95CW,08595,Invalid Length (not 10 or 13 after cleaning)
The Lies of Locke Lamora / Red Seas Under Red Skies,Scott Lynch (Goodreads Author),'B00G4PVK9U,0049,Invalid Length (not 10 or 13 after cleaning)
Anoroc,Bryan M. Kuderna (Goodreads Author),'B08JPDFPZ9,089,Invalid Length (not 10 or 13 after cleaning)
Holly's Christmas Secret,Kirsty Ferry (Goodreads Author),'B08GSM8519,088519,Invalid Length (not 10 or 13 after cleaning)
The Death of King Arthur,"Unknown, James Cable (Translator)",,,Invalid Length (not 10 or 13 after cleaning)
The Writer in the Writing: Author as Hero in Postwar American Fiction,Krzysztof Andrzejczak,,,Invalid Length (not 10 or 13 after cleaning)
Heaven Sent,Dawn McClure (Goodreads Author),'B002E19MS4,002194,Invalid Length (not 10 or 13 after cleaning)
Solar,Ian McEwan,,,Invalid Length (not 10 or 13 after cleaning)
Afterlife,"Isabella Kruger (Goodreads Author), H. Kruger (Editor)",'B004ZZM9E6,00496,Invalid Length (not 10 or 13 after cleaning)
For the Love of a Vampire,Michelle Leighton (Goodreads Author),'B004XJ555O,004555,Invalid Length (not 10 or 13 after cleaning)
The Ordinary Us,DomLuka,,,Invalid Length (not 10 or 13 after cleaning)
Born to Spy,Jayde Scott (Goodreads Author),'B004FN1KWA,0041,Invalid Length (not 10 or 13 after cleaning)
Pretty Money,Angel Williams,'B004TXOQSQ,004,Invalid Length (not 10 or 13 after cleaning)
Vampire Manifesto,Rashaad Bell (Goodreads Author),'B005RUNVWM,005,Invalid Length (not 10 or 13 after cleaning)
Boob Explosion,Charles Chiyangwa (Goodreads Author),,,Invalid Length (not 10 or 13 after cleaning)
Rise of the Cerians (Book 1),Andrew Apple(Goodreads Author),'B005NWQE00,00500,Invalid Length (not 10 or 13 after cleaning)
Steel Beauty,Dana Marie Bell (Goodreads Author),'B0026OQYYO,0026,Invalid Length (not 10 or 13 after cleaning)
30 Pieces of Silver,Carolyn McCray (Goodreads Author),,,Invalid Length (not 10 or 13 after cleaning)
First Bitten,Samantha Towle (Goodreads Author),'B0070RVB1S,00701,Invalid Length (not 10 or 13 after cleaning)
How to Plant a Body,Terri Ann Armstrong (Goodreads Author),,,Invalid Length (not 10 or 13 after cleaning)
Unlatched,Steven Savile,'B0070D0LN6,007006,Invalid Length (not 10 or 13 after cleaning)
"Magician's Mayhem (Elden Forest Series, #1)",R.S. Mollison-Read,'B0086OHLOU,0086,Invalid Length (not 10 or 13 after cleaning)
Rafe's Redemption,Jennifer Jakes,,,Invalid Length (not 10 or 13 after cleaning)
The Asfari's Reawakening,Susan Fadellin (Goodreads Author),'B00642C9TI,006429,Invalid Length (not 10 or 13 after cleaning)
For My Beautiful Black Sister,Nathan Brooken,,,Invalid Length (not 10 or 13 after cleaning)
Out of the Picture and Into the Picture,Victor G. LaVanWay,,,Invalid Length (not 10 or 13 after cleaning)
The Messiah Matrix,Kenneth Atchity,,,Invalid Length (not 10 or 13 after cleaning)
Grave-Guide : Find their Graves,Jack Young (Goodreads Author),'B0088791ZM,0088791,Invalid Length (not 10 or 13 after cleaning)
Neesa’s Backyard,"Marcia Mandel, Megan Stanford (Illustrator)",,,Invalid Length (not 10 or 13 after cleaning)
Black Butterflies,Sara Alexi (Goodreads Author),,,Invalid Length (not 10 or 13 after cleaning)
The Advocate Prince,C.M. Lee,,,Invalid Length (not 10 or 13 after cleaning)
Twist,Dannika Dark (Goodreads Author),'B007E50SJC,00750,Invalid Length (not 10 or 13 after cleaning)
Pengembaraan Dr. Karl May: Llano Estacado,Karl May,,,Invalid Length (not 10 or 13 after cleaning)
50 Shades of Gray Matter #1,Pat Connid,,,Invalid Length (not 10 or 13 after cleaning)
Return to Stantasyland,Stanley Victor Paskavich (Goodreads Author),,,Invalid Length (not 10 or 13 after cleaning)
Dan Brown's The Lost Symbol,Nigel Tomm,,,Invalid Length (not 10 or 13 after cleaning)
Concisus,Tracy Rozzlynn (Goodreads Author),,,Invalid Length (not 10 or 13 after cleaning)
Deja,Tajana Sutton (Goodreads Author),'B009KY2FP0,00920,Invalid Length (not 10 or 13 after cleaning)
I Have a Secret,Cheryl Bradshaw (Goodreads Author),'B007XWQLTW,007,Invalid Length (not 10 or 13 after cleaning)
The Hand That Holds Mine,Jennifer Loren (Goodreads Author),'B008HNNK2W,0082,Invalid Length (not 10 or 13 after cleaning)
All in the Mind,Jenny Twist (Goodreads Author),,,Invalid Length (not 10 or 13 after cleaning)
Immortal Love,Victoria Craven (Goodreads Author),'B00B2ZYSMI,002,Invalid Length (not 10 or 13 after cleaning)
The Squirrel that Dreamt of Madness,Craig Stone (Goodreads Author),'B005JU92GO,00592,Invalid Length (not 10 or 13 after cleaning)
Every Woman Should Know About Beauty Secrets,Fernando Lachica (Goodreads Author),'B00BLGSRN4,004,Invalid Length (not 10 or 13 after cleaning)
Khost,Vincent Hobbes (Goodreads Author),'B00AA46MJE,0046,Invalid Length (not 10 or 13 after cleaning)
The Education of Caroline,Jane Harvey-Berrick (Goodreads Author),'B00BD2PT8M,0028,Invalid Length (not 10 or 13 after cleaning)
Mistress V,Louise Herman (Goodreads Author),'B00BC3GIBO,003,Invalid Length (not 10 or 13 after cleaning)
Probo's Lament (The True Adventures of a Small-town Elephant in the City of Big Shoulders),Gene Lubin,,,Invalid Length (not 10 or 13 after cleaning)
Social Security Medicare Food Stamps Minimum Wage and MORE,Byron Goines,'B00BJSB15A,0015,Invalid Length (not 10 or 13 after cleaning)
Modern Pattern Design,Harriet Pepin,,,Invalid Length (not 10 or 13 after cleaning)
Spiritus Mundi - The Romance,Robert Sheppard (Goodreads Author),'B00CGM8BZG,008,Invalid Length (not 10 or 13 after cleaning)
In the Shadow of the Mountains,M.R. Graham (Goodreads Author),,,Invalid Length (not 10 or 13 after cleaning)
It Began With Ashes,D.E.M. Emrys (Goodreads Author),'B00ACLW7TO,007,Invalid Length (not 10 or 13 after cleaning)
The Rock Star,Rick Soper (Goodreads Author),'B00A949GPW,00949,Invalid Length (not 10 or 13 after cleaning)
The Abominable Sruvius,Glen Solosky,,,Invalid Length (not 10 or 13 after cleaning)
Then the Witches Multiplied,Edita Birschbach (Goodreads Author),'B00C55W98Y,005598,Invalid Length (not 10 or 13 after cleaning)
The Sojourn - Extensions,Rupansh Gupta (Goodreads Author),,,Invalid Length (not 10 or 13 after cleaning)
Hidden Light,Lyneal Jenkins (Goodreads Author),'B00CKCUKGA,00,Invalid Length (not 10 or 13 after cleaning)
If I Told You I was Lying - Would you Believe me!,Martin Gover (Goodreads Author),'B00CMZ7OKK,007,Invalid Length (not 10 or 13 after cleaning)
Traitor's Knife,E. Kaiser Writes (Goodreads Author),,,Invalid Length (not 10 or 13 after cleaning)
Conflict,M.S. Willis (Goodreads Author),,,Invalid Length (not 10 or 13 after cleaning)
The Banshee's Desire,Victoria Richards (Goodreads Author),'B00ATG9OVQ,009,Invalid Length (not 10 or 13 after cleaning)
Penny Flame,John Reinhard Dizon (Goodreads Author),,,Invalid Length (not 10 or 13 after cleaning)
Always You,Kirsty Moseley (Goodreads Author),'B009ZX8712,0098712,Invalid Length (not 10 or 13 after cleaning)
Fairytale Come Alive,Kristen Ashley (Goodreads Author),'B006C4AFSA,0064,Invalid Length (not 10 or 13 after cleaning)
The Lyris,Lola St. Vil (Goodreads Author),,,Invalid Length (not 10 or 13 after cleaning)
Time to Grow Reloaded,Black Coffee,'B004CRSU8Q,0048,Invalid Length (not 10 or 13 after cleaning)
Secrets,Becca Lee Nyx (Goodreads Author),'B00EM21Y20,002120,Invalid Length (not 10 or 13 after cleaning)
Prophecy's Child,Brenda Dyer (Goodreads Author),'B00E0R4230,0004230,Invalid Length (not 10 or 13 after cleaning)
Josh & Hannah,Lynda Chance (Goodreads Author),,,Invalid Length (not 10 or 13 after cleaning)
Diamond Sky,Diana Nixon (Goodreads Author),'B00KFRPMLU,00,Invalid Length (not 10 or 13 after cleaning)
Before Now,Cheryl McIntyre (Goodreads Author),'B00D5XYVRW,005,Invalid Length (not 10 or 13 after cleaning)
The Student Prince,FayJay,,,Invalid Length (not 10 or 13 after cleaning)
I Only Have Eyes for You,Bella Andre (Goodreads Author),,,Invalid Length (not 10 or 13 after cleaning)
All That He Desires,Olivia Thorne (Goodreads Author),,,Invalid Length (not 10 or 13 after cleaning)
The Eye in the Door,Pat Barker,,,Invalid Length (not 10 or 13 after cleaning)
Riptide,Amber Lea Easton (Goodreads Author),,,Invalid Length (not 10 or 13 after cleaning)
Vince's Life: The Wedding,Vince O. Teves,,,Invalid Length (not 10 or 13 after cleaning)
Snapshot,Angie Stanton (Goodreads Author),,,Invalid Length (not 10 or 13 after cleaning)
I Like You Just Because: Thoughts on Friendship,Albert J. Nimeth,,,Invalid Length (not 10 or 13 after cleaning)
"Hanatsukihime, Vol. 01",Wataru Hibiki,,,Invalid Length (not 10 or 13 after cleaning)
Black Heart,R.L. Mathewson (Goodreads Author),'B00DJJJJLK,00,Invalid Length (not 10 or 13 after cleaning)
Demonic Visions: 50 Horror Tales 2,"Chris Robertson (Goodreads Author) (Editor), Matt Drabble (Goodreads Author), Adam Millard (Goodreads Author), John Alfred Taylor, Chris Leek, Patrick Freivald (Goodreads Author), B.A. Holland, Megan N. Watson (Goodreads Author), more…",'B00H1HCW24,00124,Invalid Length (not 10 or 13 after cleaning)
Teapots And Attics: I'll Never Let Go,Katie Louise Shattock,'B00HA0KXMI,000,Invalid Length (not 10 or 13 after cleaning)
Taken by the Cowboy,Julianne MacLean (Goodreads Author),'B0055UIYBM,0055,Invalid Length (not 10 or 13 after cleaning)
Ann Marie's Asylum,Christopher Rankin (Goodreads Author),,,Invalid Length (not 10 or 13 after cleaning)
12 Steps to Freedom: A Necessary Career Planning Guide for Prospering in Today's Job Market (Find A Job Series),Paul Rega (Goodreads Author),'B00EUI3F7S,0037,Invalid Length (not 10 or 13 after cleaning)
Learning to Trust,Cynthia P. O'Neill (Goodreads Author),'B00EAE6Z4W,0064,Invalid Length (not 10 or 13 after cleaning)
The Secret Lives of People - Real Diary Excerpts from Modern Day America,L.M. Hughes,,,Invalid Length (not 10 or 13 after cleaning)
Emerge,Katelin LaMontagne (Goodreads Author),,,Invalid Length (not 10 or 13 after cleaning)
Gastien: The Beginning (The Gastien Series),Caddy Rowland (Goodreads Author),'B00CPVODR8,008,Invalid Length (not 10 or 13 after cleaning)
Heaven vs. Hell,"Holly Vane (Goodreads Author), Vanessa Carlton (Editor)",'BOOE2TJ664,2664,Invalid Length (not 10 or 13 after cleaning)
Alyce An Alternate Version of the Prince's Ball,Sarah Scheele (Goodreads Author),'B00JEMV9XM,009,Invalid Length (not 10 or 13 after cleaning)
Where We Fell,"Amber L. Johnson, Kathie Spitz (Editor)",'B00G92D0C8,009208,Invalid Length (not 10 or 13 after cleaning)
The Principle of Leadership,"Darussalam (Editor), Yusef bin Othman All Huzaim",'B00DMFMGLQ,00,Invalid Length (not 10 or 13 after cleaning)
Los cuatro jinetes del Apocalipsis y Cuentos Valencianos,Vicente Blasco Ibáñez,'B00G7PHECY,007,Invalid Length (not 10 or 13 after cleaning)
Plenty of Fish,Scott Hildreth (Goodreads Author),'B00IU9DK8C,0098,Invalid Length (not 10 or 13 after cleaning)
Forbidden Desire,Helen Barth Villareal (Goodreads Author),,,Invalid Length (not 10 or 13 after cleaning)
Holding On,A.C. Bextor (Goodreads Author),,,Invalid Length (not 10 or 13 after cleaning)
The 4 Painful Life Stories: How We Contracted Hiv/Aids,Francis Otieno (Goodreads Author),'B00II9EDTY,009,Invalid Length (not 10 or 13 after cleaning)
Back-Up,A.M. Madden (Goodreads Author),'B00EK4LGCS,004,Invalid Length (not 10 or 13 after cleaning)
"Young, Only Once",Lee DeBourg (Goodreads Author),,,Invalid Length (not 10 or 13 after cleaning)
LUZ: Comings and Goings (LUZ book 1),Luis Gonzalez (Goodreads Author),,,Invalid Length (not 10 or 13 after cleaning)
Autumn Rose,Abigail Gibbs (Goodreads Author),'B009A8RHV8,00988,Invalid Length (not 10 or 13 after cleaning)
Tagged: The Apocalypse,Joseph M. Chiron,'B00GHNPTV4,004,Invalid Length (not 10 or 13 after cleaning)
Consequence,Shelly Crane (Goodreads Author),,,Invalid Length (not 10 or 13 after cleaning)
Bender,Stacy Borel (Goodreads Author),'B00JUC8DNK,008,Invalid Length (not 10 or 13 after cleaning)
Imagined Love,Diamond Drake (Goodreads Author),,,Invalid Length (not 10 or 13 after cleaning)
Pétalos de papel,"Iria G. Parente (Goodreads Author), Selene M. Pascual",,,Invalid Length (not 10 or 13 after cleaning)
Seven Day Loan,Tiffany Reisz (Goodreads Author),'B004AYD4WS,0044,Invalid Length (not 10 or 13 after cleaning)
Home Wrecker I,Brenda Perlin (Goodreads Author),'B00CKBWWIU,00,Invalid Length (not 10 or 13 after cleaning)
The Mystery of Providence,"John Flavel, Michael Boland (Introduction)",,,Invalid Length (not 10 or 13 after cleaning)
Rendezvous with Hymera,Melinda De Ross (Goodreads Author),,,Invalid Length (not 10 or 13 after cleaning)
Takedown,John O'Brien (Goodreads Author),'B00CKWNRA6,006,Invalid Length (not 10 or 13 after cleaning)
An Appetite for Wonder: The Making of a Scientist,Richard Dawkins (Goodreads Author),,,Invalid Length (not 10 or 13 after cleaning)
Out of the Box Awakening,"Jennifer Theriot (Goodreads Author), Triera",'B00CNX3MU2,0032,Invalid Length (not 10 or 13 after cleaning)
Sanctuary,O.L. Ramos (Goodreads Author),'B00IVRZMZC,00,Invalid Length (not 10 or 13 after cleaning)
Seth and Priscilla,Lietha Wards,,,Invalid Length (not 10 or 13 after cleaning)
The Naked Society,Vance Packard,,,Invalid Length (not 10 or 13 after cleaning)
Treasure Island,Phillip Tomasso III (Goodreads Author),,,Invalid Length (not 10 or 13 after cleaning)
The Lost One,Meg Collett (Goodreads Author),,,Invalid Length (not 10 or 13 after cleaning)
The First Lie,Sara Shepard (Goodreads Author),'B008CGUGQM,008,Invalid Length (not 10 or 13 after cleaning)
A Basic Renovation,Sandra Antonelli (Goodreads Author),'B00B7VP6GE,0076,Invalid Length (not 10 or 13 after cleaning)
Broken,Izzibella Beau (Goodreads Author),'B00K5CKZKS,005,Invalid Length (not 10 or 13 after cleaning)
Play With Me,Lolo Mayaya (Goodreads Author),,,Invalid Length (not 10 or 13 after cleaning)
Better Than Perfect,Tricia Drammeh (Goodreads Author),'B00KMGU6MO,006,Invalid Length (not 10 or 13 after cleaning)
La protegida del Lord,Andrea Milano (Goodreads Author),'B008KVC4M8,00848,Invalid Length (not 10 or 13 after cleaning)
Lose Weight Fast: Best Tips and Strategies for Diet Exercise and Fitness Training for Total Life Transformation in 30 Days!,Sheryl Blume,'B00MHXC85I,0085,Invalid Length (not 10 or 13 after cleaning)
The Gold Mine,Max Cummings,'B00NOCVN9S,009,Invalid Length (not 10 or 13 after cleaning)
Another Year in Oman: Between Iraq and a Hard Place... (American Experiences in Arabia),Matthew D. Heines (Goodreads Author),'B0046A9QN2,004692,Invalid Length (not 10 or 13 after cleaning)
Flawed and Damaged,Emily Krat (Goodreads Author),,,Invalid Length (not 10 or 13 after cleaning)
Beautifully Tainted,A.M. Guilliams (Goodreads Author),'B00IGAFWY0,000,Invalid Length (not 10 or 13 after cleaning)
The Sons of Adam,"Eva García Sáenz (Goodreads Author), Tina Hart (Translator)",'B00M03MOWM,0003,Invalid Length (not 10 or 13 after cleaning)
Honor Thy Teacher,Teresa Mummert (Goodreads Author),,,Invalid Length (not 10 or 13 after cleaning)
The King Tingaling Painting,Elias Zapple (Goodreads Author),,,Invalid Length (not 10 or 13 after cleaning)
Soul Searching,J.M. Northup (Goodreads Author),,,Invalid Length (not 10 or 13 after cleaning)
Darkest Day,Emi Gayle (Goodreads Author),,,Invalid Length (not 10 or 13 after cleaning)
Spiral,Mila Ferrera (Goodreads Author),,,Invalid Length (not 10 or 13 after cleaning)
Left on the Edge,Sarah Richards (Goodreads Author),'B00AV4Z1ZY,0041,Invalid Length (not 10 or 13 after cleaning)
Segreto Italiano: Secret Italian Recipes & Favorite Dishes ...... Italian Cookbook,Daniel Bellino-Zwicke (Goodreads Author),'B00NDLYP6S,006,Invalid Length (not 10 or 13 after cleaning)
Blush,"Anne Mercier (Goodreads Author), C.J. Bloom (Narrator)",,,Invalid Length (not 10 or 13 after cleaning)
A Hero for the Empire,Christina Westcott (Goodreads Author),'B00KNPC1KY,001,Invalid Length (not 10 or 13 after cleaning)
None Shall Sleep,Laura Giebfried (Goodreads Author),'B00N08XL9G,00089,Invalid Length (not 10 or 13 after cleaning)
Biker Bait,Ellie R. Hunter (Goodreads Author),'B00I1IYKQ8,0018,Invalid Length (not 10 or 13 after cleaning)
The Sinister Urge,Frances Newton,,,Invalid Length (not 10 or 13 after cleaning)
Midnight Desire,Sandra Shrewsbury (Goodreads Author),,,Invalid Length (not 10 or 13 after cleaning)
Broken People,Scott Hildreth (Goodreads Author),'B00DNMCKRI,00,Invalid Length (not 10 or 13 after cleaning)
For Better or for Worse,Krissy V. (Goodreads Author),'B00JKY633A,00633,Invalid Length (not 10 or 13 after cleaning)
Tesoro: Secrets of the Hidden Treasure,Andrea Hintz (Goodreads Author),'B00M2C545U,002545,Invalid Length (not 10 or 13 after cleaning)
Raine,J.C. Valentine (Goodreads Author),'B00MY28XJC,0028,Invalid Length (not 10 or 13 after cleaning)
The Fear and the Solace,Arie Farnam (Goodreads Author),'B00O8OHO4Y,0084,Invalid Length (not 10 or 13 after cleaning)
The Stuart Vampire,Andrea Zuvich (Goodreads Author),,,Invalid Length (not 10 or 13 after cleaning)
Mind Over Murder,Cary Allen Stone (Goodreads Author),'B00ICNBW2C,002,Invalid Length (not 10 or 13 after cleaning)
Zombie Zone Zero,"Robert Knight, Cindy Bouchard (Goodreads Author)",'B007YC9LUC,0079,Invalid Length (not 10 or 13 after cleaning)
How To Build a Pallet and Plastic Bottle Greenhouse from Junk: A Self-Build Project,Eco T. (Goodreads Author),,,Invalid Length (not 10 or 13 after cleaning)
Where the Flowers are Purple: How Aiden Found The Secret to Positive Thinking. (Motivational Stories for Children Collection Book 1),"Sarah Lawrence (Goodreads Author), Neil Henderson (Illustrator)",'B00OJN1VWK,001,Invalid Length (not 10 or 13 after cleaning)
The Story of Awkward,R.K. Ryals (Goodreads Author),'B00JMCLCXQ,00,Invalid Length (not 10 or 13 after cleaning)
Confessions of an Idiot,"Chris Douggs McDougall, Jeremy Samson (Editor)",'B009S3WP7Q,00937,Invalid Length (not 10 or 13 after cleaning)
The Syrian Virgin,Zack Love (Goodreads Author),,,Invalid Length (not 10 or 13 after cleaning)
Grayson,Lisa Eugene (Goodreads Author),,,Invalid Length (not 10 or 13 after cleaning)
Love After Dust,James McLaughlin Ward (Goodreads Author),'B00QHDAZAE,00,Invalid Length (not 10 or 13 after cleaning)
Nocte,Courtney Cole (Goodreads Author),'B00OM34YE4,00344,Invalid Length (not 10 or 13 after cleaning)
Twisted Faith of a Side Bitch: Pennsylvania,K.C. Blaze (Goodreads Author),'B00Q5I7AE0,00570,Invalid Length (not 10 or 13 after cleaning)
The Other Woman,Eve Rabi (Goodreads Author),'B00S74AMV8,00748,Invalid Length (not 10 or 13 after cleaning)
Hooked on the Game,C.M. Owens (Goodreads Author),'B00KCE1K2Q,0012,Invalid Length (not 10 or 13 after cleaning)
Edible,Ella Frank,'B00DRL96CC,0096,Invalid Length (not 10 or 13 after cleaning)
Dating Death Match,Mike Bernsten,'B00T52DJT8,00528,Invalid Length (not 10 or 13 after cleaning)
"Best Hikes With Kids: Washington DC, The Beltway & Beyond",Jennifer Chambers (Goodreads Author),'B00NMMO798,00798,Invalid Length (not 10 or 13 after cleaning)
Touching the Wire,Rebecca Bryn (Goodreads Author),,,Invalid Length (not 10 or 13 after cleaning)
THE YEAR OF THE FROG: A Tattletale Fairytale,Juls Amor (Goodreads Author),'B00Q41I9M0,004190,Invalid Length (not 10 or 13 after cleaning)
Sweet Sleep,Kim Cormack (Goodreads Author),'B00MGDGJD6,006,Invalid Length (not 10 or 13 after cleaning)
Sal de mis sueños,"Fernando Trujillo Sanz (Goodreads Author), Nieves García Bautista (Goodreads Author) (Editor)",'B007V7427W,0077427,Invalid Length (not 10 or 13 after cleaning)
Bring It (Sabel Security #2),Seeley James (Goodreads Author),'B00JVCQL2O,002,Invalid Length (not 10 or 13 after cleaning)
Beyond Time,Elizabeth Marshall (Goodreads Author),'B0092Q3FJQ,00923,Invalid Length (not 10 or 13 after cleaning)
The Silent Soldiers: Back To School,Travis Stinnett (Goodreads Author),'B00HWZ3SSC,003,Invalid Length (not 10 or 13 after cleaning)
"Speak Easy, Anne",Brandy D. Anderson (Goodreads Author),'B00KQRVHXG,00,Invalid Length (not 10 or 13 after cleaning)
Losing Me Finding You,Natalie Ward (Goodreads Author),'B00MMVWOJ0,000,Invalid Length (not 10 or 13 after cleaning)
The Horse Dealer’s Bargain for A Bride: Horse Dealer Texas Cowboy (JJ Fox Sweet Western Romance The Series Book 3),J.J. Fox,'B00W86HROG,0086,Invalid Length (not 10 or 13 after cleaning)
Quest and Crew,David Beaupre (Goodreads Author),,,Invalid Length (not 10 or 13 after cleaning)
Soft Shatter,Dany Rae Miller (Goodreads Author),'B00Q759W2E,007592,Invalid Length (not 10 or 13 after cleaning)
Fifteen - When Boys Become Men,Fraser Smillie (Goodreads Author),'B006T8IRSO,0068,Invalid Length (not 10 or 13 after cleaning)
Wish I May,Lexi Ryan (Goodreads Author),'B00FNUND4W,004,Invalid Length (not 10 or 13 after cleaning)
Mörderische Gutenachtgeschichten,BlackLily,'B00HSJOAMK,00,Invalid Length (not 10 or 13 after cleaning)
The Girl on the Train: A Novel by Paula Hawkins | Summary & Analysis,Book*Sense,'B00SM252HE,00252,Invalid Length (not 10 or 13 after cleaning)
Tik-Tok,John Sladek,,,Invalid Length (not 10 or 13 after cleaning)
One Love,Lili St. Germain (Goodreads Author),,,Invalid Length (not 10 or 13 after cleaning)
Tales From a Land of Gods,M.C. Queen,'B00E0TVASI,000,Invalid Length (not 10 or 13 after cleaning)
In the Shadow of Angels,Fanny Lee Savage (Goodreads Author),,,Invalid Length (not 10 or 13 after cleaning)
How To Win Friends And Influence People,Megan Coulter (Goodreads Author),'B00XB2XSD0,0020,Invalid Length (not 10 or 13 after cleaning)
The Collar Duet,Alexandra Iff (Goodreads Author),'B00W5ZV8DG,0058,Invalid Length (not 10 or 13 after cleaning)
Race for the Cure,Chrissy Peebles,'B009L5B8LK,00958,Invalid Length (not 10 or 13 after cleaning)
Ice Country,David Estes (Goodreads Author),,,Invalid Length (not 10 or 13 after cleaning)
Sweet Dreams Are Made of Teeth,Richard Roberts (Goodreads Author),,,Invalid Length (not 10 or 13 after cleaning)
Breaking Rules,Tracie Puckett (Goodreads Author),'B00IBLX8MC,008,Invalid Length (not 10 or 13 after cleaning)
Loved by a Dragon,Linda K. Hopkins (Goodreads Author),'B00UK96U64,009664,Invalid Length (not 10 or 13 after cleaning)
Repeat Offender: Sin City's Most Prolific Criminal and the Cop Who Caught Him,"Bradley Nickell, Warren Jamison",'B00T0RLDFU,000,Invalid Length (not 10 or 13 after cleaning)
Unexpected Love,Isabel Curtis (Goodreads Author),'B0150D7HRK,01507,Invalid Length (not 10 or 13 after cleaning)
Bay's End,Edward Lorn (Goodreads Author),,,Invalid Length (not 10 or 13 after cleaning)
Remains,Belle Antoinette (Goodreads Author),'B00LHDB7JW,007,Invalid Length (not 10 or 13 after cleaning)
EGGS,Debbie Lacy (Goodreads Author),'B00J4I9KZK,0049,Invalid Length (not 10 or 13 after cleaning)
The Hot Sauce Book: Recipes for Making Your Own Hot Sauces and Cooking With Them (The Essential Kitchen Series Book 3),Sarah Sophia (Goodreads Author),'B00HTQNUOG,00,Invalid Length (not 10 or 13 after cleaning)
Omega: Chosen,Noah Harris (Goodreads Author),'B0161KA58E,016158,Invalid Length (not 10 or 13 after cleaning)
No One To Trust (No Way Out Book 3),"Olivia Hauvuy, Jane McNulty",'B017YF55SU,01755,Invalid Length (not 10 or 13 after cleaning)
Gift For the Boss,Lexy Timms,'B018YFLX76,01876,Invalid Length (not 10 or 13 after cleaning)
My Wattpad Love,Ariana Godoy (Goodreads Author),,,Invalid Length (not 10 or 13 after cleaning)
Red Tides,Mikhail Lerma (Goodreads Author),'B00N17EDF2,00172,Invalid Length (not 10 or 13 after cleaning)
Broken Pieces,Kelly Moore (Goodreads Author),'B016XGN6BO,0166,Invalid Length (not 10 or 13 after cleaning)
Lady Oracle,Margaret Atwood (Goodreads Author),,,Invalid Length (not 10 or 13 after cleaning)
How to Analyze People on Sight,"Elsie Lincoln Benedict, Ralph Paine Benedict",,,Invalid Length (not 10 or 13 after cleaning)
Save Money at the Dentist! Healthy Teeth for Life!:,Garry Bonsall (Goodreads Author),'B01A97NNA2,01972,Invalid Length (not 10 or 13 after cleaning)
Pawn,Aimee Carter (Goodreads Author),,,Invalid Length (not 10 or 13 after cleaning)
Prem Raas: Gujarati Edition,"Ketki Shah, Zeel Shah (Goodreads Author) (Editor), Harsh Shah (Photographer)",'B017XI1K2S,01712,Invalid Length (not 10 or 13 after cleaning)
Lil Mama Need Love Too,"Le'Vonne (Goodreads Author), Chyna Blue (Illustrator)",'B01BLKWKFA,01,Invalid Length (not 10 or 13 after cleaning)
Lumberjanes: Beyond Bay Leaf Special #1,"Faith Erin Hicks (Goodreads Author), Noelle Stevenson, Rosemary Valero-O'Connell (Illustrator), Shannon Watters",'B017SK8B5K,01785,Invalid Length (not 10 or 13 after cleaning)
December Road,Brenda Ashworth Barry,'B00OFLKYDS,00,Invalid Length (not 10 or 13 after cleaning)
Twilight / Life and Death,Stephenie Meyer,,,Invalid Length (not 10 or 13 after cleaning)
Unleash the POWER of Branding: The Smart Guide to Branding for Beginners,Joe Praveen Sequeira,'B01CIPK0PY,010,Invalid Length (not 10 or 13 after cleaning)
The Road to Somewhere far from Buxton,Michael Dartnell,'B00TEU4E7C,0047,Invalid Length (not 10 or 13 after cleaning)
Invincible,Cecily Anne Paterson (Goodreads Author),,,Invalid Length (not 10 or 13 after cleaning)
Banger's Ride,Chiah Wilder (Goodreads Author),'B01EP2N9GU,0129,Invalid Length (not 10 or 13 after cleaning)
Fragments Of Her Identity,Rita Pam Tarachi,'B00VPRMNPC,00,Invalid Length (not 10 or 13 after cleaning)
Shroud,"Marisa Mohdi (Goodreads Author), Kelley Frodel (Editor)",'B01CRMRCXQ,01,Invalid Length (not 10 or 13 after cleaning)
The Bad Mother's Diary,Suzy K. Quinn (Goodreads Author),,,Invalid Length (not 10 or 13 after cleaning)
Sunset Boulevard Murders: A Jeff Kelly Mystery (Jeff Kelly Detective Mysteries Book 1),"William Hare, Alvaro Armada Gonzalez (Illustrator)",'B00W8924SC,008924,Invalid Length (not 10 or 13 after cleaning)
Mother's Day Magic: ...with Love,"Angela Ford (Goodreads Author), Tamara Ferguson (Goodreads Author), Daisy Banks, Mary Crawford (Goodreads Author), Allyson R. Abbott (Goodreads Author), Tamara Philip (Goodreads Author), Neva Squires-Rodriguez (Goodreads Author), Adrienne D'nelle Ruvalcaba (Goodreads Author), more…",'B01AVHGNJI,01,Invalid Length (not 10 or 13 after cleaning)
La femme invisible,Tina Noiret,'B015VN2H6U,01526,Invalid Length (not 10 or 13 after cleaning)
Vivienne: The Lost and Found (Part 1),S.M. Bowles (Goodreads Author),'B00L6G51LU,00651,Invalid Length (not 10 or 13 after cleaning)
Cam Girl,"Elliot Wake (Goodreads Author), Leah Raeder (Goodreads Author)",,,Invalid Length (not 10 or 13 after cleaning)
A Court of Thorns and Roses eSampler,Sarah J. Maas (Goodreads Author),'B00Q4POS9O,0049,Invalid Length (not 10 or 13 after cleaning)
Pucked Under,Helena Hunting (Goodreads Author),'B01M6UP1XP,0161,Invalid Length (not 10 or 13 after cleaning)
Billionaire Romance: Music in His Heart,Amerine Graham (Goodreads Author),'B01JJCROJY,01,Invalid Length (not 10 or 13 after cleaning)
Beyond Every Mirror,Christine Church (Goodreads Author),,,Invalid Length (not 10 or 13 after cleaning)
The Food of Love,Amanda Prowse,,,Invalid Length (not 10 or 13 after cleaning)
Zootopia,Jaxy Mono (Goodreads Author),,,Invalid Length (not 10 or 13 after cleaning)
Cries of the Eagle,Michael E. Nathanson (Goodreads Author),'B01BLSRQ4C,014,Invalid Length (not 10 or 13 after cleaning)
Raphael's Fling,Alix Nichols (Goodreads Author),,,Invalid Length (not 10 or 13 after cleaning)
The Landlady,Roald Dahl,'B0091MCG3W,00913,Invalid Length (not 10 or 13 after cleaning)
Ten Thousand Devils,S.A. Hunt (Goodreads Author),'B00QFMMYD8,008,Invalid Length (not 10 or 13 after cleaning)
Battle of Will,Sasha L. Miller (Goodreads Author),,,Invalid Length (not 10 or 13 after cleaning)
Rhinocéros,Eugène Ionesco,,,Invalid Length (not 10 or 13 after cleaning)
Chained to Love: The Darker Side of Slavery,Toni Mariani (Goodreads Author),'B01N33GS8D,01338,Invalid Length (not 10 or 13 after cleaning)
El chico de las estrellas,Chris Pueyo,'B016NB3N2Q,01632,Invalid Length (not 10 or 13 after cleaning)
Raven,Ryan Schow,'B01N5M63OE,01563,Invalid Length (not 10 or 13 after cleaning)
Raging Sea,Michael Buckley,'B00QPHKRBY,00,Invalid Length (not 10 or 13 after cleaning)
Honeymoon at the Hilton,Stephen B. Cooper,'B015923H0S,0159230,Invalid Length (not 10 or 13 after cleaning)
The Unexpected Vacation of George Thring,Alastair Puddick (Goodreads Author),'B00K6KCX04,00604,Invalid Length (not 10 or 13 after cleaning)
Chasing Moonlight,Raven St. Pierre (Goodreads Author),'B01N0WVZVX,010,Invalid Length (not 10 or 13 after cleaning)
"The Kabbalah of Jesus Christ, Part 1 The True Good Tidings",Abo Polak,'B00NU0LXYY,000,Invalid Length (not 10 or 13 after cleaning)
Secrets: A Best Friend Betrayal,Brittany Nicole,'B01H5W4PII,0154,Invalid Length (not 10 or 13 after cleaning)
Lie to Me,Jess Ryder,'B06XH4LMF7,0647,Invalid Length (not 10 or 13 after cleaning)
The Puzzle: How to Become the Master of Your Own Life,Natalie Delman (Goodreads Author),,,Invalid Length (not 10 or 13 after cleaning)
The Adventures of Dwarfgiants: Serpent of the Sulphur Sea,Steven Jacklin (Goodreads Author),'B06XYX2HZF,062,Invalid Length (not 10 or 13 after cleaning)
Only Human,J.D. Estrada (Goodreads Author),'B00COMVDY4,004,Invalid Length (not 10 or 13 after cleaning)
Mistakes of My Past: Escape is just the beginning,Emily James (Goodreads Author),,,Invalid Length (not 10 or 13 after cleaning)
The Exodus,Ali Winters (Goodreads Author),'B01N9EIP22,01922,Invalid Length (not 10 or 13 after cleaning)
Keeping My Pack,Lane Whitt (Goodreads Author),,,Invalid Length (not 10 or 13 after cleaning)
Resurrect Your Dead Marriage,"Reginal Morris, Renea Morris",'B06XQPD41X,0641,Invalid Length (not 10 or 13 after cleaning)
New Harry Hole Thriller: The Thirst Free Ebook Sampler,Jo Nesbø (Goodreads Author),'B06XQ6M3QG,0663,Invalid Length (not 10 or 13 after cleaning)
Sun and Moon,Desiree Williams (Goodreads Author),'B01D0UXZVC,010,Invalid Length (not 10 or 13 after cleaning)
Sweet Vengeance,Elizabeth St. Michel (Goodreads Author),'B074PTF7Z7,07477,Invalid Length (not 10 or 13 after cleaning)
Forever,Monica Murphy (Goodreads Author),'B01N6QXCCM,016,Invalid Length (not 10 or 13 after cleaning)
My Fairy Godmother Is a Drag Queen,David Clawson (Goodreads Author),,,Invalid Length (not 10 or 13 after cleaning)
Guarding Eden,Cameo Renae (Goodreads Author),,,Invalid Length (not 10 or 13 after cleaning)
Intimacy On The Plate (Extra Trim Edition): 209 Aphrodisiac Recipes to Spice Up Your Love Life at Home Tonight,"Olga Petrenko, Gregory Diehl (Narrator)",'B0741QQYT7,07417,Invalid Length (not 10 or 13 after cleaning)
Dear Taylor,Eija Jimenez (Goodreads Author),'B01N5FFZM8,0158,Invalid Length (not 10 or 13 after cleaning)
Storm of Lightning,Richard Paul Evans,'B00TBKUWCQ,00,Invalid Length (not 10 or 13 after cleaning)
Assault On Utopia: Part 1,Steven P Sharp,'B01LB1H3JM,0113,Invalid Length (not 10 or 13 after cleaning)
The Right Person,Stacy A. Padula (Goodreads Author),,,Invalid Length (not 10 or 13 after cleaning)
Awakened,Anna Applegate (Goodreads Author),'B00G8TP5IE,0085,Invalid Length (not 10 or 13 after cleaning)
The Book of Iudex (Paralleled 1),"Tachina Eva (Goodreads Author), Hampton Lamoureux (Illustrator), Catherine Chester (Editor)",'B076YWLRPJ,076,Invalid Length (not 10 or 13 after cleaning)
Nachtblumen,Carina Bartsch,'B0716J14F1,0716141,Invalid Length (not 10 or 13 after cleaning)
Destination Anywhere,Felicity Brandon (Goodreads Author),'B00JVVJNES,00,Invalid Length (not 10 or 13 after cleaning)
"The Death and Life of Zebulon Finch, Vol. 2: Empire Decayed",Daniel Kraus (Goodreads Author),,,Invalid Length (not 10 or 13 after cleaning)
Restoring Us - Book One,Fabiola Francisco (Goodreads Author) (Illustrator),'B01N6BT08P,01608,Invalid Length (not 10 or 13 after cleaning)
Smith,Sam B. Miller II (Goodreads Author),'B078R95SYJ,07895,Invalid Length (not 10 or 13 after cleaning)
Sweet Girl,Sierra Hill (Goodreads Author),,,Invalid Length (not 10 or 13 after cleaning)
The Lifeline Signal,RoAnna Sylver (Goodreads Author),'B06XJ6T49F,06649,Invalid Length (not 10 or 13 after cleaning)
Silver Silence,Nalini Singh (Goodreads Author),'B01LNT53EY,0153,Invalid Length (not 10 or 13 after cleaning)
To The Falls,Heather Renee (Goodreads Author),'B06XX6FYB7,0667,Invalid Length (not 10 or 13 after cleaning)
With This Man,Jodi Ellen Malpas (Goodreads Author),'B075KNY3T9,07539,Invalid Length (not 10 or 13 after cleaning)
Tears of Glass,David Lake (Goodreads Author),'B01CHTF3HQ,013,Invalid Length (not 10 or 13 after cleaning)
The Lloyd Haynes Story: A Remarkable Journey to Stardom,Carolyn Haynes (Goodreads Author),'B076G2JQ6S,07626,Invalid Length (not 10 or 13 after cleaning)
FOREVER MEN: Why the Dreams of Martin Luther King Jr. and Malcolm X Can Still Save Blacks In America,Raymond Sturgis (Goodreads Author),'B077SNSH1J,0771,Invalid Length (not 10 or 13 after cleaning)
Dead Fall,Joseph Xand,'B073WX8QKW,0738,Invalid Length (not 10 or 13 after cleaning)
Ash Rising,Tracy Dale (Goodreads Author),'B07C3N8H63,073863,Invalid Length (not 10 or 13 after cleaning)
Book of the Anointed,J. Moon (Goodreads Author),'B07B4JG4KB,0744,Invalid Length (not 10 or 13 after cleaning)
When We People the Land,Wendy M. Wilson (Goodreads Author),'B07BKMPC53,0753,Invalid Length (not 10 or 13 after cleaning)
The Zebra Elephant,"Lindi Oliveira (Goodreads Author), Annette Visser (Illustrator)",'B077XHKFH9,0779,Invalid Length (not 10 or 13 after cleaning)
Lowcountry Boil,Susan M. Boyer (Goodreads Author),,,Invalid Length (not 10 or 13 after cleaning)
The Rockefeller Murders,River Smith (Goodreads Author),'B07BXG3VD6,0736,Invalid Length (not 10 or 13 after cleaning)
The Duke's Holiday,Maggie Fenton (Goodreads Author) (Pseudonym),'B00ORBNER4,004,Invalid Length (not 10 or 13 after cleaning)
The Birthday List,Devney Perry (Goodreads Author),,,Invalid Length (not 10 or 13 after cleaning)
The Beachhead,David Anderson (Goodreads Author),'B01LXK29DA,0129,Invalid Length (not 10 or 13 after cleaning)
How to Have a Good Day: Harness the Power of Behavioral Science to Transform Your Working Life,Caroline Webb (Goodreads Author),'B00X2F7RPG,0027,Invalid Length (not 10 or 13 after cleaning)
Dragon Envy,Kelly Armenta (Goodreads Author),'B07F872RWP,07872,Invalid Length (not 10 or 13 after cleaning)
A Silent Promise: Volume 1,Namrata Gupta (Goodreads Author),'B01F3ZO55C,01355,Invalid Length (not 10 or 13 after cleaning)
It Is Not What It Is: THE REAL (s)PAIN OF EUROPE,"Vincent R. Werner (Illustrator), Ahmed Oseni (Illustrator)",'B0767H5945,07675945,Invalid Length (not 10 or 13 after cleaning)
Sub-Sahara,Ethan Arkwright (Goodreads Author),'B01M73K2G2,017322,Invalid Length (not 10 or 13 after cleaning)
A Broken Reality,Rob Kaufman (Goodreads Author),'B07HRYRSBP,07,Invalid Length (not 10 or 13 after cleaning)
A Book Of Poetry: The Complete Works,Oliver Oyanadel (Goodreads Author),'B00Z59Y47G,005947,Invalid Length (not 10 or 13 after cleaning)
"Reviews by Cat Ellington (The Complete Anthology, #2)",Cat Ellington (Goodreads Author),,,Invalid Length (not 10 or 13 after cleaning)
Orgasm: Ultimate Guide To Perfect Sex,Violet Karma,'B00K7GA0MA,0070,Invalid Length (not 10 or 13 after cleaning)
Born Into Chaos,Lily Lamb,'B07GCZVWQ1,071,Invalid Length (not 10 or 13 after cleaning)
Electric Fences,Gugu Hlongwane,'B01NAGYXUU,01,Invalid Length (not 10 or 13 after cleaning)
One Night Only,G.P. Ritchie (Goodreads Author),,,Invalid Length (not 10 or 13 after cleaning)
God is Weary: Tragic and Witty Short Tales,Cristina G. (Goodreads Author),'B074415WXL,074415,Invalid Length (not 10 or 13 after cleaning)
Rewire The Black Mind To Prosper: Common Sense Approach to Self-Empowerment,LaTonya Page-Balkcom,'B073WSX8CW,0738,Invalid Length (not 10 or 13 after cleaning)
Love By Chance,Holly Willow,,,Invalid Length (not 10 or 13 after cleaning)
"Teenage Murderer: Alyssa Bustamante (True Crime Bus Stop Reads, #29)",Bus-Stop Guides (Editor),'B00SPA2IK2,0022,Invalid Length (not 10 or 13 after cleaning)
The Demon in the Wood,Leigh Bardugo (Goodreads Author),,,Invalid Length (not 10 or 13 after cleaning)
E Lillian Volkmer - Poet: The Early Years,"E Lillian Volkmer, Rob Volkmer (Editor)",'B07LC242CQ,07242,Invalid Length (not 10 or 13 after cleaning)
Transit to Zeiss: Book One of the Codex Veritatis Trilogy,Jeffrey Chase (Goodreads Author),'B07LDJB7WL,077,Invalid Length (not 10 or 13 after cleaning)
Connor's Gambit,Z. Gottlieb,'B01N257TRC,01257,Invalid Length (not 10 or 13 after cleaning)
"The Daily Quest: Conquering a Sound Body, a Sane Mind, and a Soft Heart",Fox Lehjika,'B07LDKFYPS,07,Invalid Length (not 10 or 13 after cleaning)
The Ave,Arcy Jay,'B07HQY68G9,07689,Invalid Length (not 10 or 13 after cleaning)
Fastest in the West,Anfaney Gladwin,'B07L8SYCFH,078,Invalid Length (not 10 or 13 after cleaning)
Z Troop The Marrakech Gamble: A Conner Ryan Series,Anthony McNally,'B07L163W1N,071631,Invalid Length (not 10 or 13 after cleaning)
Justified: The Story Of Caterrious Mitchell,Thomas J.,'B07MRGZZV1,071,Invalid Length (not 10 or 13 after cleaning)
Prince of Cahraman: A Retelling of Aladdin,Lucy Tempest (Goodreads Author),'B07G3KZD6J,0736,Invalid Length (not 10 or 13 after cleaning)
Create Your Own Life,Dennis Amankwah (Goodreads Author),'B07N8BCMY1,0781,Invalid Length (not 10 or 13 after cleaning)
A Single Glance,"Willow Winters (Goodreads Author), W. Winters (Goodreads Author) (Writing as)",,,Invalid Length (not 10 or 13 after cleaning)
Clinton Cash: The Untold Story of How and Why Foreign Governments and Businesses Helped Make Bill and Hillary Rich,Peter Schweizer,,,Invalid Length (not 10 or 13 after cleaning)
The Orichalcum Rod,Travis Pearson,'B07KN6X7R3,07673,Invalid Length (not 10 or 13 after cleaning)
Code Revelation,Boris Sanders (Goodreads Author),'B07L3TPH43,07343,Invalid Length (not 10 or 13 after cleaning)
Butterfly in Amber,Camilla Monk (Goodreads Author),'B06XBFM6J4,0664,Invalid Length (not 10 or 13 after cleaning)
Pact,Wildbow,,,Invalid Length (not 10 or 13 after cleaning)
BURGUNDY DOUBLOONS & THE HIGH PRIESTESS OF NEW ORLEANS!,T.J. Spencer Jacques (Goodreads Author),'B07DVRBZNR,07,Invalid Length (not 10 or 13 after cleaning)
"Alias ""Paine"": Lewis Thornton Powell, the Mystery Man of the Lincoln Conspiracy, 2d ed.",Betty J. Ownsbey,'B00SNOVXS8,008,Invalid Length (not 10 or 13 after cleaning)
Cancer Trip: Curing Cancer with Humour. And Pot. And Chemo.,Steve Parton,'B0716P9BY3,071693,Invalid Length (not 10 or 13 after cleaning)
Inseparable,Siobhan Davis (Goodreads Author),,,Invalid Length (not 10 or 13 after cleaning)
Becoming Miss Izzy,"Sue Zook, Mary Lazarski",'B07S6Z8QFJ,0768,Invalid Length (not 10 or 13 after cleaning)
Lords of the Sith,Paul S. Kemp (Goodreads Author),,,Invalid Length (not 10 or 13 after cleaning)
Fairy’s Touch,Ella Summers (Goodreads Author),'B07NY98X83,079883,Invalid Length (not 10 or 13 after cleaning)
The Princess Companion: A Retelling of The Princess and the Pea,Melanie Cellier (Goodreads Author),,,Invalid Length (not 10 or 13 after cleaning)
Avah and the Zombie Kitty,"Stephen A. Dymarcik II, Tammy Dymarcik (Editor)",'B07V1XJPS8,0718,Invalid Length (not 10 or 13 after cleaning)
The Lost Witch,Chandelle LaVaun (Goodreads Author),'B079YP52QM,07952,Invalid Length (not 10 or 13 after cleaning)
All She Ever Needed,Lora Logan (Goodreads Author),'B07N8CFJGT,078,Invalid Length (not 10 or 13 after cleaning)
Het fantoom van Alexander Wolf,"Gajto Gazdanov, Yolanda Bloemen (Translator)",'B00O7PHIWM,007,Invalid Length (not 10 or 13 after cleaning)
Charms and Death and Explosions (oh my!),Honor Raconteur (Goodreads Author),'B07NCC9SFC,079,Invalid Length (not 10 or 13 after cleaning)
Between Two Skies,Joanne O'Sullivan (Goodreads Author),,,Invalid Length (not 10 or 13 after cleaning)
Pure Healing,Aja James (Goodreads Author),'B0080LVZA0,00800,Invalid Length (not 10 or 13 after cleaning)
The Tales Of Vetzuman ( Part 1),Divyansh Mishra DM (Goodreads Author),'B07WLCCKN3,073,Invalid Length (not 10 or 13 after cleaning)
Zodiac Academy: Ruthless Fae,"Caroline Peckham (Goodreads Author), Susanne Valenti (Goodreads Author)",'B07VJ383S6,073836,Invalid Length (not 10 or 13 after cleaning)
Shadow of a Killer,David Anderson (Goodreads Author),'B07G5LD4QC,0754,Invalid Length (not 10 or 13 after cleaning)
Data Structures and Algorithms Made Easy: Data Structures and Algorithmic Puzzles,Narasimha Karumanchi,'B01N4OA309,014309,Invalid Length (not 10 or 13 after cleaning)
Betrayal,Tim Tigner (Goodreads Author),,,Invalid Length (not 10 or 13 after cleaning)
My Existence Craves Yours,Amna Dhanani (Goodreads Author),'B07HYSX9G2,0792,Invalid Length (not 10 or 13 after cleaning)
A Ferry of Bones & Gold,Hailey Turner (Goodreads Author),'B07H7NG1JQ,0771,Invalid Length (not 10 or 13 after cleaning)
Hunted,Meagan Spooner (Goodreads Author),'B01HBPP15U,0115,Invalid Length (not 10 or 13 after cleaning)
Wilder,Lena North (Goodreads Author),,,Invalid Length (not 10 or 13 after cleaning)
Girl in the Blue Coat,Monica Hesse (Goodreads Author),'B013CATTRE,013,Invalid Length (not 10 or 13 after cleaning)
The Sound of Drums / Last of the Time Lords,James Mortimer (Goodreads Author),,,Invalid Length (not 10 or 13 after cleaning)
The Slave Players,Megan Allen (Goodreads Author),,,Invalid Length (not 10 or 13 after cleaning)
Written In Blood (Book One Of The Unnatural Brethren),Silvana G. Sánchez (Goodreads Author),'B06XQQFKNP,06,Invalid Length (not 10 or 13 after cleaning)
SPARKS: Ideas to Ignite Your Business Growth,Shweta Jhajharia,'B0711NBJWX,0711,Invalid Length (not 10 or 13 after cleaning)
Someone's Story,B.A. Bellec (Goodreads Author),'B086Q2Y41W,086241,Invalid Length (not 10 or 13 after cleaning)
Gods and Monsters Box Set 2,"Quinn Blackbird (Goodreads Author), Klarissa King (Goodreads Author)",'B07ZRX6CCY,076,Invalid Length (not 10 or 13 after cleaning)
BloodLust,Auryn Hadley (Goodreads Author),,,Invalid Length (not 10 or 13 after cleaning)
"Be Brave: Moments of Bravery: Fun Stories about Kids Confidence, Fear and Brave Story for Young Readers (Short Bedtime Stories for Children Ages 6-12)","Ronald Destra (Goodreads Author), Juanita Destra, YVON ST JUSTE",'B07YGT6BTS,076,Invalid Length (not 10 or 13 after cleaning)
Legionnaire,"Jason Anspach (Goodreads Author), Nick Cole (Goodreads Author)",'B071GN8Y4G,07184,Invalid Length (not 10 or 13 after cleaning)
La guerra de los Cielos,"Fernando Trujillo Sanz (Goodreads Author), César García Muñoz (Goodreads Author), Nieves García Bautista (Goodreads Author) (Editor), Alberto Arribas (Illustrator)",'B00LS322UE,00322,Invalid Length (not 10 or 13 after cleaning)
American Jackal,"Francis Bandettini (Goodreads Author), Matt Nilsen (Goodreads Author)",'B00N70RYRM,0070,Invalid Length (not 10 or 13 after cleaning)
A History of Rome,Theodor Mommsen,,,Invalid Length (not 10 or 13 after cleaning)
Suddenly Psychic,Elizabeth Hunter (Goodreads Author),'B084VTWN5V,0845,Invalid Length (not 10 or 13 after cleaning)
Perfect Chaos,Jodi Ellen Malpas (Goodreads Author),'B084WMFXH9,0849,Invalid Length (not 10 or 13 after cleaning)
A Great Life Starts with Gratitude: The Practice of Appreciation that will Transform Your Life: A Gratitude Journal,"Laura Gawne, Susan Bain",'B084DG82XV,08482,Invalid Length (not 10 or 13 after cleaning)
The River of Adventure,Enid Blyton,,,Invalid Length (not 10 or 13 after cleaning)
Foreverywhere,"Steve Burns, Steven Drozd, Gabe Soria",'B01MUA6XBD,016,Invalid Length (not 10 or 13 after cleaning)
JOHN LARS ZWERENZ THE COMPLETE ANTHOLOGY,John Lars Zwerenz,,,Invalid Length (not 10 or 13 after cleaning)
Soul Storm,John Corwin (Goodreads Author),'B07Z9Q5DP6,07956,Invalid Length (not 10 or 13 after cleaning)
His Accidental Daddy,Luna David (Goodreads Author),'B086YVPC2G,0862,Invalid Length (not 10 or 13 after cleaning)
Pie in the Sky,Remy Lai (Goodreads Author),,,Invalid Length (not 10 or 13 after cleaning)
L'arte di essere fragili: Come Leopardi può salvarti la vita,Alessandro D'Avenia,'B01M6YOJYH,016,Invalid Length (not 10 or 13 after cleaning)
Somethin' About That Boy,Lani Lynn Vale (Goodreads Author),'B088QKH4TN,0884,Invalid Length (not 10 or 13 after cleaning)
The Bride from Moscow,Natasha Lukin (Goodreads Author),'B0198MINWC,0198,Invalid Length (not 10 or 13 after cleaning)
"3 Friends Celebrate: Ali, Kelly and Ben",M Maktari,'B07HB6CFM6,0766,Invalid Length (not 10 or 13 after cleaning)
All That's Been Said,Emma Doherty (Goodreads Author),'B07Z8CKHXF,078,Invalid Length (not 10 or 13 after cleaning)
Framed!,James Ponti (Goodreads Author),'B01675AE6G,016756,Invalid Length (not 10 or 13 after cleaning)
Prince of Darkness,Blake Arthur Peel (Goodreads Author),'B08981B5M3,0898153,Invalid Length (not 10 or 13 after cleaning)
Hellworld,Tom Leveen (Goodreads Author),'B01GD9CNL0,0190,Invalid Length (not 10 or 13 after cleaning)
"Spifford Max and the Cycle Pups Go to Washington, DC",Louisa Mastromarino,'B08BGVQFP8,088,Invalid Length (not 10 or 13 after cleaning)
Lady Dread,John Patrick Kennedy (Goodreads Author),'B07F8CLQ6R,0786,Invalid Length (not 10 or 13 after cleaning)
Psion Beta,Jacob Gowans (Goodreads Author),'B004G5Z44W,004544,Invalid Length (not 10 or 13 after cleaning)
The Dragon Republic,R.F. Kuang (Goodreads Author),,,Invalid Length (not 10 or 13 after cleaning)
Lola & the Millionaires: Part Two,Kathryn Moon (Goodreads Author),'B088NG7LMK,0887,Invalid Length (not 10 or 13 after cleaning)
Mirage,Nilakshi Garg (Goodreads Author),'B083WL9X35,083935,Invalid Length (not 10 or 13 after cleaning)
Peanut & Sparky,"Arnie Lightning, Qian Chen (Illustrator)",,,Invalid Length (not 10 or 13 after cleaning)
By a Thread,Lucy Score (Goodreads Author),'B0874WYYRJ,0874,Invalid Length (not 10 or 13 after cleaning)
Killing the Story,Joan Livingston (Goodreads Author),'B08BDL9KKR,089,Invalid Length (not 10 or 13 after cleaning)
Magic Unleashed,K.M. Shea (Goodreads Author),'B085PWXRKW,085,Invalid Length (not 10 or 13 after cleaning)
Blood on His Hands,Mark P. Sadler (Goodreads Author),,,Invalid Length (not 10 or 13 after cleaning)
Hush,Anne Frasier (Goodreads Author),,,Invalid Length (not 10 or 13 after cleaning)
Catharsis,Skyla Dawn Cameron (Goodreads Author),,,Invalid Length (not 10 or 13 after cleaning)
الفقه الإسلامي في طريق التجديد,محمد سليم العوا,,,Invalid Length (not 10 or 13 after cleaning)
The Fat Innkeeper,Alan Russell (Goodreads Author),,,Invalid Length (not 10 or 13 after cleaning)
Half Hearts,Sherri Desbois (Goodreads Author),'B004LGTQ5O,0045,Invalid Length (not 10 or 13 after cleaning)
The Adventures Of Dr. McNinja,Christopher Hastings (Goodreads Author),,,Invalid Length (not 10 or 13 after cleaning)
Quem me dera ser onda,Manuel Rui,,,Invalid Length (not 10 or 13 after cleaning)
Some Time Never: A Fable for Supermen,Roald Dahl,,,Invalid Length (not 10 or 13 after cleaning)
Fairy Circle,Johanna Frappier (Goodreads Author),'B004ZZPOB6,0046,Invalid Length (not 10 or 13 after cleaning)
Bewitching My Love,Diane Story (Goodreads Author),,,Invalid Length (not 10 or 13 after cleaning)
Pages,S.J. Johnson (Goodreads Author),'B003IX0GTQ,0030,Invalid Length (not 10 or 13 after cleaning)
"Astounding Science-Fiction, July 1941","John W. Campbell Jr. (Editor), Robert A. Heinlein (Contributor)",,,Invalid Length (not 10 or 13 after cleaning)
Bewitched in Time,Scarlet Black (Goodreads Author),,,Invalid Length (not 10 or 13 after cleaning)
The Ascended,Tiffany King (Goodreads Author),,,Invalid Length (not 10 or 13 after cleaning)
Marley: The Other Christmas Carol,Donald Allen Kirch (Goodreads Author),'B006FLVZYI,006,Invalid Length (not 10 or 13 after cleaning)
The Ugly Little Bloke,Robert Greenberger (Goodreads Author),'B007GHNR5A,0075,Invalid Length (not 10 or 13 after cleaning)
The Christmas Train,David Baldacci (Goodreads Author),,,Invalid Length (not 10 or 13 after cleaning)
Liberalism: The Classical Tradition,"Ludwig von Mises, Bettina Bien Greaves (Editor)",,,Invalid Length (not 10 or 13 after cleaning)
Witch Eyes,Scott Tracey (Goodreads Author),,,Invalid Length (not 10 or 13 after cleaning)
Sweepstakes,Michael Chandley,,,Invalid Length (not 10 or 13 after cleaning)
Black Magic,J.D. Tyler (Goodreads Author),'B007FEFD9M,0079,Invalid Length (not 10 or 13 after cleaning)
Worüber Männer lachen : 1000 Witze und dumme Sprüche über Blondinen,Jack Young (Goodreads Author),'B005LXVVIG,005,Invalid Length (not 10 or 13 after cleaning)
The Coral Island,R.M. Ballantyne,,,Invalid Length (not 10 or 13 after cleaning)
UnCONventional,"Kate Kaynak (Goodreads Author) (Editor), Trisha Wooldridge (Editor), L.J. Berger (Contributor), Vikki Ciaffone (Contributor), Anthony Francis (Goodreads Author) (Contributor), Gordon Dupuis (Contributor), Justine Graykin (Goodreads Author) (Contributor), Randy O. Green (Contributor), more…",'B006W56CS6,006566,Invalid Length (not 10 or 13 after cleaning)
The Shylmahn Migration,David R. Beshears (Goodreads Author),'B0077QOO7K,00777,Invalid Length (not 10 or 13 after cleaning)
2012,Eric J. Gates (Goodreads Author),'B0037CF224,0037224,Invalid Length (not 10 or 13 after cleaning)
OFW Struggles Hopes and Dreams,Fernando Lachica (Goodreads Author),,,Invalid Length (not 10 or 13 after cleaning)
Sweetest Taboo,Eva Márquez (Goodreads Author),'B009OKSNYC,009,Invalid Length (not 10 or 13 after cleaning)
Second Chance Romance,Sophie Monroe (Goodreads Author),'B00AWWCSPQ,00,Invalid Length (not 10 or 13 after cleaning)
Gun Control & The Second Amendment 2nd Edition Revised & Expanded,Byron Goines,'B00BDF0FII,000,Invalid Length (not 10 or 13 after cleaning)
Ricasoli Soldier: A Novel Inspired by True Events,Joe Scicluna (Goodreads Author),'B00CIB2ESK,002,Invalid Length (not 10 or 13 after cleaning)
The Bainbridge Killings,Rick Soper (Goodreads Author),'B00BGHFD6W,006,Invalid Length (not 10 or 13 after cleaning)
Brilliant Pain,Edita Birschbach (Goodreads Author),'B00CGNKEY6,006,Invalid Length (not 10 or 13 after cleaning)
Türkisgrüner Winter,Carina Bartsch,,,Invalid Length (not 10 or 13 after cleaning)
Attitude - Your Best hope for Happiness (A look at the men who founded the Positive Attitude Movement),Martin Gover (Goodreads Author),,,Invalid Length (not 10 or 13 after cleaning)
The Ghost Hunter,W.M. Scott,,,Invalid Length (not 10 or 13 after cleaning)
The Banshee's Revenge,Victoria Richards (Goodreads Author),'B00C52KYLQ,0052,Invalid Length (not 10 or 13 after cleaning)
"Whatever Gets You Through the Night (The True Lives Of The Fabulous Killjoys, #1)","Gerard Way, Shaun Simon, Becky Cloonan (Illustrator)",,,Invalid Length (not 10 or 13 after cleaning)
Strange Love: How Pro Wrestling Taught Me to Relax and Love My Mom,Ben Peller (Goodreads Author),'B0050Z3CRS,00503,Invalid Length (not 10 or 13 after cleaning)
Cassidy Jones and the Seventh Attendant,Elise Stokes (Goodreads Author),,,Invalid Length (not 10 or 13 after cleaning)
Hell's Knights,Bella Jewel,'B00EN6DO4G,0064,Invalid Length (not 10 or 13 after cleaning)
Sophias Krieger,Dana Graham (Goodreads Author),'B00D4IT2U4,00424,Invalid Length (not 10 or 13 after cleaning)
Zomboro Virus,Brenda Dyer (Goodreads Author),,,Invalid Length (not 10 or 13 after cleaning)
"The Clan MacRieve (Immortals After Dark, #2, #4 & #9)",Kresley Cole (Goodreads Author),'B004DI7TU4,00474,Invalid Length (not 10 or 13 after cleaning)
Let It Be Me,Toni Aleo (Goodreads Author),,,Invalid Length (not 10 or 13 after cleaning)
The Boy No One Loved,Casey Watson,'B005IH030M,005030,Invalid Length (not 10 or 13 after cleaning)
Sins of the Angels,"Linda Poitevin (Goodreads Author), Lydia M. Hawke",,,Invalid Length (not 10 or 13 after cleaning)
Forever Neverland,Heather Killough-Walden (Goodreads Author),'B004E3XV8C,00438,Invalid Length (not 10 or 13 after cleaning)
Walt Disney's Winnie-the-Pooh and the Honey Patch,Walt Disney Company,,,Invalid Length (not 10 or 13 after cleaning)
All That He Wants,Olivia Thorne (Goodreads Author),'B00AMIH8Y6,0086,Invalid Length (not 10 or 13 after cleaning)
Wothlondia Rising: The Anthology,Gary F. Vanucci (Goodreads Author),'B008AEFN8M,0088,Invalid Length (not 10 or 13 after cleaning)
Vince's Life The Next Chapter: Getting Over Andrea,Vince O. Teves,,,Invalid Length (not 10 or 13 after cleaning)
Demonic Visions: 50 Horror Tales,"Chris Robertson (Goodreads Author) (Editor), Patrick Freivald (Goodreads Author), James Pratt, Jeffrey Thomas (Goodreads Author), Kerry G.S. Lipp, Rob Smales (Goodreads Author), Johannes Pinter (Goodreads Author), Jeani Rector, more…",,,Invalid Length (not 10 or 13 after cleaning)
I Remember,Cynthia P. O'Neill (Goodreads Author),'B00DQULH6C,006,Invalid Length (not 10 or 13 after cleaning)
Realm of the Northern Castle,Sharon Wheater (Goodreads Author),,,Invalid Length (not 10 or 13 after cleaning)
The Grace in Darkness,Melissa Andrea (Goodreads Author),'B00G3A9SQ8,00398,Invalid Length (not 10 or 13 after cleaning)
Used,Lynetta Halat (Goodreads Author),,,Invalid Length (not 10 or 13 after cleaning)
المشروع الحضاري نحو فهم جديد للواقع,عبد الكريم بكار,,,Invalid Length (not 10 or 13 after cleaning)
The Caliphate of Banu Ummaiya,"ابن كثير, Ibn Kathir",'B00D3Y4W9U,00349,Invalid Length (not 10 or 13 after cleaning)
Revealing Us,Lisa Renee Jones (Goodreads Author),'B00A280VUO,00280,Invalid Length (not 10 or 13 after cleaning)
A Demon Bound,Debra Dunbar (Goodreads Author),,,Invalid Length (not 10 or 13 after cleaning)
Savior,Debra Lee (Goodreads Author),,,Invalid Length (not 10 or 13 after cleaning)
花のみぞ知る 3 [Hana no mizoshiru 3],"Rihito Takarai, 宝井理人",'B0772RLMBY,0772,Invalid Length (not 10 or 13 after cleaning)
Bless the Bees: The Pending Extinction of our Pollinators and What You Can Do to Stop It,"Kenneth Eade (Goodreads Author), Valentina Eade (Photographer)",'B00EYOG02A,0002,Invalid Length (not 10 or 13 after cleaning)
Doctor Who: Magic of the Angels,Jacqueline Rayner,'B006K21HAY,00621,Invalid Length (not 10 or 13 after cleaning)
Falling In,Lydia Michaels (Goodreads Author),'B00BSY6UAQ,006,Invalid Length (not 10 or 13 after cleaning)
Trailer Trash,Rick Johnson (Goodreads Author),'B00HJ64CUM,0064,Invalid Length (not 10 or 13 after cleaning)
Come Find Me,Travis Neighbor Ward (Goodreads Author),'B00JH824DM,00824,Invalid Length (not 10 or 13 after cleaning)
I Sold Myself To The Devil For Vinyls... Pitiful I Know,DarknessAndLight,,,Invalid Length (not 10 or 13 after cleaning)
Something Like Spring,Jay Bell (Goodreads Author),'B00I480Z82,0048082,Invalid Length (not 10 or 13 after cleaning)
Dreams Come True,Bridgitte Lesley (Goodreads Author),'B00JH8M38I,00838,Invalid Length (not 10 or 13 after cleaning)
The Hunted One,Meg Collett (Goodreads Author),,,Invalid Length (not 10 or 13 after cleaning)
Overshadowed Hope,Becca Lee Nyx (Goodreads Author),,,Invalid Length (not 10 or 13 after cleaning)
Beautiful Things and How to Ignore Them,Sam Kuban,'B00JJY7XY4,0074,Invalid Length (not 10 or 13 after cleaning)
The Noir Dera: Beacon of Sound,R.M. Garry (Goodreads Author),'B00LSSP92C,0092,Invalid Length (not 10 or 13 after cleaning)
A Charming Magic,Tonya Kappes (Goodreads Author),,,Invalid Length (not 10 or 13 after cleaning)
Island Rush,Marien Dore (Goodreads Author),,,Invalid Length (not 10 or 13 after cleaning)
"Guarding Abigail (Divine Sacrifice Trilogy, Book 1)",T.E. Ridener (Goodreads Author),,,Invalid Length (not 10 or 13 after cleaning)
Flat-Out Celeste,Jessica Park (Goodreads Author),,,Invalid Length (not 10 or 13 after cleaning)
The Light of the Fireflies,"Paul Pen (Goodreads Author), Simon Bruni (Goodreads Author) (Translator)",'B016A31ZWC,01631,Invalid Length (not 10 or 13 after cleaning)
The Leopard Apocalypse,T.A. Uner (Goodreads Author),'B07WX7MYL2,0772,Invalid Length (not 10 or 13 after cleaning)
Elias Zapple's Rhymes from the Cabbage Patch,Elias Zapple (Goodreads Author),,,Invalid Length (not 10 or 13 after cleaning)
Innocent Darkness,Suzanne Lazear,,,Invalid Length (not 10 or 13 after cleaning)
It's Time to Wake Up!: Poems and Messages that inspire the black experience,Marie Yvette (Goodreads Author),'B00HWLO54C,0054,Invalid Length (not 10 or 13 after cleaning)
House of Silence,Linda Gillard (Goodreads Author),'B004USSPN2,0042,Invalid Length (not 10 or 13 after cleaning)
Making the Cut,Kim Jones (Goodreads Author),,,Invalid Length (not 10 or 13 after cleaning)
Solan,Jonathon Jones (Goodreads Author),'B00DQREY3I,003,Invalid Length (not 10 or 13 after cleaning)
Moon Kissed,Donna Grant (Goodreads Author),'B00MQ68AQ2,00682,Invalid Length (not 10 or 13 after cleaning)
Black Night,Christina Henry (Goodreads Author),'B004RKXHAE,004,Invalid Length (not 10 or 13 after cleaning)
Forgiveness,Rain Murphy (Goodreads Author),'B00M6FU9O4,00694,Invalid Length (not 10 or 13 after cleaning)
Undefeated,Scott Hildreth (Goodreads Author),'B00HOSAE52,0052,Invalid Length (not 10 or 13 after cleaning)
Survival,Rebecca Sherwin (Goodreads Author),,,Invalid Length (not 10 or 13 after cleaning)
6 Steps To Forgiveness: A Live Forgiveness Session With A Step-By-Step Process,"Josephine Hasan-Kerr, Elaine Earle MA (Editor), Carey Kerr BS (Editor)",'B00D5LOMBE,005,Invalid Length (not 10 or 13 after cleaning)
House of Shadows,Misha M. Herwin,,,Invalid Length (not 10 or 13 after cleaning)
Ashes to Ashes,"Jenny Han (Goodreads Author), Siobhan Vivian (Goodreads Author)",,,Invalid Length (not 10 or 13 after cleaning)
Find Her Free Her,Robyn Roze (Goodreads Author),'B00BNOXE0A,000,Invalid Length (not 10 or 13 after cleaning)
The Taken and the Free,Arie Farnam (Goodreads Author),'B00OYJVVZG,00,Invalid Length (not 10 or 13 after cleaning)
After the Goode,Cary Allen Stone (Goodreads Author),'B00ITVJOQI,00,Invalid Length (not 10 or 13 after cleaning)
Enter the Uncreated Night,Christopher Rankin (Goodreads Author),'B00PMY57KM,0057,Invalid Length (not 10 or 13 after cleaning)
Dead Rage: A Zombie Apocalypse,Nicholas Ryan (Goodreads Author),'B00NH218S6,002186,Invalid Length (not 10 or 13 after cleaning)
Everlasting,Candace Knoebel (Goodreads Author),,,Invalid Length (not 10 or 13 after cleaning)
Broken Silence,Natasha Preston (Goodreads Author),,,Invalid Length (not 10 or 13 after cleaning)
The Forgotten Highlander: My Incredible Story of Survival During the War in the Far East,Alistair Urquhart,'B00371V8ZU,003718,Invalid Length (not 10 or 13 after cleaning)
Terrorscape,Nenia Campbell (Goodreads Author),'B00EEA8M8E,0088,Invalid Length (not 10 or 13 after cleaning)
"Adversity Builds Character; An Inspirational True Life Story of Disability, Addiction and Acceptance",Tom Ufert (Goodreads Author),'B009NN5RJY,0095,Invalid Length (not 10 or 13 after cleaning)
Words are our Sorcery,Karl Wiggins (Goodreads Author),'B00JDVIHTI,00,Invalid Length (not 10 or 13 after cleaning)
Your Husband My Man 3,K.C. Blaze (Goodreads Author),'B00NLYZZ3Y,003,Invalid Length (not 10 or 13 after cleaning)
Kade's Game,C.M. Owens (Goodreads Author),'B00MTB613S,00613,Invalid Length (not 10 or 13 after cleaning)
Subjugation,James Galloway,,,Invalid Length (not 10 or 13 after cleaning)
Entice,"Ella Frank, MacKenzie Cartwright (Narrator)",'B00B7RU1G8,00718,Invalid Length (not 10 or 13 after cleaning)
The MacKinnon Curse,J.A. Templeton (Goodreads Author),'B008RA8JY4,00884,Invalid Length (not 10 or 13 after cleaning)
The Death: Quarantine,"John W. Vance, G. Michael Hopf (Goodreads Author) (Foreword)",'B00MR86VM4,00864,Invalid Length (not 10 or 13 after cleaning)
Fractured Fairy Tales of the Twilight Zone,J. Cafesin (Goodreads Author),'B00TV81EL6,00816,Invalid Length (not 10 or 13 after cleaning)
Initiation,Young (Goodreads Author),,,Invalid Length (not 10 or 13 after cleaning)
Phoenix Rising,JoLynne Valerie,'B00307S156,00307156,Invalid Length (not 10 or 13 after cleaning)
لافتات 3,أحمد مطر,,,Invalid Length (not 10 or 13 after cleaning)
A Deeper Shade of Red,Dominick Anderson,'B005D5C852,0055852,Invalid Length (not 10 or 13 after cleaning)
Artificial Love,Alisa Mullen (Goodreads Author),,,Invalid Length (not 10 or 13 after cleaning)
The Silent Soldiers,Travis Stinnett (Goodreads Author),'B00BGRGRV2,002,Invalid Length (not 10 or 13 after cleaning)
Forgiving Lies,Molly McAdams (Goodreads Author),'B00BATNM2S,002,Invalid Length (not 10 or 13 after cleaning)
Bound and Freed Boxed Set,Nikki Sex (Goodreads Author),'B00BSB5B2M,0052,Invalid Length (not 10 or 13 after cleaning)
Flawed,Francette Phal,'B00O4NVI14,00414,Invalid Length (not 10 or 13 after cleaning)
"One Million Lovely Letters: When Life is Looking Hopeless, One Inspirational Letter Can Change Your Life Forever",Jodi Ann Bickley,'B00FRKPG34,0034,Invalid Length (not 10 or 13 after cleaning)
Junkie Love,Joe Clifford (Goodreads Author),,,Invalid Length (not 10 or 13 after cleaning)
Cowboy's Bride,J.J. Fox (Goodreads Author),'B00TM7AH1E,0071,Invalid Length (not 10 or 13 after cleaning)
Quest on the Thorny Path,David Beaupre (Goodreads Author),'B00QPAPV9O,009,Invalid Length (not 10 or 13 after cleaning)
Anissa's Redemption,Zack Love (Goodreads Author),'B00S470A9W,004709,Invalid Length (not 10 or 13 after cleaning)
Nor Iron Bars a Cage,Kaje Harper (Goodreads Author),'B00FNXC8EU,008,Invalid Length (not 10 or 13 after cleaning)
The Hurricane,R.J. Prescott (Goodreads Author),,,Invalid Length (not 10 or 13 after cleaning)
Safa: Die Rettung der kleinen Wüstenblume,Waris Dirie,'B00COD6ZJQ,006,Invalid Length (not 10 or 13 after cleaning)
Semper Mine,Lizzy Ford (Goodreads Author),'B00K0ZVG5I,0005,Invalid Length (not 10 or 13 after cleaning)
Prick,Sabrina Paige (Goodreads Author),,,Invalid Length (not 10 or 13 after cleaning)
Young & Beautiful,Velvetoscar,,,Invalid Length (not 10 or 13 after cleaning)
Revelation,Eve Newton (Goodreads Author),'B00CTWAY12,0012,Invalid Length (not 10 or 13 after cleaning)
Codependent No More: Life Can Be Better When You Overcome Codependency,Megan Coulter (Goodreads Author),'B00YPNR6EG,006,Invalid Length (not 10 or 13 after cleaning)
The Reagan Paradox,The Editors of Time Magazine,'B00K8ETDJW,008,Invalid Length (not 10 or 13 after cleaning)
Westward Winds,Linda Bridey (Goodreads Author),'B00LA2QDBM,002,Invalid Length (not 10 or 13 after cleaning)
BookRags Summary: A Storm of Swords,BookRags,'B004BLKCNO,004,Invalid Length (not 10 or 13 after cleaning)
"Say Goodnight, Gracie",Julie Reece Deaver,,,Invalid Length (not 10 or 13 after cleaning)
Forever with Me,Kristen Pro(Goodreads Author),'B00PSMR5QC,005,Invalid Length (not 10 or 13 after cleaning)
Ultimatum Of The Nameless God,Brian McGoldrick (Goodreads Author),'B0131CP35K,013135,Invalid Length (not 10 or 13 after cleaning)
Body of Proof: Tainted Evidence In The Murder Of Jessica O'Grady?,John Ferak (Goodreads Author),'B011GZKAOI,011,Invalid Length (not 10 or 13 after cleaning)
Endsinger,Jay Kristoff (Goodreads Author),'B00IQO72QW,0072,Invalid Length (not 10 or 13 after cleaning)
24 Cheap and Easy Gluten-Free Breakfast Recipes (Cheap Gluten-Free Recipes Book 1),Michael Zhang (Goodreads Author),'B0152E2T16,0152216,Invalid Length (not 10 or 13 after cleaning)
The View on the Way Down,Rebecca Wait (Goodreads Author),,,Invalid Length (not 10 or 13 after cleaning)
Bane of the Innocent,Oliver Phipps (Goodreads Author),'B00KWK7E1Q,0071,Invalid Length (not 10 or 13 after cleaning)
Restoration,Randi Cooley Wilson (Goodreads Author),,,Invalid Length (not 10 or 13 after cleaning)
Les Fourmis / Le Jour des Fourmis / La Révolution des fourmis,Bernard Werber,'B00005RHOP,00005,Invalid Length (not 10 or 13 after cleaning)
HIDDEN MICKEY 3: Wolf! The Legend of Tom Sawyer's Island,Nancy Temple Rodrigue,'B004Q9TXHW,0049,Invalid Length (not 10 or 13 after cleaning)
Awakened,Brenda K. Davies (Goodreads Author),,,Invalid Length (not 10 or 13 after cleaning)
"The Cast Iron Cookbook: 30 Delicious Breakfast, Lunch and Dinner Recipes You Can Cook in Your Cast Iron Skillet (The Essential Kitchen Series Book 16)",Sarah Sophia (Goodreads Author),'B00KHW4LA6,0046,Invalid Length (not 10 or 13 after cleaning)
Levant Fever: True Stories from Syria's Underground,Wajdy Mustafa (Goodreads Author),'B017GT4T3Q,01743,Invalid Length (not 10 or 13 after cleaning)
Omega New Moon,"Noah Harris (Goodreads Author), Johnson Woodstrong",'B015GP6PXY,0156,Invalid Length (not 10 or 13 after cleaning)
Dashing Through the Stars,"Erin Tate (Goodreads Author), Celia Kyle (Goodreads Author)",'B018JB450C,018450,Invalid Length (not 10 or 13 after cleaning)
Dysmorphic Kingdom,Colleen Chen (Goodreads Author),'B012GSAITG,012,Invalid Length (not 10 or 13 after cleaning)
Strum Your Heart Out,Crystal Kaswell (Goodreads Author),,,Invalid Length (not 10 or 13 after cleaning)
Devil's Playground,Heather Eagar (Goodreads Author),,,Invalid Length (not 10 or 13 after cleaning)
The Robber Knight,Robert Thier,'B00K1GDEFQ,001,Invalid Length (not 10 or 13 after cleaning)
Redemption,S.J. West (Goodreads Author),'B00NGK07Y0,00070,Invalid Length (not 10 or 13 after cleaning)
"The Four Secrets Your Dentist Never Told You: White Teeth, Pink Gums, Fresh Breath for Life! (The 4 Secrets Your Dentist Never Told You Book 1)",Garry Bonsall (Goodreads Author),'B01A97N9P6,019796,Invalid Length (not 10 or 13 after cleaning)
Coins in the Coffee Cup,Ambriehl Khalil (Goodreads Author),'B010QS3QI8,01038,Invalid Length (not 10 or 13 after cleaning)
Stitch,L. Wilder (Goodreads Author),'B019CV1CVI,0191,Invalid Length (not 10 or 13 after cleaning)
A Mother Scorned,"Unique Penn, FirstBorn Designs (Illustrator)",'B01C4VVSXK,014,Invalid Length (not 10 or 13 after cleaning)
"(Q)ueen (Franklin Academy, #2)",Allison Simon (Goodreads Author),,,Invalid Length (not 10 or 13 after cleaning)
"The Journey of Elizabeth Ann Rose (Seasons of Love and War Saga, #3)",Brenda Ashworth Barry,'B00ZBM4N6O,0046,Invalid Length (not 10 or 13 after cleaning)
The Darkness Dwellers,Kirsten Miller (Goodreads Author),,,Invalid Length (not 10 or 13 after cleaning)
Emotions,"Arnie Cantarero (Goodreads Author), Kiyomi Sakamoto (Illustrator)",'B00CTXLE56,0056,Invalid Length (not 10 or 13 after cleaning)
How to Freedive: A beginners guide to apnea diving: How to reach 100 feet on one breath: A guide to the art and science of breath hold freediving.,"Eduardo Marchese, Florian Muller (Illustrator)",'B00TWBF3M8,0038,Invalid Length (not 10 or 13 after cleaning)
Stillwell,Michael Phillip Cash,'B00DGYLHQ8,008,Invalid Length (not 10 or 13 after cleaning)
Lady Fiasco,Kathleen Baldwin (Goodreads Author),'B00GK9MCNS,009,Invalid Length (not 10 or 13 after cleaning)
Deadlocked,A.R. Wise (Goodreads Author),'B006OOSWRO,006,Invalid Length (not 10 or 13 after cleaning)
The Remedy,Suzanne Young (Goodreads Author),'B00L01GH8C,00018,Invalid Length (not 10 or 13 after cleaning)
Wildlife,Jeff Menapace (Goodreads Author),'B00VTXHRPI,00,Invalid Length (not 10 or 13 after cleaning)
Masked Love,Nicole Zoltack (Goodreads Author),'B01ENW8VQU,018,Invalid Length (not 10 or 13 after cleaning)
Daughter of the Drackan,Kathrin Hutson (Goodreads Author),,,Invalid Length (not 10 or 13 after cleaning)
#Nerd,Cambria Hebert (Goodreads Author),'B00P55CRPG,0055,Invalid Length (not 10 or 13 after cleaning)
"Romance Box Set:Billionaire Romance: Feel The Music: Books 1-3, Music in his Bones, Soul and Heart",Amerine Graham (Goodreads Author),'B01JMGA9BM,019,Invalid Length (not 10 or 13 after cleaning)
Samara's Peril,Jaye L. Knight (Goodreads Author),'B01CIIFBK0,010,Invalid Length (not 10 or 13 after cleaning)
Monstrous,MarcyKate Connolly (Goodreads Author),'B00KFFWKTY,00,Invalid Length (not 10 or 13 after cleaning)
Style,Chelsea M. Cameron (Goodreads Author),'B01GGKTHUG,01,Invalid Length (not 10 or 13 after cleaning)
Dying to Forget,Trish Marie Dawson (Goodreads Author),,,Invalid Length (not 10 or 13 after cleaning)
High Plains Fort,A.H. Holt,'B01M34JT6P,01346,Invalid Length (not 10 or 13 after cleaning)
Find You in Paris,Alix Nichols (Goodreads Author),,,Invalid Length (not 10 or 13 after cleaning)
The Light Keeper's Daughter,Jean Thompson Kinsey,'B007K1ODKK,0071,Invalid Length (not 10 or 13 after cleaning)
Weapon,Ryan Schow,'B01N1JLENO,011,Invalid Length (not 10 or 13 after cleaning)
"How To Win Football Bets Easily, Every Time: Top Secrets, Tips And Best Strategies For Winning Big",Betting Guru,'B01NBTCBF4,014,Invalid Length (not 10 or 13 after cleaning)
The Skinwalker:Resurrection,Dedra L. Stevenson (Goodreads Author),'B01MROTO5C,015,Invalid Length (not 10 or 13 after cleaning)
Dark Angel,Jane West,,,Invalid Length (not 10 or 13 after cleaning)
Tied to a Boss,J.L. Rose,'B01EGG3CF8,0138,Invalid Length (not 10 or 13 after cleaning)
Devil's Slave,Lola Hale,'B01JZ4BBPE,014,Invalid Length (not 10 or 13 after cleaning)
The Dance,Alison G. Bailey (Goodreads Author),'B01F1K2KU6,01126,Invalid Length (not 10 or 13 after cleaning)
Dark Strands: Stirrings beneath the surface,J.D. Estrada (Goodreads Author),'B00TJFW4P6,0046,Invalid Length (not 10 or 13 after cleaning)
The Tiniest Elf,Laurențiu M. Badea (Goodreads Author),,,Invalid Length (not 10 or 13 after cleaning)
Burn,Suzanne Wright (Goodreads Author),'B010P3660O,0103660,Invalid Length (not 10 or 13 after cleaning)
The Wrath of Truth,L.E. Parker (Goodreads Author),'B072MR66H7,072667,Invalid Length (not 10 or 13 after cleaning)
The Golden Goblet,Eloise Jarvis McGraw,,,Invalid Length (not 10 or 13 after cleaning)
The Maid's War,Jeff Wheeler (Goodreads Author),'B01LXFRF9C,019,Invalid Length (not 10 or 13 after cleaning)
Dragon Lyric: A Short Story,Bethany A. Jennings (Goodreads Author),'B07442MYNQ,07442,Invalid Length (not 10 or 13 after cleaning)
The Winds of Fate,Elizabeth St. Michel (Goodreads Author),'B00NVIWVVO,00,Invalid Length (not 10 or 13 after cleaning)
Beyond the Horizon,Jesseca Wheaton (Goodreads Author),'B01N6G68BT,01668,Invalid Length (not 10 or 13 after cleaning)
Adultolescence,Gabbie Hanna,'B06Y2T2HFR,0622,Invalid Length (not 10 or 13 after cleaning)
"Get Rich, Lucky Bitch: Release Your Money Blocks and Live a First Class Life",Denise Duffield-Thomas (Goodreads Author),'B00BSG124I,00124,Invalid Length (not 10 or 13 after cleaning)
When Darkness Tries to Hide,Stacy A. Padula (Goodreads Author),,,Invalid Length (not 10 or 13 after cleaning)
Protected,Anna Applegate (Goodreads Author),,,Invalid Length (not 10 or 13 after cleaning)
Todo lo que fuimos,Alberto Villarreal (Goodreads Author),,,Invalid Length (not 10 or 13 after cleaning)
Twisted in You,Fabiola Francisco (Goodreads Author),'B06XZ9LW9D,0699,Invalid Length (not 10 or 13 after cleaning)
Runtime,RoAnna Sylver (Goodreads Author),'B01LW0NEPG,010,Invalid Length (not 10 or 13 after cleaning)
Fall of Hades,Richard Paul Evans,,,Invalid Length (not 10 or 13 after cleaning)
From The Falls,Heather Renee (Goodreads Author),,,Invalid Length (not 10 or 13 after cleaning)
Generative Energy: Protecting and Restoring the Wholeness of Life,Raymond Peat,,,Invalid Length (not 10 or 13 after cleaning)
Shine Little Light: Bittersweet Memories of Miracles & Wonders,Jonathan Nettles,,,Invalid Length (not 10 or 13 after cleaning)
Bully Boy Blue,John Nicholl (Goodreads Author),'B06XK97KPQ,0697,Invalid Length (not 10 or 13 after cleaning)
Feisty & Feminine: A Rallying Cry for Conservative Women,Penny Young Nance,'B010RBUP8S,0108,Invalid Length (not 10 or 13 after cleaning)
El quinto dragón,Paulina Aguilar Gutiérrez (Goodreads Author),,,Invalid Length (not 10 or 13 after cleaning)
The Upside to Being Single,Emma Hart (Goodreads Author),'B07812DN4X,078124,Invalid Length (not 10 or 13 after cleaning)
Love & Luck,Jenna Evans Welch (Goodreads Author),,,Invalid Length (not 10 or 13 after cleaning)
Annie's 1st Break,Willee Amsden,'B0156SJFCE,0156,Invalid Length (not 10 or 13 after cleaning)
Splintered Courage,J.E. Sawyer (Goodreads Author),'B07DMCXTPR,07,Invalid Length (not 10 or 13 after cleaning)
America's First Daughter,"Stephanie Dray (Goodreads Author), Laura Kamoie (Goodreads Author)",,,Invalid Length (not 10 or 13 after cleaning)
Truth and Measure,Telanu,,,Invalid Length (not 10 or 13 after cleaning)
The Paris Husband: How It Really Was Between Ernest and Hadley Hemingway,Scott Donaldson,'B07FJZ6B2J,0762,Invalid Length (not 10 or 13 after cleaning)
Juniper Lemon's Happiness Index,Julie Israel (Goodreads Author),'B01LYECPUU,01,Invalid Length (not 10 or 13 after cleaning)
Dionna's Warrior,RuRyan,'B07CP65PZD,0765,Invalid Length (not 10 or 13 after cleaning)
All the Little Lights,Jamie McGuire (Goodreads Author),,,Invalid Length (not 10 or 13 after cleaning)
The Making of Dual Mania: Filmmaking Chicago Style (Kindle Edition),"Joseph Strickland (Goodreads Author), B.J. Patterson, Cat Ellington (Goodreads Author)",'B07H2Y1ZWP,0721,Invalid Length (not 10 or 13 after cleaning)
The Dowling House,A. Drew,'B077CXFQSB,077,Invalid Length (not 10 or 13 after cleaning)
Postcard From Paris,Holly Willow,,,Invalid Length (not 10 or 13 after cleaning)
Chimera (Hazel Eyes Series #1),"C.B. Blankenship (Goodreads Author), Debra Younger (Editor)",'B07HLBWDYL,07,Invalid Length (not 10 or 13 after cleaning)
How Much Land Does a Man Need?,"Leo Tolstoy, Boris Dralyuk (Goodreads Author)",'B00EVJKQZ0,000,Invalid Length (not 10 or 13 after cleaning)
Jack of Thorns,Amelia Faulkner (Goodreads Author),'B075SZ7ZPD,0757,Invalid Length (not 10 or 13 after cleaning)
Aldaraia,Clinchandhill (Goodreads Author),'B07KMCD27G,0727,Invalid Length (not 10 or 13 after cleaning)
Boring Bob,Anfaney Gladwin,'B07FP3PH88,07388,Invalid Length (not 10 or 13 after cleaning)
Queen of Cahraman: A Retelling of Aladdin,Lucy Tempest (Goodreads Author),'B07K5YLPBV,075,Invalid Length (not 10 or 13 after cleaning)
All the Inside Howling,Gregory Ashe (Goodreads Author),'B06WV99D4G,06994,Invalid Length (not 10 or 13 after cleaning)
Cards of Love: Three of Swords,Willow Winters (Goodreads Author),'B07L451BSJ,07451,Invalid Length (not 10 or 13 after cleaning)
"Crisis of Character: A White House Secret Service Officer Discloses His Firsthand Experience with Hillary, Bill, and How They Operate",Gary J. Byrne,'B01C3LHS44,01344,Invalid Length (not 10 or 13 after cleaning)
Hearts of Resistance,Soraya M. Lane (Goodreads Author),'B071FMQ6NN,0716,Invalid Length (not 10 or 13 after cleaning)
Crystal Whisperer,Camilla Monk (Goodreads Author),'B01N651P4K,016514,Invalid Length (not 10 or 13 after cleaning)
Stealing the Moon: A Woman's Quest to Heal the Shadow Self,Sienna Lea,'B07HL3PK7S,0737,Invalid Length (not 10 or 13 after cleaning)
INFALLIBLE BOOK 4: THE COMMITMENT FORGOTTEN,T.J. Spencer Jacques (Goodreads Author),'B07PCPDYVV,07,Invalid Length (not 10 or 13 after cleaning)
101 Essays That Will Change The Way You Think,Brianna Wiest (Goodreads Author),'B01MYMUGQL,01,Invalid Length (not 10 or 13 after cleaning)
Remember Us,Emma Nichols (Goodreads Author),'B073YR62G2,073622,Invalid Length (not 10 or 13 after cleaning)
Đảo,Nguyễn Ngọc Tư,,,Invalid Length (not 10 or 13 after cleaning)
You Can't Drive Your Car to Your Own Funeral,Ann Marie Hancock,'B07GT75RP6,07756,Invalid Length (not 10 or 13 after cleaning)
Cloud and Wallfish,Anne Nesbet (Goodreads Author),,,Invalid Length (not 10 or 13 after cleaning)
Spindrift,Cindy Brandner (Goodreads Author),'B00GYOU042,00042,Invalid Length (not 10 or 13 after cleaning)
Beauty Grown From a Concrete Life: Blossoming In My Greatness,Shirley Lucas Cain (Goodreads Author),,,Invalid Length (not 10 or 13 after cleaning)
Elle voulait juste marcher tout droit,Sarah Barukh,'B01MUA145W,01145,Invalid Length (not 10 or 13 after cleaning)
Between the Shadow and Lo,Lauren Sapala (Goodreads Author),'B0757778WM,0757778,Invalid Length (not 10 or 13 after cleaning)
Psychic's Spell,Ella Summers (Goodreads Author),'B07BSG2WBF,072,Invalid Length (not 10 or 13 after cleaning)
CHANGE!: Warum wir eine radikale Wende brauchen,"Graeme Maxton, Nina Sattler-Hovdar (Translator)",'B07J4ZQRGN,074,Invalid Length (not 10 or 13 after cleaning)
The Blind Side of Love,Ingrid Díaz (Goodreads Author),,,Invalid Length (not 10 or 13 after cleaning)
The Hidden Girl,Louise Millar (Goodreads Author),'B00IXLVW1Y,001,Invalid Length (not 10 or 13 after cleaning)
L'eredità della spada,Cristina Azzali (Goodreads Author),'B014XMDT8K,0148,Invalid Length (not 10 or 13 after cleaning)
The Ignited Series: Complete Set,Desni Dantone (Goodreads Author),'B07B4M2DXK,0742,Invalid Length (not 10 or 13 after cleaning)
Magic Outside the Box,Honor Raconteur (Goodreads Author),'B07X4B7HGJ,0747,Invalid Length (not 10 or 13 after cleaning)
The Forbidden Wish,Jessica Khoury (Goodreads Author),,,Invalid Length (not 10 or 13 after cleaning)
City of Saints & Thieves,Natalie C. Anderson (Goodreads Author),,,Invalid Length (not 10 or 13 after cleaning)
Dark Redemption,Aja James (Goodreads Author),'B07FM1NWT9,0719,Invalid Length (not 10 or 13 after cleaning)
Zodiac Academy: The Reckoning,"Caroline Peckham (Goodreads Author), Susanne Valenti (Goodreads Author)",'B07XBGJKHQ,07,Invalid Length (not 10 or 13 after cleaning)
Renegades Chapter Sampler,Marissa Meyer (Goodreads Author),'B075QJJJTX,075,Invalid Length (not 10 or 13 after cleaning)
The Engine Woman's Light,Laurel Anne Hill (Goodreads Author),'B01MG3INTH,013,Invalid Length (not 10 or 13 after cleaning)
Peter Pants: who lives each day down to its dregs (upside-down fairy tales Book 2),"Anne Murray, T.K. Diem Nguyen (Illustrator)",'B082VBSCNM,082,Invalid Length (not 10 or 13 after cleaning)
LEARN TO FLY AND BECOME A PILOT!: THE ULTIMATE GUIDE FOR DETERMINING YOUR CAPABILITIES OF BECOMING A PROFESSIONAL PILOT AND GETTING STARTED WITH FLIGHT TRAINING (The Pilot Career Series # 1),Vesa Turpeinen (Goodreads Author),'B07QJBLCPG,07,Invalid Length (not 10 or 13 after cleaning)
Games of Fire,Airicka Phoenix (Goodreads Author),,,Invalid Length (not 10 or 13 after cleaning)
Black Swan,"Mark Heyman, Darren Aronofsky",'B004IH92DW,00492,Invalid Length (not 10 or 13 after cleaning)
The Rebel of Raleigh High,Callie Hart (Goodreads Author),'B07R6GGG3M,0763,Invalid Length (not 10 or 13 after cleaning)
The Cursed Fae King,"A.K. Koonce, Rebecca Grey",'B081FHHRVF,081,Invalid Length (not 10 or 13 after cleaning)
The Gladiator's Downfall,Kristen Banet (Goodreads Author),'B07HX3DT7Z,0737,Invalid Length (not 10 or 13 after cleaning)
Order of the Centurion,"Jason Anspach (Goodreads Author), Nick Cole (Goodreads Author), Jonathan Yanez (Goodreads Author)",'B07H6J551T,076551,Invalid Length (not 10 or 13 after cleaning)
Navigating the Stars,Maria V. Snyder (Goodreads Author),'B07DKRK9B7,0797,Invalid Length (not 10 or 13 after cleaning)
To the Lost one,Abu Bakr Zafar,,,Invalid Length (not 10 or 13 after cleaning)
The Girl Who Could Not Dream,Sarah Beth Durst (Goodreads Author),,,Invalid Length (not 10 or 13 after cleaning)
Wandfasted,Laurie Forest (Goodreads Author),'B01N00Y9X9,010099,Invalid Length (not 10 or 13 after cleaning)
The Nameless Encounter,Vineeta Taneja,'B07PYDVQGK,07,Invalid Length (not 10 or 13 after cleaning)
Camp So-and-So,Mary McCoy (Goodreads Author),,,Invalid Length (not 10 or 13 after cleaning)
Sin & Chocolate,K.F. Breene (Goodreads Author),,,Invalid Length (not 10 or 13 after cleaning)
Margaret,L.A. Parchment,'B00MF9O7Y4,00974,Invalid Length (not 10 or 13 after cleaning)
Orphan X,Gregg Andrew Hurwitz (Goodreads Author),'B010M4T5C2,010452,Invalid Length (not 10 or 13 after cleaning)
Pathfinder's Way,T.A. White (Goodreads Author),,,Invalid Length (not 10 or 13 after cleaning)
Fire and Grace,Melissa Plantz (Goodreads Author),'B088LSLBD7,0887,Invalid Length (not 10 or 13 after cleaning)
Agents of Dreamland,Caitlín R. Kiernan,,,Invalid Length (not 10 or 13 after cleaning)
john lars zwerenz the complete anthology,John Lars Zwerenz,,,Invalid Length (not 10 or 13 after cleaning)
Monster,Tarun Jolly (Goodreads Author),'B07YMZ946X,07946,Invalid Length (not 10 or 13 after cleaning)
The Lost and Found Journal of a Miner 49er: Vol. 1,Jack Dublin (Goodreads Author),'B0786PGZ5J,07865,Invalid Length (not 10 or 13 after cleaning)
Dire Destiny of Ours,John Corwin (Goodreads Author),,,Invalid Length (not 10 or 13 after cleaning)
Secrets of a Schoolyard Millionaire,Nat Amoore (Goodreads Author),'B07LFRX367,07367,Invalid Length (not 10 or 13 after cleaning)
Suspect 21 (The Perfect Medium Book 1),I. D. Cortez (Goodreads Author),'B089DSR9K1,08991,Invalid Length (not 10 or 13 after cleaning)
Pushing Reset,K. Sterling (Goodreads Author),'B015GEU8JW,0158,Invalid Length (not 10 or 13 after cleaning)
WAR HERO,Wing Commander M K Devidasan (Goodreads Author),,,Invalid Length (not 10 or 13 after cleaning)
It's Trevor Noah: Born a Crime: Stories from a South African Childhood (Adapted for Young Readers),Trevor Noah,,,Invalid Length (not 10 or 13 after cleaning)
Plague of Witches,John Patrick Kennedy (Goodreads Author),'B07X51CV6N,07516,Invalid Length (not 10 or 13 after cleaning)
Ismeni,Tosca Lee (Goodreads Author),'B00MS0FZAU,000,Invalid Length (not 10 or 13 after cleaning)
Dungeon Core Academy 1,Alex Oakchest,'B07YY8JNYG,078,Invalid Length (not 10 or 13 after cleaning)
The Box-Car Children,Gertrude Chandler Warner,'B00PA6Q46I,00646,Invalid Length (not 10 or 13 after cleaning)
City of Illusions,Ursula K. Le Guin,,,Invalid Length (not 10 or 13 after cleaning)
My Midnight Moonlight Valentine,J.J. McAvoy,'B0877YWQ61,087761,Invalid Length (not 10 or 13 after cleaning)
Infestation,William Meikle (Goodreads Author),'B0777HLL97,077797,Invalid Length (not 10 or 13 after cleaning)
Birthright,Jessica Ruddick (Goodreads Author),'B01N23GISP,0123,Invalid Length (not 10 or 13 after cleaning)
My Bloodline,K.C. Kean (Goodreads Author),'B08C1RV8FH,0818,Invalid Length (not 10 or 13 after cleaning)
Devil May Care,"Angel Lawson (Goodreads Author), Samantha Rue (Goodreads Author)",'B086BMJ69V,08669,Invalid Length (not 10 or 13 after cleaning)
Cricut for Beginners: The Ultimate Step by Step Guide to Cricut Maker and Design Space. Unleash your Creativity and Start Crafting Unique Handmade Projects Today! Includes Original Project Ideas,L.A. Creative Academy,'B08GLSVVH9,089,Invalid Length (not 10 or 13 after cleaning)
"Mentes In-Formadas, Ondas de In-Formação: Transferência de Consciências Arquetípicas e outras Infinitas Possiblidades",Hélio Couto,'B017M8LCZE,0178,Invalid Length (not 10 or 13 after cleaning)
Undercover Bromance,Lyssa Kay Adams (Goodreads Author),'B07T3XF9M2,07392,Invalid Length (not 10 or 13 after cleaning)
Worse Than Dying,Brett Van Valkenburg,'B08B82PL85,088285,Invalid Length (not 10 or 13 after cleaning)
The Unquiet Spirit,Penny Hampson (Goodreads Author),'B08BLP7383,087383,Invalid Length (not 10 or 13 after cleaning)
The Boy Who Could Do What He Liked,David Baddiel,'B013XUMF6U,0136,Invalid Length (not 10 or 13 after cleaning)
Dare to Make A Difference - Success 101,John A. Andrews (Goodreads Author),'B002HRENGQ,002,Invalid Length (not 10 or 13 after cleaning)
Breathless,Heather C. Hudak (Goodreads Author),'B004ASOTCI,004,Invalid Length (not 10 or 13 after cleaning)
Pleasing Him,Elinor Carr,,,Invalid Length (not 10 or 13 after cleaning)
Short Stories of Twisted Tales,Robin Renee Ray (Goodreads Author),'B00492CO6I,004926,Invalid Length (not 10 or 13 after cleaning)
Miracle in the Andes,"Nando Parrado, Vince Rause",,,Invalid Length (not 10 or 13 after cleaning)
Pageburner,Jason Z. Christie (Goodreads Author),'B006IJUGVU,006,Invalid Length (not 10 or 13 after cleaning)
Blood Awakening,Tessa Dawn (Goodreads Author),'B005AVTHDU,005,Invalid Length (not 10 or 13 after cleaning)
My Clockwork Muse (The Poe Files Mysteries),D.R. Erickson,'B00694ZHXG,00694,Invalid Length (not 10 or 13 after cleaning)
1001 Nights with Shara Azod....Ares Nymph,Shara Azod (Goodreads Author),,,Invalid Length (not 10 or 13 after cleaning)
The Three Golliwogs,"Enid Blyton, Rene Cloke (Illustrator)",,,Invalid Length (not 10 or 13 after cleaning)
The Fractal Prince,Hannu Rajaniemi,'B007NJPRRM,007,Invalid Length (not 10 or 13 after cleaning)
"Believe (Rules, #1)",Lisa Alfonso (Goodreads Author),'B009VJ3OB8,00938,Invalid Length (not 10 or 13 after cleaning)
Damon,Teresa Gabelman (Goodreads Author),,,Invalid Length (not 10 or 13 after cleaning)
Serpent's Keep,David R. Beshears (Goodreads Author),'B0070YBSGE,0070,Invalid Length (not 10 or 13 after cleaning)
The Last Girl,Kitty Thomas (Goodreads Author),'B0078QAZ4K,00784,Invalid Length (not 10 or 13 after cleaning)
Twisted Love: The Mayan Legend Returns,Fernando Lachica (Goodreads Author),'B00BKWCIMU,00,Invalid Length (not 10 or 13 after cleaning)
In the Winds of Danger,Linda Ulleseit (Goodreads Author),,,Invalid Length (not 10 or 13 after cleaning)
A Modern Witch,Debora Geary (Goodreads Author),'B004RZ2660,0042660,Invalid Length (not 10 or 13 after cleaning)
Sex in Marriage,Byron Goines,'B00AYGBRIE,00,Invalid Length (not 10 or 13 after cleaning)
"Valkyrie -The vampire princess’s Clothes (Valkyrie -The vampire princess,#0)",Pet Torres (Goodreads Author),,,Invalid Length (not 10 or 13 after cleaning)
Betrothed,Jill Myles (Goodreads Author),,,Invalid Length (not 10 or 13 after cleaning)
Leadership Authority Influence - Creating a Life of Value-knowing the,Martin Gover (Goodreads Author),,,Invalid Length (not 10 or 13 after cleaning)
Cruentus: Rise to Power,L.S. Broomfield,,,Invalid Length (not 10 or 13 after cleaning)
Call of the Raven,Shawn Reilly (Goodreads Author),,,Invalid Length (not 10 or 13 after cleaning)
Dinky the Elf,Rick L. Phillips (Goodreads Author),,,Invalid Length (not 10 or 13 after cleaning)
An Unexpected Blessing,Unoma Nwankwor (Goodreads Author),,,Invalid Length (not 10 or 13 after cleaning)
Songs of the Wind,Diana Nixon (Goodreads Author),'B00AG0VLLG,000,Invalid Length (not 10 or 13 after cleaning)
Eternal Island,"K.S. Haigwood (Goodreads Author), Ella Medler (Goodreads Author)",'B009XDY8RQ,0098,Invalid Length (not 10 or 13 after cleaning)
Just a Boy: An Inspiring and Heartwarming True Story,Casey Watson,'B00CCUCD1A,001,Invalid Length (not 10 or 13 after cleaning)
Civil Disobedience,Henry David Thoreau,'B000JQUS48,00048,Invalid Length (not 10 or 13 after cleaning)
The Warlock King,Heather Killough-Walden (Goodreads Author),,,Invalid Length (not 10 or 13 after cleaning)
Don't Let Go,Michelle Lynn (Goodreads Author),,,Invalid Length (not 10 or 13 after cleaning)
La sombra de la luna,José Antonio Cotrina (Goodreads Author),,,Invalid Length (not 10 or 13 after cleaning)
First Moon,Michelle Fox (Goodreads Author),,,Invalid Length (not 10 or 13 after cleaning)
Wandering Feelings,Boyko Ovcharov (Goodreads Author),'B00C6X030G,006030,Invalid Length (not 10 or 13 after cleaning)
Trail of 32: The True Story of a Youthful Spirit That Knew Not of Defeat,Paul Rega (Goodreads Author),'B00EXC1BWW,001,Invalid Length (not 10 or 13 after cleaning)
Recede,Katelin LaMontagne (Goodreads Author),,,Invalid Length (not 10 or 13 after cleaning)
The Right to Write: An Invitation and Initiation Into the Writing Life,Julia Cameron,,,Invalid Length (not 10 or 13 after cleaning)
Irreplaceable,Angela Graham (Goodreads Author),'B00FA91F7I,00917,Invalid Length (not 10 or 13 after cleaning)
The Cup and the Crown,Diane Stanley,,,Invalid Length (not 10 or 13 after cleaning)
Sinful Dreams,"Susan Johnson (Goodreads Author), C.C. Gibbs (Goodreads Author)",'B00AJMYU2S,002,Invalid Length (not 10 or 13 after cleaning)
Junia Is Not Alone,Scot McKnight,'B006H4PFZ8,00648,Invalid Length (not 10 or 13 after cleaning)
The Magnificence of Quran,"Darussalam (Editor), Faisal bin Muhammad Shafeeq",'B00HZ18GY4,00184,Invalid Length (not 10 or 13 after cleaning)
Chasing Forever Down,Nikki Chartier (Goodreads Author),,,Invalid Length (not 10 or 13 after cleaning)
Old Hickory Lane,"E.J. Ruek (Goodreads Author), D.L. Keur",'B00JBMYBFS,00,Invalid Length (not 10 or 13 after cleaning)
The Waking of Carag Cri'eth,Steve Jones Snr (Goodreads Author),'B00556O2I0,0055620,Invalid Length (not 10 or 13 after cleaning)
First Contact,Michael R. Hicks (Goodreads Author),'B004IPQE0I,0040,Invalid Length (not 10 or 13 after cleaning)
Book Marketing For Beginners,Heather Hart (Goodreads Author),'B00FARPGZW,00,Invalid Length (not 10 or 13 after cleaning)
Ain't No Sunshine,Leslie DuBois (Goodreads Author),'B00408AYJU,00408,Invalid Length (not 10 or 13 after cleaning)
Taken,John O'Brien (Goodreads Author),'B007NP3XUE,0073,Invalid Length (not 10 or 13 after cleaning)
Second Chances,D.L. Roan (Goodreads Author),'B00BH34Y74,003474,Invalid Length (not 10 or 13 after cleaning)
Taking Charge,Bridgitte Lesley (Goodreads Author),'B00H6PG18W,00618,Invalid Length (not 10 or 13 after cleaning)
Evacuation,Phillip Tomasso III (Goodreads Author),'B00H00UX2S,00002,Invalid Length (not 10 or 13 after cleaning)
Kerana Terpaksa... Aku Relakan,Umie Nadzimah,,,Invalid Length (not 10 or 13 after cleaning)
A Charming Spell,Tonya Kappes (Goodreads Author),'B00DPMQNZG,00,Invalid Length (not 10 or 13 after cleaning)
A Stroke Of Luck,Desiree DeOrto (Goodreads Author),,,Invalid Length (not 10 or 13 after cleaning)
Girl Next Door,Max Cummings,'B00NOC0JRK,000,Invalid Length (not 10 or 13 after cleaning)
The Nightingale Scripts,Jason Nightingale,'B00J760GWK,00760,Invalid Length (not 10 or 13 after cleaning)
The Perfect Woman,Jeff Fuell (Goodreads Author),,,Invalid Length (not 10 or 13 after cleaning)
Plague,Victor Methos (Goodreads Author),'B008XQ1FYI,0081,Invalid Length (not 10 or 13 after cleaning)
The Mysterious Corridor,Elias Zapple (Goodreads Author),,,Invalid Length (not 10 or 13 after cleaning)
This Broken Beautiful Thing,Sophie Summers (Goodreads Author),,,Invalid Length (not 10 or 13 after cleaning)
Destino,Sienna Mynx,,,Invalid Length (not 10 or 13 after cleaning)
La línea del corazón,Lena Michell,'B00H2SJVQW,002,Invalid Length (not 10 or 13 after cleaning)
Antony,Sylvia Kant,'B00NH0KQ7C,0007,Invalid Length (not 10 or 13 after cleaning)
The Lady in Yellow,Alyne de Winter (Goodreads Author),,,Invalid Length (not 10 or 13 after cleaning)
My Husband's Lover,E.M. Leya (Goodreads Author),'B00IY7U2RW,0072,Invalid Length (not 10 or 13 after cleaning)
Dating a Cougar,Donna McDonald (Goodreads Author),'B004RQ00Q2,004002,Invalid Length (not 10 or 13 after cleaning)
Destroy Me,Laura Bailey (Goodreads Author),'B00ISB5314,005314,Invalid Length (not 10 or 13 after cleaning)
Whernside,Kevin Grigg (Goodreads Author),'B00C4TKOMO,004,Invalid Length (not 10 or 13 after cleaning)
The Tainted Trust,Stephen Douglass (Goodreads Author),,,Invalid Length (not 10 or 13 after cleaning)
The Gramm Curse,Candace Knoebel (Goodreads Author),,,Invalid Length (not 10 or 13 after cleaning)
The Final Redemption,Michael G. Manning (Goodreads Author),,,Invalid Length (not 10 or 13 after cleaning)
Out of Control,Sarah Alderson (Goodreads Author),,,Invalid Length (not 10 or 13 after cleaning)
Thursdays in Savannah (Slivers of Love),Olivia Gaines (Goodreads Author),'B00KC8FTJM,008,Invalid Length (not 10 or 13 after cleaning)
Friends with Explicit Benefits Boxed Set,"Luke Young (Goodreads Author), Ian Dalton (Goodreads Author)",'B00GXIVCWI,00,Invalid Length (not 10 or 13 after cleaning)
Bella's choice,Lynelle Clark (Goodreads Author),,,Invalid Length (not 10 or 13 after cleaning)
Las hijas de Tara,Laura Gallego García,,,Invalid Length (not 10 or 13 after cleaning)
Unlit Star,Lindy Zart (Goodreads Author),'B00MWJY90O,0090,Invalid Length (not 10 or 13 after cleaning)
"Your Husband, My Man 2",K.C. Blaze (Goodreads Author),'B00MUAKRPQ,00,Invalid Length (not 10 or 13 after cleaning)
Breaking Even,C.M. Owens (Goodreads Author),'B00RR6GZ8Q,0068,Invalid Length (not 10 or 13 after cleaning)
Worth The Fall,Mara Jacobs (Goodreads Author),'B00ASFU5NO,005,Invalid Length (not 10 or 13 after cleaning)
The Chronicles of Amber: Volume I,Roger Zelazny,,,Invalid Length (not 10 or 13 after cleaning)
A Game of Greed and Deception,John Mathews (Goodreads Author),'B00OHQA4HW,004,Invalid Length (not 10 or 13 after cleaning)
Give Me A Reason,JoLynne Valerie,,,Invalid Length (not 10 or 13 after cleaning)
St Bartholomew's Man,Mary Delorme,'B005DEYOUA,005,Invalid Length (not 10 or 13 after cleaning)
Nowhere,Jon Robinson,'B00AY7Q6XO,0076,Invalid Length (not 10 or 13 after cleaning)
One Missing Link,Alisa Mullen (Goodreads Author),'B00KCRSKKI,00,Invalid Length (not 10 or 13 after cleaning)
Kink,Nikki Sex (Goodreads Author),'B00L8CO9LK,0089,Invalid Length (not 10 or 13 after cleaning)
Risking Trust,Adrienne Giordano (Goodreads Author),,,Invalid Length (not 10 or 13 after cleaning)
Quicksilver,Claudy Conn (Goodreads Author),'B00AB3KWEU,003,Invalid Length (not 10 or 13 after cleaning)
Effie and A Terrible Toothache (Elephant),Auntie Ant,'B00VMJTETQ,00,Invalid Length (not 10 or 13 after cleaning)
Asylum,Amy Cross (Goodreads Author),'B009OKRB3Q,0093,Invalid Length (not 10 or 13 after cleaning)
السيدة خديجة أم المؤمنين,أحمد محمد صقر,,,Invalid Length (not 10 or 13 after cleaning)
Elements of Chemistry: Attraction,Penny Reid (Goodreads Author),,,Invalid Length (not 10 or 13 after cleaning)
Fisher's Light,Tara Sivec (Goodreads Author),,,Invalid Length (not 10 or 13 after cleaning)
Choices,Eve Newton (Goodreads Author),'B00D01TE9O,00019,Invalid Length (not 10 or 13 after cleaning)
The Magic Of Thinking Big: Achieve Whatever You Dream For,Megan Coulter (Goodreads Author),'B00WOKCWK0,000,Invalid Length (not 10 or 13 after cleaning)
Desired,Alisa Woods (Goodreads Author),,,Invalid Length (not 10 or 13 after cleaning)
Liebesbrise - Zwischen Ebbe und Flut,"Hilke-Gesa Bußmann, Christian Wußmann (Illustrator)",'B00ZVC23MA,0023,Invalid Length (not 10 or 13 after cleaning)
"Barinas son los ríos, el tabaco y el viento",Orlando Araujo,,,Invalid Length (not 10 or 13 after cleaning)
On Self-Denial,John Calvin,,,Invalid Length (not 10 or 13 after cleaning)
The Star Dwellers,David Estes (Goodreads Author),,,Invalid Length (not 10 or 13 after cleaning)
"The Foundation Novels 7-Book Bundle: Foundation, Foundation and Empire, Second Foundation, Foundation's Edge, Foundation and Earth, Prelude to Foundation, Forward the Foundation",Isaac Asimov,'B00JOESE06,0006,Invalid Length (not 10 or 13 after cleaning)
Once Upon a Frog,Sarah Mlynowski (Goodreads Author),'B00YD46BS4,00464,Invalid Length (not 10 or 13 after cleaning)
"Twisted Affair, Vol. 1",M.S. Parker (Goodreads Author),,,Invalid Length (not 10 or 13 after cleaning)
AlterWorld,"D. Rus (Goodreads Author), Дмитрий Рус",,,Invalid Length (not 10 or 13 after cleaning)
Vampire: The Richard Chase Murders,Kevin M. Sullivan,'B008KTCC5Y,0085,Invalid Length (not 10 or 13 after cleaning)
11 Cheap Diabetic Recipes under 10$ (Bonus! 5 Cheap Diabetic Desserts),Michael Zhang (Goodreads Author),'B014U9G7SA,01497,Invalid Length (not 10 or 13 after cleaning)
Unlawful Desire,Chelle Bliss (Goodreads Author),,,Invalid Length (not 10 or 13 after cleaning)
تأملات في دنيا الله,مصطفى محمود,,,Invalid Length (not 10 or 13 after cleaning)
Illusion,S.M. Boyce (Goodreads Author),,,Invalid Length (not 10 or 13 after cleaning)
Deranged,Debbie Lacy (Goodreads Author),'B00ENFKNS2,002,Invalid Length (not 10 or 13 after cleaning)
Hard as It Gets,Laura Kaye (Goodreads Author),,,Invalid Length (not 10 or 13 after cleaning)
"Createspace and Kindle Self-Publishing Masterclass - Second Edition: The Step-by-Step Author's Guide to Writing, Publishing and Marketing Your Books on Amazon",Rick Smith (Goodreads Author),'B00GK5NKGU,005,Invalid Length (not 10 or 13 after cleaning)
Against All Odds,Angie McKeon (Goodreads Author),'B00JFF5TH0,0050,Invalid Length (not 10 or 13 after cleaning)
Punto de inflexión,Martín Mehsen,'B0188F48D8,0188488,Invalid Length (not 10 or 13 after cleaning)
Emerging from Darkness,Kira Adams (Goodreads Author),,,Invalid Length (not 10 or 13 after cleaning)
"Crystals: Your Beginners Guide To Crystals And Healing Stones (Power of Crystals, Healing Stones,Relieve Stress, Energy Healing)",Michele Gilbert (Goodreads Author),'B019L3OYO4,01934,Invalid Length (not 10 or 13 after cleaning)
No Way Out,"Jane McNulty, Olivia Hauvuy",'B011ZDA5WI,0115,Invalid Length (not 10 or 13 after cleaning)
The Moth in the Mirror,A.G. Howard (Goodreads Author),'B00FJ7NTP2,0072,Invalid Length (not 10 or 13 after cleaning)
Men of Steel Box Set,M.J. Fields (Goodreads Author),'B00O15R1BG,00151,Invalid Length (not 10 or 13 after cleaning)
Devilish,Michaela Adams,'B0158TXGLM,0158,Invalid Length (not 10 or 13 after cleaning)
Hard Limit,Meredith Wild (Goodreads Author),'B00VJMO8E2,0082,Invalid Length (not 10 or 13 after cleaning)
And Laugh at Digital Butterflies,Holly Blackstone (Goodreads Author),'B00D5MHRG0,0050,Invalid Length (not 10 or 13 after cleaning)
No Longer Safe,A.J. Waines (Goodreads Author),'B018UAAAW4,0184,Invalid Length (not 10 or 13 after cleaning)
Hot Girl,Prince Landi,'B01APW162S,01162,Invalid Length (not 10 or 13 after cleaning)
June’s Stolen Rose (Seasons of Love and War Book 4),Brenda Ashworth Barry,'B0129IM88W,012988,Invalid Length (not 10 or 13 after cleaning)
Quest in the Caribbean: A True Caribbean Sailing Adventure,David Beaupre (Goodreads Author),'B01E2L4R7O,01247,Invalid Length (not 10 or 13 after cleaning)
Wray,M.K. Eidem (Goodreads Author),'B00MR2MKE8,0028,Invalid Length (not 10 or 13 after cleaning)
Mistaken Kiss,Kathleen Baldwin (Goodreads Author),'B00IR3XIDS,003,Invalid Length (not 10 or 13 after cleaning)
Broken,Nicola Haken (Goodreads Author),,,Invalid Length (not 10 or 13 after cleaning)
Capitán Riley,Fernando Gamboa (Goodreads Author),'B00L4YW7L6,00476,Invalid Length (not 10 or 13 after cleaning)
"Boxing Films, Mobsters, Dames!: Volume One; How Kirk Douglas and Robert Ryan Fought Their Way To Stardom","William Hare, Alvaro Armada Gonzalez (Illustrator)",'B00YO3EZ8M,0038,Invalid Length (not 10 or 13 after cleaning)
Cinderella,Henry W. Hewet,'B000JML0HG,0000,Invalid Length (not 10 or 13 after cleaning)
The Gold,Krista Wagner (Goodreads Author),,,Invalid Length (not 10 or 13 after cleaning)
#Bae,Cambria Hebert (Goodreads Author),'B01LZFU196,01196,Invalid Length (not 10 or 13 after cleaning)
Protecting His Own,Cherise Sinclair (Goodreads Author),,,Invalid Length (not 10 or 13 after cleaning)
Billionaire Romance: Music in His soul,Amerine Graham (Goodreads Author),'B01HVNH0RE,010,Invalid Length (not 10 or 13 after cleaning)
The Faerie Guardian,Rachel Morgan (Goodreads Author),,,Invalid Length (not 10 or 13 after cleaning)
The Swan & the Jackal,J.A. Redmerski (Goodreads Author),,,Invalid Length (not 10 or 13 after cleaning)
Short Stories,Louis Becke,'B00G4TYPUW,004,Invalid Length (not 10 or 13 after cleaning)
Fluent Forever: How to Learn Any Language Fast and Never Forget It,Gabriel Wyner,,,Invalid Length (not 10 or 13 after cleaning)
Last Kiss,"Jessica Clare (Goodreads Author), Jen Frederick (Goodreads Author)",'B00O9A4BKW,0094,Invalid Length (not 10 or 13 after cleaning)
Blood Faerie,India Drummond (Goodreads Author),,,Invalid Length (not 10 or 13 after cleaning)
Light from the Dark,Mercy Celeste (Goodreads Author),,,Invalid Length (not 10 or 13 after cleaning)
Eternity Fades,Katelyn Anderson (Goodreads Author),'B071FFJ99M,07199,Invalid Length (not 10 or 13 after cleaning)
Personal Injuries,Vincent L. Scarsella (Goodreads Author),'B01HOCTEU8,018,Invalid Length (not 10 or 13 after cleaning)
Sick Bastard,Jaci J. (Goodreads Author),'B00XVI8ILQ,008,Invalid Length (not 10 or 13 after cleaning)
Masochist,Ryan Schow,'B01M5FJU1J,0151,Invalid Length (not 10 or 13 after cleaning)
Happy Place,"L.P. Maxa (Goodreads Author), T. Fertitta (Editor)",'B00UUHRXT4,004,Invalid Length (not 10 or 13 after cleaning)
Blaze,Suzanne Wright (Goodreads Author),'B01DT7MW4W,0174,Invalid Length (not 10 or 13 after cleaning)
DotCom Secrets: The Underground Playbook for Growing Your Company Online,"Russell Brunson, Dan S. Kennedy (Foreword)",'B00U3817WE,003817,Invalid Length (not 10 or 13 after cleaning)
La profesional - PRIMERA ENTREGA: INCITACIÓN (Trilogía La Profesional nº 1),Kris Buendia,'B0147K1JPS,01471,Invalid Length (not 10 or 13 after cleaning)
Face Of Our Father,G. Egore Pitir,'B00NB59MY6,00596,Invalid Length (not 10 or 13 after cleaning)
Threadbare: A Short Story,Bethany A. Jennings (Goodreads Author),'B06XSCS48D,0648,Invalid Length (not 10 or 13 after cleaning)
Surrender the Wind,Elizabeth St. Michel (Goodreads Author),'B01H7HM9V6,01796,Invalid Length (not 10 or 13 after cleaning)
Episodios Nacionales: Primera Serie,Benito Pérez Galdós,'B00IWZ7V6Q,0076,Invalid Length (not 10 or 13 after cleaning)
Dying is a Wild Night,Edward Fallon,'B00VYYPH8G,008,Invalid Length (not 10 or 13 after cleaning)
A Sibling in Always,Ernest Gordon Taulbee (Goodreads Author),'B01J1LG8T0,01180,Invalid Length (not 10 or 13 after cleaning)
Pick the Plot,James Riley (Goodreads Author),'B06ZXWGQZ5,065,Invalid Length (not 10 or 13 after cleaning)
"Strong Woman: Ambition, Grit and a Great Pair of Heels",Karren Brady,'B006I1CF6C,00616,Invalid Length (not 10 or 13 after cleaning)
"No god but God: The Origins, Evolution and Future of Islam",Reza Aslan,'B004SOQ0U8,00408,Invalid Length (not 10 or 13 after cleaning)
Sweet Disaster,Sierra Hill (Goodreads Author),,,Invalid Length (not 10 or 13 after cleaning)
"Life Within Parole, Volume 1",RoAnna Sylver (Goodreads Author),'B01MG4L0G1,01401,Invalid Length (not 10 or 13 after cleaning)
The Messiah Conspiracy: Book Two,Ian C.P. Irvine (Goodreads Author),,,Invalid Length (not 10 or 13 after cleaning)
Embracing The Falls,Heather Renee (Goodreads Author),'B0775Z6TTQ,07756,Invalid Length (not 10 or 13 after cleaning)
"Can You Handle This Penis?: Black Man's Sex, Is Your Orgasms Worth The Pain?",America Speaks,'B077F79GV4,077794,Invalid Length (not 10 or 13 after cleaning)
Food Festival and a Funeral,Harper Lin (Goodreads Author),'B01NCI0ENL,010,Invalid Length (not 10 or 13 after cleaning)
Rain of Terror,Donna Cummins (Goodreads Author),'B00NSTDIFE,00,Invalid Length (not 10 or 13 after cleaning)
Before We Ever Spoke,Dan Largent (Goodreads Author),'B07DPWW3S9,0739,Invalid Length (not 10 or 13 after cleaning)
Virtuous Scoundrel,Maggie Fenton (Goodreads Author) (Pseudonym),'B00W7XBOUS,007,Invalid Length (not 10 or 13 after cleaning)
Donde vuelan las mariposas,Andrea Adrich,'B018IUZWNI,018,Invalid Length (not 10 or 13 after cleaning)
Driven,Robert J. Crane,'B07BCF5SDJ,075,Invalid Length (not 10 or 13 after cleaning)
To Fire Called,Nathan Lowell (Goodreads Author),'B071RQQRB3,0713,Invalid Length (not 10 or 13 after cleaning)
Blood and Sand,C.V. Wyk (Goodreads Author),'B071L5X3LN,07153,Invalid Length (not 10 or 13 after cleaning)
Residual Effects of Slavery,LaTonya Page-Balkcom,'B01CYZUG3Y,013,Invalid Length (not 10 or 13 after cleaning)
Gefallene Mädchen,"Lexy V. Golden, D.C. Odesza (Goodreads Author)",'B01CA8KQGM,018,Invalid Length (not 10 or 13 after cleaning)
Et tu trouveras le trésor qui dort en toi,Laurent Gounelle,'B01LW3V4HA,0134,Invalid Length (not 10 or 13 after cleaning)
Horseman,Kyle Robert Shultz (Goodreads Author),,,Invalid Length (not 10 or 13 after cleaning)
Sour Candy,Kealan Patrick Burke,'B017QCGW24,01724,Invalid Length (not 10 or 13 after cleaning)
Living Easy With Ayurveda,J.V. Hebbar,'B00YO0JBOS,000,Invalid Length (not 10 or 13 after cleaning)
The Dust Feast,Gregory Ashe (Goodreads Author),'B06XZ7MT8X,0678,Invalid Length (not 10 or 13 after cleaning)
Fighting For You,Gianna Gabriela (Goodreads Author),,,Invalid Length (not 10 or 13 after cleaning)
Absolution: Wie man eine Sünde überlebt,Jasmin Romana Welsch,'B00UDFCF1E,001,Invalid Length (not 10 or 13 after cleaning)
Beating Ruby,Camilla Monk (Goodreads Author),'B01FRLGNUM,01,Invalid Length (not 10 or 13 after cleaning)
Glory O'Brien's History of the Future,A.S. King (Goodreads Author),'B00I828860,00828860,Invalid Length (not 10 or 13 after cleaning)
"Online Safety: Scams, SPAM, Viruses and Clouds",A.M. Perry (Goodreads Author),'B078HCZ262,078262,Invalid Length (not 10 or 13 after cleaning)
This Foreign Affair,Harper Bliss (Goodreads Author),,,Invalid Length (not 10 or 13 after cleaning)
Die Herzlichkeit der Vernunft,"Ferdinand von Schirach, Alexander Kluge",'B075BY2GQY,0752,Invalid Length (not 10 or 13 after cleaning)
Shifter's Shadow,Ella Summers (Goodreads Author),'B073PGF7QL,0737,Invalid Length (not 10 or 13 after cleaning)
Foundryside,Robert Jackson Bennett (Goodreads Author),'B077RG422Z,077422,Invalid Length (not 10 or 13 after cleaning)
My Lovely Wife,Samantha Downing (Goodreads Author),,,Invalid Length (not 10 or 13 after cleaning)
La spia e il guaritore,Cristina Azzali (Goodreads Author),,,Invalid Length (not 10 or 13 after cleaning)
Pretty Broken Dolls,"Ker Dukey (Goodreads Author), K. Webster (Goodreads Author)",'B075XM8WC4,07584,Invalid Length (not 10 or 13 after cleaning)
The Human Familiar,Honor Raconteur (Goodreads Author),'B07624J23S,0762423,Invalid Length (not 10 or 13 after cleaning)
Pure Ecstasy,Aja James (Goodreads Author),'B07KLCR8LX,078,Invalid Length (not 10 or 13 after cleaning)
Dark Fae,"Caroline Peckham (Goodreads Author), Susanne Valenti (Goodreads Author)",,,Invalid Length (not 10 or 13 after cleaning)
Una vida de abundancia: La mente exitosa,"Agustín V. Startari (Goodreads Author), Dayana Vega (Editor)",'B07QPB9WTG,079,Invalid Length (not 10 or 13 after cleaning)
Uni Lifehacks: Insights From The UK's Most Successful Students,George MacGill,'B074YK5VJB,0745,Invalid Length (not 10 or 13 after cleaning)
The Fall of Innocence,L.E. Parker (Goodreads Author),'B07754FCDY,07754,Invalid Length (not 10 or 13 after cleaning)
"My Big, Fat, Fake Wedding",Lauren Landish (Goodreads Author),'B07XY6MRLS,076,Invalid Length (not 10 or 13 after cleaning)
Wenn wir brennen,Lena Klassen,'B071YB9P41,071941,Invalid Length (not 10 or 13 after cleaning)
"Game Changers: What Leaders, Innovators, and Mavericks Do to Win at Life",Dave Asprey,'B077XG39QR,07739,Invalid Length (not 10 or 13 after cleaning)
EDICIÓN ESPECIAL DE CIENCIA FICCIÓN. G.G.MELIES.: TRES LIBROS EN UNO.,G.G. Melies (Goodreads Author),'B0787QN8FG,07878,Invalid Length (not 10 or 13 after cleaning)
ALGOCRACIA CUÁNTICA: Las conciencias muertas de Sagitario A* (Novela de Ciencia Ficción en español),G.G. Melies (Goodreads Author),,,Invalid Length (not 10 or 13 after cleaning)
Ryan's Bed,Tijan (Goodreads Author),,,Invalid Length (not 10 or 13 after cleaning)
Speak: The Graphic Novel,"Laurie Halse Anderson (Goodreads Author), Emily Carroll (Illustrations)",,,Invalid Length (not 10 or 13 after cleaning)
A Stone in the Sea,A.L. Jackson (Goodreads Author),,,Invalid Length (not 10 or 13 after cleaning)
Save Him,William M. Hayes (Goodreads Author),'B07WQMP41B,0741,Invalid Length (not 10 or 13 after cleaning)
Belgravia,Julian Fellowes,'B01HBK63A2,01632,Invalid Length (not 10 or 13 after cleaning)
Tao te king,Lao Tze,'B079Z8KDJC,0798,Invalid Length (not 10 or 13 after cleaning)
Birthday Girl,Penelope Douglas (Goodreads Author),,,Invalid Length (not 10 or 13 after cleaning)
"There's a Winner in You: Unlocking Faith Over Fear, Trauma and Worries to Fulfill Your Dream",Pastor Pauline Sutton,'B07RC2ZMVD,072,Invalid Length (not 10 or 13 after cleaning)
Iron Wolves,"Jonathan Yanez (Goodreads Author), Jason Anspach (Goodreads Author), Nick Cole (Goodreads Author)",'B07MV1H51G,07151,Invalid Length (not 10 or 13 after cleaning)
"Ain't No Makin' It: Aspirations and Attainment in a Low-Income Neighborhood, Third Edition",Jay MacLeod,'B07BBTCHSM,07,Invalid Length (not 10 or 13 after cleaning)
The Geek,Jonathan Latt (Goodreads Author),'B01540DRAU,01540,Invalid Length (not 10 or 13 after cleaning)
A Flower Reborn,Kirstin Graham (Goodreads Author),'B08818Z7VB,088187,Invalid Length (not 10 or 13 after cleaning)
Tau Zero,Poul Anderson,,,Invalid Length (not 10 or 13 after cleaning)
"Hope in a Ballet Shoe: Orphaned by war, saved by ballet: an extraordinary true story","Michaela DePrince, Elaine DePrince",,,Invalid Length (not 10 or 13 after cleaning)
Enemies Within : An air force thriller,Wing Commander M K Devidasan (Goodreads Author),'B07FSWL21X,0721,Invalid Length (not 10 or 13 after cleaning)
Antología helada,Alejandra Abraham (Goodreads Author),,,Invalid Length (not 10 or 13 after cleaning)
Princess Dracula,John Patrick Kennedy (Goodreads Author),'B01MSQGCR3,013,Invalid Length (not 10 or 13 after cleaning)
Free Comic Book Day: Star Wars,"Miles Lane, Nicola Scott (Illustrator), Nicola Scott (Art)",'B017JC1ZYG,0171,Invalid Length (not 10 or 13 after cleaning)
Dungeons of Strata (Deepest Dungeon #1),G.D. Penman (Goodreads Author),,,Invalid Length (not 10 or 13 after cleaning)
Dr. Stanton,T.L. Swan (Goodreads Author),'B073YFGY3M,0733,Invalid Length (not 10 or 13 after cleaning)
Hideaway,Penelope Douglas (Goodreads Author),,,Invalid Length (not 10 or 13 after cleaning)
The Cry of the Lake,Charlie Tyler (Goodreads Author),'B088PWPMPT,088,Invalid Length (not 10 or 13 after cleaning)
White Bird,R.J. Palacio,'B07JYF58SD,0758,Invalid Length (not 10 or 13 after cleaning)
Scent of Cloves,Norah Lofts,,,Invalid Length (not 10 or 13 after cleaning)
Turning Hearts,Deanne Blackhurst,,,Invalid Length (not 10 or 13 after cleaning)
Red Asphalt,"Scott Cherney (Goodreads Author), Cherney, Scott",'B001E0PW8A,00108,Invalid Length (not 10 or 13 after cleaning)
Off the Record,Matthew Haldeman-Time,,,Invalid Length (not 10 or 13 after cleaning)
A Perfect Husband,Douglas Wickard (Goodreads Author),,,Invalid Length (not 10 or 13 after cleaning)
Vanishing Worlds - Annelies' Journal,Nadine May (Goodreads Author),,,Invalid Length (not 10 or 13 after cleaning)
Letters to Elise: A Peter Townsend Novella,Amanda Hocking (Goodreads Author),,,Invalid Length (not 10 or 13 after cleaning)
Charity Moon,DeAnna Kinney (Goodreads Author),,,Invalid Length (not 10 or 13 after cleaning)
"RECollection, Vol. 1",Joseph Gordon-Levitt,'B004QC6HIC,0046,Invalid Length (not 10 or 13 after cleaning)
Clemencia,Ignacio Manuel Altamirano,,,Invalid Length (not 10 or 13 after cleaning)
The Lost Soul,Jessica Sorensen (Goodreads Author),'B008FIBW0Q,0080,Invalid Length (not 10 or 13 after cleaning)
Bloodraven,P.L. Nunn,,,Invalid Length (not 10 or 13 after cleaning)
Nobody's Perfect,Kallypso Masters (Goodreads Author),'B009CCWZPU,009,Invalid Length (not 10 or 13 after cleaning)
Blood and Light,Rue Volley (Goodreads Author) (Pseudonym),'B007QOFT4A,0074,Invalid Length (not 10 or 13 after cleaning)
The Occupation,David R. Beshears (Goodreads Author),'B007QD9IF2,00792,Invalid Length (not 10 or 13 after cleaning)
Bloodline,Eric J. Gates (Goodreads Author),'B00AGZ27FA,0027,Invalid Length (not 10 or 13 after cleaning)
Born of Blood,Diana Collins,'B00G0TP2G2,00022,Invalid Length (not 10 or 13 after cleaning)
The Philippines and International Restaurants Food Recipes Kindle Edition,Fernando Lachica (Goodreads Author),,,Invalid Length (not 10 or 13 after cleaning)
Living A Long Life,Byron Goines,'B00C92YV4S,00924,Invalid Length (not 10 or 13 after cleaning)
Thirst,Claire Farrell (Goodreads Author),'B004E9U9AY,00499,Invalid Length (not 10 or 13 after cleaning)
Digital mind jail,Gojim Oavin,,,Invalid Length (not 10 or 13 after cleaning)
Flawless,Lara Chapman (Goodreads Author),,,Invalid Length (not 10 or 13 after cleaning)
Zombie Novel Writing 101: How to Write a Zombie Novel,Steve French (Goodreads Author),,,Invalid Length (not 10 or 13 after cleaning)
Time Control - Taking Control and Achieving Goals,Martin Gover (Goodreads Author),'B006PX2W2K,00622,Invalid Length (not 10 or 13 after cleaning)
In Session,M.J. Rose (Goodreads Author),'B005OLJ3VC,0053,Invalid Length (not 10 or 13 after cleaning)
This Time Around,Ellie Grace (Goodreads Author),'B00DXXYZF2,002,Invalid Length (not 10 or 13 after cleaning)
"Ghost Stations (The True Lives Of The Fabulous Killjoys, #2)","Gerard Way, Shaun Simon, Becky Cloonan (Illustrator)",,,Invalid Length (not 10 or 13 after cleaning)
Love Is Mortal,Caroline Hanson (Goodreads Author),'B00A73LMES,0073,Invalid Length (not 10 or 13 after cleaning)
Crazy Little Thing,Tracy Brogan (Goodreads Author),,,Invalid Length (not 10 or 13 after cleaning)
The Quiet,Rolly A. Chabot,,,Invalid Length (not 10 or 13 after cleaning)
The Phantom King,Heather Killough-Walden (Goodreads Author),,,Invalid Length (not 10 or 13 after cleaning)
Where I End and You Begin,Andra Brynn (Goodreads Author),'B00DKMG7H0,0070,Invalid Length (not 10 or 13 after cleaning)
Shades of Life,Glinda Izabel (Goodreads Author),'B00D2QGGWU,002,Invalid Length (not 10 or 13 after cleaning)
"Kiss me, Chloe",Linda George,'B00CB7NHC8,0078,Invalid Length (not 10 or 13 after cleaning)
Goal Achiever,Bob Proctor,'B000R8Z5VO,00085,Invalid Length (not 10 or 13 after cleaning)
Falling Off the Face of the Earth,J.F. Smith (Goodreads Author),'B0054LX3C2,005432,Invalid Length (not 10 or 13 after cleaning)
The Wronged Sons,John Marrs (Goodreads Author),'B00F0P472C,000472,Invalid Length (not 10 or 13 after cleaning)
A Sky of Spells,Morgan Rice (Goodreads Author),'B00FABMT26,0026,Invalid Length (not 10 or 13 after cleaning)
The Shadow of Tiamat,Sean T. Poindexter (Goodreads Author),'B006IWCGTC,006,Invalid Length (not 10 or 13 after cleaning)
Undeclared,Jen Frederick (Goodreads Author),'B00CKEG8S2,0082,Invalid Length (not 10 or 13 after cleaning)
The Octopus: A Story of California,"Frank Norris, Kevin Starr (Introduction)",,,Invalid Length (not 10 or 13 after cleaning)
Status of Women in Islam,"Yusuf Al-Hajj Ahmad, Darussalam (Editor)",'B00HHWUGD0,000,Invalid Length (not 10 or 13 after cleaning)
All I Can Do Is Stand Part Two,Aleja Bennett (Goodreads Author),'B00G9FD1OC,0091,Invalid Length (not 10 or 13 after cleaning)
Accidental Crush,Adrienne Torrisi (Goodreads Author),'B00FO14UJM,0014,Invalid Length (not 10 or 13 after cleaning)
Balefire,Cate Tiernan,,,Invalid Length (not 10 or 13 after cleaning)
A Sliver of Redemption,David Dalglish (Goodreads Author),'B004K1EZWO,0041,Invalid Length (not 10 or 13 after cleaning)
The Missing Link,J.M. Sevilla,'B00G79AAHG,0079,Invalid Length (not 10 or 13 after cleaning)
Sanctuary,John O'Brien (Goodreads Author),'B006PY6ZAY,0066,Invalid Length (not 10 or 13 after cleaning)
Breeze of Life,Kirsty Dallas (Goodreads Author),'B00ELXI2IE,002,Invalid Length (not 10 or 13 after cleaning)
Rome,"Jay Crownover (Goodreads Author), Charlotte Connan de vries (Translator)",'B00CGZXRT8,008,Invalid Length (not 10 or 13 after cleaning)
Freak Show,Patti Larsen (Goodreads Author),'B00KYW2YIU,002,Invalid Length (not 10 or 13 after cleaning)
Not That Kind of Love,K.S. Martin,,,Invalid Length (not 10 or 13 after cleaning)
One Pink Line,Dina Silver (Goodreads Author),'B0062OMP38,006238,Invalid Length (not 10 or 13 after cleaning)
Ant laiko ašmenų,Gintaras Beresnevičius,,,Invalid Length (not 10 or 13 after cleaning)
Innocent Temptation (Divine Temptations #2),Lolo Mayaya (Goodreads Author),,,Invalid Length (not 10 or 13 after cleaning)
The Prophecy,Desiree DeOrto (Goodreads Author),'B00DFB3EQ8,0038,Invalid Length (not 10 or 13 after cleaning)
Twist and Shout,"Gabriel (AO3), Standbyme",,,Invalid Length (not 10 or 13 after cleaning)
Burning Desire,Heather Leigh (Goodreads Author),,,Invalid Length (not 10 or 13 after cleaning)
The Goatman,Jeff Fuell (Goodreads Author),'B00596V3OM,005963,Invalid Length (not 10 or 13 after cleaning)
Jellybean the Dragon,Elias Zapple (Goodreads Author),,,Invalid Length (not 10 or 13 after cleaning)
Grotto of the Dancing Deer: And Other Stories,"Clifford D. Simak, David W. Wixon (Introduction), Richard S. Simak (Contributor)",'B014QI1NKM,0141,Invalid Length (not 10 or 13 after cleaning)
Skin Deep,Dez Burke (Goodreads Author),'B00FLYFWGW,00,Invalid Length (not 10 or 13 after cleaning)
Provoked,Rebecca Zanetti (Goodreads Author),,,Invalid Length (not 10 or 13 after cleaning)
Behind Closed Doors,Sherri Hayes (Goodreads Author),'B00777BLHK,00777,Invalid Length (not 10 or 13 after cleaning)
Julie,E.M. Leya (Goodreads Author),'B00ISD6T92,00692,Invalid Length (not 10 or 13 after cleaning)
Die Abrechnung des Kinderfängers,"Simon Wood (Goodreads Author), Kerstin Brömer (Translator)",'B00IPSEPHI,00,Invalid Length (not 10 or 13 after cleaning)
The Unsuspecting Mage,Brian S. Pratt,'B001A40H0I,001400,Invalid Length (not 10 or 13 after cleaning)
Break Me,Laura Bailey (Goodreads Author),'B00FPRP6XY,006,Invalid Length (not 10 or 13 after cleaning)
Through a Mother's Eyes,Cary Allen Stone (Goodreads Author),'ASINB003CY,003,Invalid Length (not 10 or 13 after cleaning)
Wildcard: Volume One,Missy Johnson (Goodreads Author),,,Invalid Length (not 10 or 13 after cleaning)
Blood and Honor,Jayna Vixen (Goodreads Author),,,Invalid Length (not 10 or 13 after cleaning)
From the Embers,Candace Knoebel (Goodreads Author),'B00I3T3XM2,00332,Invalid Length (not 10 or 13 after cleaning)
"Hamlet, Prince of Denmark","A.J. Hartley (Goodreads Author), David Hewson (Goodreads Author), Richard Armitage (Narrator)",'B00IRH401S,00401,Invalid Length (not 10 or 13 after cleaning)
Flight of Fancy (Cora's Daughters - The Fancy Series),"Mercedes Keyes (Goodreads Author), Lawrence James (Editor)",'B009PV3B42,009342,Invalid Length (not 10 or 13 after cleaning)
My Weekly Walk (The Walk Book 2),Alan E. Freedman,'B00Q0JXIUY,000,Invalid Length (not 10 or 13 after cleaning)
Mysteries of the Red Coyote Inn,Lorraine Carey (Goodreads Author),'B00EJRBDWY,00,Invalid Length (not 10 or 13 after cleaning)
Your Husband My Man,K.C. Blaze (Goodreads Author),'B00M9UWA2U,0092,Invalid Length (not 10 or 13 after cleaning)
Karma Destiny or Choice,Himaksh Kashyap (Goodreads Author),'B00JZNU8F0,0080,Invalid Length (not 10 or 13 after cleaning)
Worth the Effort,Mara Jacobs (Goodreads Author),'B00EAOUCQ4,004,Invalid Length (not 10 or 13 after cleaning)
Little Dove,Jaden Wilkes (Goodreads Author),'B00NUTJ2V6,0026,Invalid Length (not 10 or 13 after cleaning)
The Life of π,"Jason Shaverin, Archimedes",'B00C9FU95A,00995,Invalid Length (not 10 or 13 after cleaning)
Fallen Fourth Down,Tijan (Goodreads Author),,,Invalid Length (not 10 or 13 after cleaning)
The Paranormal 13,"C.J. Archer (Goodreads Author), Stacy Claflin (Goodreads Author), Cate Dean (Goodreads Author), J.J. DiBendetto, C. Gockel (Goodreads Author), Kyoko M. (Goodreads Author), Becca Mills (Goodreads Author), K.A. Poe (Goodreads Author), more…",,,Invalid Length (not 10 or 13 after cleaning)
"Books for kids: My Mom is A SuperWoman (Bedtime Superhero For Kids Ages 3-10) Short story, Game & Puzzle - children's books, Early readers (Funny Series for Early Learning Readers)",Auntie Ant,'B00VK096C2,000962,Invalid Length (not 10 or 13 after cleaning)
By Grace and Banners Fallen: Prologue to A Memory of Light,"Robert Jordan, Brandon Sanderson (Goodreads Author)",'B009AEM4NI,0094,Invalid Length (not 10 or 13 after cleaning)
Out of the Blackness,Carter Quinn (Goodreads Author),'B00DUPVNNK,00,Invalid Length (not 10 or 13 after cleaning)
Saint Odd,Dean Koontz (Goodreads Author),'B00JI4ZSF6,0046,Invalid Length (not 10 or 13 after cleaning)
Three Wishes,Kristen Ashley (Goodreads Author),,,Invalid Length (not 10 or 13 after cleaning)
Without Words,Ellen O'Connell (Goodreads Author),'B00NKYJCKW,00,Invalid Length (not 10 or 13 after cleaning)
"Romance of the Three Kingdoms, Vol. 1 (chapter 1-30)","Luo Guanzhong, C.H. Brewitt Taylor (Translator)",,,Invalid Length (not 10 or 13 after cleaning)
World of Ryyah: Birth of the Half Elves: Book One,H.L. Watson (Goodreads Author),,,Invalid Length (not 10 or 13 after cleaning)
The Ties That Bind,Eve Newton (Goodreads Author),,,Invalid Length (not 10 or 13 after cleaning)
Super Intelligence: Getting Ahead With Super Intelligence,Renee B. Williams,'B00YHZH1VA,001,Invalid Length (not 10 or 13 after cleaning)
Memory Effekt,Lena Sander,'B0104CNUT6,01046,Invalid Length (not 10 or 13 after cleaning)
The Moon Dwellers,David Estes (Goodreads Author),'B008FJV8SQ,0088,Invalid Length (not 10 or 13 after cleaning)
The Island Project,Taylor Buck (Goodreads Author),'B00DGTFWNC,00,Invalid Length (not 10 or 13 after cleaning)
Control,Cordelia Kingsbridge,,,Invalid Length (not 10 or 13 after cleaning)
Dark Companion,Marta Acosta (Goodreads Author),'B007IM0H06,007006,Invalid Length (not 10 or 13 after cleaning)
Dixie's Last Stand: Was It Murder or Self-Defense?,John Ferak (Goodreads Author),'B00Q7COQP0,0070,Invalid Length (not 10 or 13 after cleaning)
Molly's Lips: Club Mephisto Retold,Annabel Joseph (Goodreads Author),'B008458F6E,0084586,Invalid Length (not 10 or 13 after cleaning)
The Peeping Tom,Debbie Lacy (Goodreads Author),'B00DQQPWIA,00,Invalid Length (not 10 or 13 after cleaning)
Force of Gravity,Kelly Stevenson (Goodreads Author),'B00LRXVASU,00,Invalid Length (not 10 or 13 after cleaning)
Alec,L.A. Casey (Goodreads Author),,,Invalid Length (not 10 or 13 after cleaning)
Raced,K. Bromberg (Goodreads Author),'B00MNLLAA8,008,Invalid Length (not 10 or 13 after cleaning)
Children of Rosehaven,Christopher St. John Sampayo (Goodreads Author),'B00EFOGULA,00,Invalid Length (not 10 or 13 after cleaning)
Stalking Jack: The Hunt Begins...,Madison Kent (Goodreads Author),'B00IHMCXQW,00,Invalid Length (not 10 or 13 after cleaning)
Hardline,Meredith Wild (Goodreads Author),'B00V3MY1KO,0031,Invalid Length (not 10 or 13 after cleaning)
Spirit Animals: The Book of Shane #1,Nick Eliopulos,'B00OBOAI30,0030,Invalid Length (not 10 or 13 after cleaning)
In the Belly of the Elephant,Susan Corbett (Goodreads Author),'B00HEXVXNE,00,Invalid Length (not 10 or 13 after cleaning)
Complementary Colors,Adrienne Wilder (Goodreads Author),,,Invalid Length (not 10 or 13 after cleaning)
The Wedding Contract,H.M. Ward (Goodreads Author),,,Invalid Length (not 10 or 13 after cleaning)
"The Case Study of Vanitas, Chapter 1",Jun Mochizuki,'B019NFEKS0,0190,Invalid Length (not 10 or 13 after cleaning)
Succumbing to His Fear,River Mitchell (Goodreads Author),'B01AVVS3JM,013,Invalid Length (not 10 or 13 after cleaning)
Александр Башлачёв. Человек поющий,Лев Наумов,,,Invalid Length (not 10 or 13 after cleaning)
Thirst Trap - An Instagram Scandal,Aisha Linnea (Goodreads Author),'B01C98XNRM,0198,Invalid Length (not 10 or 13 after cleaning)
"Many Lives, Many Masters by Brian L. Weiss Lesson Plans",BookRags,'B008J4VRLU,0084,Invalid Length (not 10 or 13 after cleaning)
Cut from the Same Cloth,Kathleen Baldwin (Goodreads Author),'B00L4KTTOI,004,Invalid Length (not 10 or 13 after cleaning)
Arabian War Games : Cataclysmic Wars Redraw the Map of the Middle East,Ali Al Shihabi,'B007WAYQ5Q,0075,Invalid Length (not 10 or 13 after cleaning)
"Whose God? Whose Land?: The Great Empires and The Making of the Modern Middle East (JUDAISM, CHRISTIANITY, ISLAM: THE THREE PILLARS OF MONOTHEISM Book 1)","William Hare, Alvaro Armada Gonzalez (Illustrator)",'B01768I86Q,0176886,Invalid Length (not 10 or 13 after cleaning)
Romancing the Grinch,Tamara Philip (Goodreads Author),'B0186I6VMI,01866,Invalid Length (not 10 or 13 after cleaning)
Games People Play,Owen Mullen (Goodreads Author),'B01BAQYUU8,018,Invalid Length (not 10 or 13 after cleaning)
Bleeding Hearts (Book #1),Dana Louise Provo (Goodreads Author),,,Invalid Length (not 10 or 13 after cleaning)
The Freelancer's Bible,Tiffani Velez,'B01I8NHRFG,018,Invalid Length (not 10 or 13 after cleaning)
Inspired Talks,Swami Vivekananda,,,Invalid Length (not 10 or 13 after cleaning)
Façade,Nyrae Dawn (Goodreads Author),'B00B73T1ZY,00731,Invalid Length (not 10 or 13 after cleaning)
Billionaire Romance: Music in His Bones (Feel The Music Book 1),Amerine Graham (Goodreads Author),'B01F7OUT0E,0170,Invalid Length (not 10 or 13 after cleaning)
The Girl In Between,Laekan Zea Kemp (Goodreads Author),,,Invalid Length (not 10 or 13 after cleaning)
Richmond Unchained: The Biography of the World's First Black Sporting Superstar,Luke G. Williams,'B013TCIW7S,0137,Invalid Length (not 10 or 13 after cleaning)
Evenfall: Volume 2: Director's Cut,"Ais (Goodreads Author), Santino Hassell (Goodreads Author)",,,Invalid Length (not 10 or 13 after cleaning)
"The Dialogues of Plato, vol. 1, translated into English with Analyses and Introductions in Five Volumes","Plato, Benjamin Jowett (Translator)",,,Invalid Length (not 10 or 13 after cleaning)
An Earthly King,Hazel B. West (Goodreads Author),,,Invalid Length (not 10 or 13 after cleaning)
The Princess & the Penis,R.J. Silver (Goodreads Author),'B005ORR6HE,0056,Invalid Length (not 10 or 13 after cleaning)
Twisted Bitch,Jaci J. (Goodreads Author),'B012QOVWXQ,012,Invalid Length (not 10 or 13 after cleaning)
Clone,Ryan Schow,'B01MCTUPK0,010,Invalid Length (not 10 or 13 after cleaning)
Profitable Chicken Rearing For Beginners : Raisng Chickens For Meat & Eggs And Markets And Marketing Strategies,Francis Okumu,'B00S42JX4U,00424,Invalid Length (not 10 or 13 after cleaning)
Dream Angel,Jane West,,,Invalid Length (not 10 or 13 after cleaning)
Dear Life,Meghan Quinn (Goodreads Author),,,Invalid Length (not 10 or 13 after cleaning)
Longing,Ciana Stone (Goodreads Author),'B01MS4KL5I,0145,Invalid Length (not 10 or 13 after cleaning)
The Selection Series Collection,Kiera Cass (Goodreads Author),'B00JOGB2L2,0022,Invalid Length (not 10 or 13 after cleaning)
Coast,Jay McLean (Goodreads Author),'B01FOADLY2,012,Invalid Length (not 10 or 13 after cleaning)
"The Adventures of Charls, the Veretian Cloth Merchant",C.S. Pacat (Goodreads Author),'B06Y1PK3SZ,0613,Invalid Length (not 10 or 13 after cleaning)
Play Nice,L.P. Maxa (Goodreads Author),'B010TM841A,010841,Invalid Length (not 10 or 13 after cleaning)
The Dove Keeper,"Evelyn Deshane, Emily James Ray (Pseudonym)",,,Invalid Length (not 10 or 13 after cleaning)
Let's Be Just Friends,Camilla Isley (Goodreads Author),,,Invalid Length (not 10 or 13 after cleaning)
Sweet Remembrance: The Little Match Girl Retelling,Emily Ann Putzke (Goodreads Author),'B06VTMYLM5,065,Invalid Length (not 10 or 13 after cleaning)
The Secrets of Happiness,Lucy Diamond,'B015P750SE,015750,Invalid Length (not 10 or 13 after cleaning)
Complete Winnetou Trilogy,"Karl May, Marlies Bugmann (translator)",,,Invalid Length (not 10 or 13 after cleaning)
Feversong,Karen Marie Moning (Goodreads Author),'B01D7CJ43G,01743,Invalid Length (not 10 or 13 after cleaning)
Trail of the Beast,Edward Fallon,'B00X1QXXFY,001,Invalid Length (not 10 or 13 after cleaning)
Code Zero,Jonathan Maberry (Goodreads Author),'B00F8FXFEA,008,Invalid Length (not 10 or 13 after cleaning)
The Malefactors,"Anne Haw Holt, Richardson Wallace Haw Jr.",,,Invalid Length (not 10 or 13 after cleaning)
The Aftermath,Stacy A. Padula (Goodreads Author),,,Invalid Length (not 10 or 13 after cleaning)
The Carbynarah Chronicles: An Epic Fantasy Adventure,Jon Franklyn (Goodreads Author),'B0764H7PHV,07647,Invalid Length (not 10 or 13 after cleaning)
My Best Friend's Ex,Meghan Quinn (Goodreads Author),'B0714P6JDG,07146,Invalid Length (not 10 or 13 after cleaning)
Un-Dead,RoAnna Sylver (Goodreads Author),'B01M4Q3HDK,0143,Invalid Length (not 10 or 13 after cleaning)
Huntress,Julie Hall (Goodreads Author),,,Invalid Length (not 10 or 13 after cleaning)
The Meanderers,Dhawal Trivedi (Goodreads Author),'B07F3CN4RF,0734,Invalid Length (not 10 or 13 after cleaning)
"En el otro lado del corazón, Volumen 1",Andrea Adrich,'B0717524Q4,07175244,Invalid Length (not 10 or 13 after cleaning)
Limitless,Robert J. Crane,'B00MEWQV5A,005,Invalid Length (not 10 or 13 after cleaning)
Scritti Politici,Antonio Gramsci,,,Invalid Length (not 10 or 13 after cleaning)
Win,Vera Nazarian (Goodreads Author),,,Invalid Length (not 10 or 13 after cleaning)
Starship's Mage: Omnibus,Glynn Stewart (Goodreads Author),'B00QW6ZG14,00614,Invalid Length (not 10 or 13 after cleaning)
The Art of Wealth Mastery: Secrets of the Self-Made Millionaire,"Zack Bowman, CoBlaze (Editor)",'B016IPIKPW,016,Invalid Length (not 10 or 13 after cleaning)
Over the Tracks,Anna Green,,,Invalid Length (not 10 or 13 after cleaning)
The Creep,Chriselda Barretto (Goodreads Author),'B07HLDMPRC,07,Invalid Length (not 10 or 13 after cleaning)
The Dark Beneath the Ice,Amelinda Bérubé (Goodreads Author),,,Invalid Length (not 10 or 13 after cleaning)
I Am Riley (Riley Hammerson #1),"Jenna Pratt (Goodreads Author), Caroline White (Editor)",,,Invalid Length (not 10 or 13 after cleaning)
Sire,Jex Lane (Goodreads Author),'B01MF8NTLZ,018,Invalid Length (not 10 or 13 after cleaning)
After the End,Natasha Preston (Goodreads Author),,,Invalid Length (not 10 or 13 after cleaning)
L'Acrobata,Agnes Moon,,,Invalid Length (not 10 or 13 after cleaning)
Spotless,Camilla Monk (Goodreads Author),'B01FR7D4M6,01746,Invalid Length (not 10 or 13 after cleaning)
Nikola Tesla: Imagination and the Man That Invented the 20th Century,Sean Patrick,'B00CATSONE,00,Invalid Length (not 10 or 13 after cleaning)
CATASTROPHE: How To Be Ready WHEN A Catastrophe Strikes Your Computer,Warren Beatty,'B01DPXW51U,0151,Invalid Length (not 10 or 13 after cleaning)
Whisper I Love You,Mila Olsen (Goodreads Author),'B07PXFLDTF,07,Invalid Length (not 10 or 13 after cleaning)
Bare Knuckle,Cindy Brandner (Goodreads Author),'B07C1HXD4Z,0714,Invalid Length (not 10 or 13 after cleaning)
Heated,J.C. Gardner,'B079HSMZXZ,079,Invalid Length (not 10 or 13 after cleaning)
Dragon's Storm,Ella Summers (Goodreads Author),'B06XZPL38M,0638,Invalid Length (not 10 or 13 after cleaning)
Canarino,Katherine Bucknell (Goodreads Author),'B00GCBJWDW,00,Invalid Length (not 10 or 13 after cleaning)
"Good Vibes, Good Life: How Self-Love Is the Key to Unlocking Your Greatness",Vex King (Goodreads Author),'B07C6T7XMW,0767,Invalid Length (not 10 or 13 after cleaning)
Echoes,"Honor Raconteur (Goodreads Author), Katie Griffin (Editor)",'B07L7XHLCD,077,Invalid Length (not 10 or 13 after cleaning)
The Ghost Becomes A Friend,Divyansh Mishra DM (Goodreads Author),'B07SS4P37J,07437,Invalid Length (not 10 or 13 after cleaning)
Blake Hunter: Under the veil of darkness,"Austin Star (Goodreads Author), María Caneiro, Dayana Vega (Editor)",'B07QX2RPC9,0729,Invalid Length (not 10 or 13 after cleaning)
Upstate Mob Story,Dennis Heretz (Goodreads Author),'B07N8MDWGQ,078,Invalid Length (not 10 or 13 after cleaning)
The Secrets We Kept,Lara Prescott (Goodreads Author),'B07MD3B4F1,07341,Invalid Length (not 10 or 13 after cleaning)
The Romance of Wind & Fire: a.k.a. Hamlet & Juliet (Shakespeare Remix Book 1),Brady Wilkinson,'B07YYP1G6M,0716,Invalid Length (not 10 or 13 after cleaning)
Reveal Me,Tahereh Mafi,'B07MLS4PY3,0743,Invalid Length (not 10 or 13 after cleaning)
Call of Blood: A Novel of The Unnatural Brethren,Silvana G. Sánchez (Goodreads Author),'B07CQ5JX53,07553,Invalid Length (not 10 or 13 after cleaning)
مناهج البحث العلمي,عبد الرحمن بدوي,,,Invalid Length (not 10 or 13 after cleaning)
One Tree One Book and One Cancer that changed the world: your time to change yours,Bassel Hamdan (Goodreads Author),'B07ZC588CQ,07588,Invalid Length (not 10 or 13 after cleaning)
The Trouble with Twins,Kathryn Siebel,,,Invalid Length (not 10 or 13 after cleaning)
The Shadow Wand,Laurie Forest (Goodreads Author),,,Invalid Length (not 10 or 13 after cleaning)
تاريخ الفكر الأوروبي الحديث 1601 - 1977م,"Roland N. Stromberg, أحمد الشيباني (ترجمة)",,,Invalid Length (not 10 or 13 after cleaning)
Dirty Ugly Toy,K. Webster (Goodreads Author),'B019APW4UO,0194,Invalid Length (not 10 or 13 after cleaning)
Sinister Seraphim of Mine,John Corwin (Goodreads Author),'B00MQD32ZO,0032,Invalid Length (not 10 or 13 after cleaning)
Industrial Society and Its Future,Theodore J. Kaczynski,,,Invalid Length (not 10 or 13 after cleaning)
Ascendance of a Bookworm: Volume 1,"Miya Kazuki, You Shiina (Illustrator), Quof (Translator)",'B07Q32HSFN,0732,Invalid Length (not 10 or 13 after cleaning)
Scamps & Scoundrels,Eric Ugland (Goodreads Author),'B07SQHZB29,0729,Invalid Length (not 10 or 13 after cleaning)
Long Shot,Kennedy Ryan (Goodreads Author),,,Invalid Length (not 10 or 13 after cleaning)
"Tam Lin: A Modern, Queer Retelling",T.J. Deschamps (Goodreads Author),'B08HX91MYD,0891,Invalid Length (not 10 or 13 after cleaning)
"Soltar, Individuação e Iluminação: Soltar é o maior poder que existe",Hélio Couto,'B076HGVNSG,076,Invalid Length (not 10 or 13 after cleaning)
Ender's Game: Ender In Exile (Marvel Premiere Editions),"Aaron Johnston (Goodreads Author), Pop Mhan (Illustrator)",'B00AR065T8,000658,Invalid Length (not 10 or 13 after cleaning)
Killer Quotes: Quotes from Serial Killers,Hadness Fontenot,'B0179FAUVM,0179,Invalid Length (not 10 or 13 after cleaning)
The Little Fairleaf,Jeremy Forsyth (Goodreads Author),'B08LBP386B,08386,Invalid Length (not 10 or 13 after cleaning)
Crack of Doom,Willi Heinrich,'B000LTPZ32,00032,Invalid Length (not 10 or 13 after cleaning)
Cry for the Moon,William Woodall (Goodreads Author),'B001VEI1TG,0011,Invalid Length (not 10 or 13 after cleaning)
Dynasty of Ghosts,P.L. Nunn,,,Invalid Length (not 10 or 13 after cleaning)
Dixie North,Herbert Burton,,,Invalid Length (not 10 or 13 after cleaning)
Drop Out,Neil D. Ostroff (Goodreads Author),'B005FX0K7U,00507,Invalid Length (not 10 or 13 after cleaning)
A Bit of Rough,Lucy Felthouse (Goodreads Author),'B00FD7SKZW,007,Invalid Length (not 10 or 13 after cleaning)
Le Lion,Joseph Kessel,,,Invalid Length (not 10 or 13 after cleaning)
The Golden Scarab,S.W. Lothian (Goodreads Author),,,Invalid Length (not 10 or 13 after cleaning)
The Cosmic Traveller - Richard's journal,Nadine May (Goodreads Author),,,Invalid Length (not 10 or 13 after cleaning)
Dino Macro,L'Poni Baldwin (Goodreads Author),,,Invalid Length (not 10 or 13 after cleaning)
"Neon Genesis Evangelion, Vol. 2",Yoshiyuki Sadamoto,,,Invalid Length (not 10 or 13 after cleaning)
The Gladiator's Master,"Fae Sutherland (Goodreads Author), Marguerite Labbe (Goodreads Author)",'B005GFAIDI,005,Invalid Length (not 10 or 13 after cleaning)
Lord of Vengeance,"Tina St. John (Pseudonym), Lara Adrian (Goodreads Author)",,,Invalid Length (not 10 or 13 after cleaning)
Frammenti di pensiero tradizionale ne Il signore degli Anelli,"E. Berolotti, A. Capone",,,Invalid Length (not 10 or 13 after cleaning)
The Prophetess,Barbara Wood,,,Invalid Length (not 10 or 13 after cleaning)
The Legend of Goat Head Lodge,Wendy Lohr (Goodreads Author),'B007P4CSW2,00742,Invalid Length (not 10 or 13 after cleaning)
أحبك .. ولن أنطقها,إيمان مصعبين,,,Invalid Length (not 10 or 13 after cleaning)
Jericho,Ann McMan (Goodreads Author),,,Invalid Length (not 10 or 13 after cleaning)
Confessions of an Alli Cat,Courtney Cole (Goodreads Author),'B009W9QTVY,0099,Invalid Length (not 10 or 13 after cleaning)
Here,Ella James (Goodreads Author),'B007A0I86Q,007086,Invalid Length (not 10 or 13 after cleaning)
Shipwreck on ShadowWorld,David R. Beshears (Goodreads Author),'B007EG96OY,00796,Invalid Length (not 10 or 13 after cleaning)
Ignite,Kaitlyn Davis (Goodreads Author),,,Invalid Length (not 10 or 13 after cleaning)
Rise of the Demons,Willow Cross (Goodreads Author),'B005E0W3LK,00503,Invalid Length (not 10 or 13 after cleaning)
Wanted: Ghostbusting Bride,"Margaret Breashears (Goodreads Author), Donna Helmedag",,,Invalid Length (not 10 or 13 after cleaning)
Housewives Cookbook Guide for Dining Pleasure,Fernando Lachica (Goodreads Author),'B00BLGSRY8,008,Invalid Length (not 10 or 13 after cleaning)
Rumble,Maitena,,,Invalid Length (not 10 or 13 after cleaning)
The Summoner,Randy Massey (Goodreads Author),,,Invalid Length (not 10 or 13 after cleaning)
The Man at the Door,Elizabeth Carr,,,Invalid Length (not 10 or 13 after cleaning)
The Triplex,Lola St. Vil (Goodreads Author),,,Invalid Length (not 10 or 13 after cleaning)
Sevenfold,Ilyan Kei Lavanway (Goodreads Author),'B00EMMD36U,0036,Invalid Length (not 10 or 13 after cleaning)
Origins,"Kresley Cole (Goodreads Author), Gena Showalter (Goodreads Author), Sharie Kohler",'B004W3L5QE,00435,Invalid Length (not 10 or 13 after cleaning)
Blues In The Key Of B (Bluesday Book III),Adrienne Thompson (Goodreads Author),,,Invalid Length (not 10 or 13 after cleaning)
James,Chantal Fernando (Goodreads Author),'B00ELJQMB2,002,Invalid Length (not 10 or 13 after cleaning)
Jill Kismet: The Complete Series,Lilith Saintcrow (Goodreads Author),'B0089EHI4U,00894,Invalid Length (not 10 or 13 after cleaning)
10 Sexy Stories Thank You Our Readers Erotica Bundle,"Candy Young, V.R. Dunlap (Goodreads Author), Lolli Love, Sara Sweet, Wanda Blackwood, Jessie Carson, Kitty Sexton, J.C. Wilde, more…",'B00ARON0OW,000,Invalid Length (not 10 or 13 after cleaning)
Tangled Tides,Karen Amanda Hooper (Goodreads Author),,,Invalid Length (not 10 or 13 after cleaning)
بريود - صمت أنثوي صاخب,محمد متولي,,,Invalid Length (not 10 or 13 after cleaning)
Barefoot in Baghdad: A Story of Identity-My Own and What It Means to Be a Woman in Chaos,Manal M. Omar,'B003V4BPLU,0034,Invalid Length (not 10 or 13 after cleaning)
Surviving the Fog,Stan Morris (Goodreads Author),'B001V9KG4E,00194,Invalid Length (not 10 or 13 after cleaning)
On Wings of Eagles,Ken Follett (Goodreads Author),,,Invalid Length (not 10 or 13 after cleaning)
Tristan Michel: Bloodline of Passion,Caddy Rowland (Goodreads Author),,,Invalid Length (not 10 or 13 after cleaning)
Indulge,Angela Graham (Goodreads Author),,,Invalid Length (not 10 or 13 after cleaning)
What Happened to Alex Manning? (The Manning Family Series #1),Kim Scott (Goodreads Author),'B00DXKJK64,0064,Invalid Length (not 10 or 13 after cleaning)
Book of Purification,"Yusuf Al-Hajj Ahmad, Darussalam (Editor)",'B00HFS9CZY,009,Invalid Length (not 10 or 13 after cleaning)
Martuk... the Holy,Jonathan Winn (Goodreads Author),'B007HPQPV4,0074,Invalid Length (not 10 or 13 after cleaning)
The Prison of Angels,David Dalglish (Goodreads Author),'B00AFOIYGI,00,Invalid Length (not 10 or 13 after cleaning)
The Resurrection of Aubrey Miller,L.B. Simmons (Goodreads Author),'B00JWFMZRU,00,Invalid Length (not 10 or 13 after cleaning)
Return,John O'Brien (Goodreads Author),'B005OSXDE8,0058,Invalid Length (not 10 or 13 after cleaning)
"Phantom Bigfoot & The Vampettes From Venus (Phantom Bigfoot Series, #2)",Simon Okill (Goodreads Author),,,Invalid Length (not 10 or 13 after cleaning)
Hope's Chance,Jennifer Foor (Goodreads Author),'B008RSCS9S,0089,Invalid Length (not 10 or 13 after cleaning)
Ten Days in a Mad-House,"Nellie Bly, Karine Ribeiro (Translator)",,,Invalid Length (not 10 or 13 after cleaning)
Rage,James Somers,'B00IQP0W36,00036,Invalid Length (not 10 or 13 after cleaning)
Carpe Bead'em,Tonya Kappes (Goodreads Author),'B0050I4UX0,005040,Invalid Length (not 10 or 13 after cleaning)
Where Are Ayden's Easter Eggs?,Joyce Mitchell (Goodreads Author),'B00JNE54E6,00546,Invalid Length (not 10 or 13 after cleaning)
Blind Sight,Nicole Storey (Goodreads Author),'B00GG52WRW,0052,Invalid Length (not 10 or 13 after cleaning)
Pequeño y tentador engaño,S.M. Afonso,'B00K1N8IW8,00188,Invalid Length (not 10 or 13 after cleaning)
Apparition Lake,"Doug Lamoreux (Goodreads Author), Daniel D. Lamoreux (Goodreads Author)",'B00LBSDE5S,005,Invalid Length (not 10 or 13 after cleaning)
Something in the Woods is Taking People,Stephen Young (Goodreads Author),'B00LCXO4QU,004,Invalid Length (not 10 or 13 after cleaning)
The Divine Secrets of the Whoopie Pie Sisters 2,"Sarah Price (Goodreads Author), ""Whoopie Pie"" Pam Jarrell (Goodreads Author)",'B00G6U3FA0,00630,Invalid Length (not 10 or 13 after cleaning)
Beethoven's Immortal,Jeff Fuell (Goodreads Author),'B003U2RVVQ,0032,Invalid Length (not 10 or 13 after cleaning)
The Chosen,Jeremy Laszlo (Goodreads Author),'B007D7PC1A,00771,Invalid Length (not 10 or 13 after cleaning)
Love Is Overdue,Natalie Myrie (Goodreads Author),'B00BD1F62W,00162,Invalid Length (not 10 or 13 after cleaning)
Misery Loves Company,Tracey Martin (Goodreads Author),'B00NOM4IKY,004,Invalid Length (not 10 or 13 after cleaning)
Forever,Deila Longford (Goodreads Author),'B00BDBIUFM,00,Invalid Length (not 10 or 13 after cleaning)
Debt Paid,E.M. Leya (Goodreads Author),'B00BOG09R8,00098,Invalid Length (not 10 or 13 after cleaning)
Room for You,Beth Ehemann (Goodreads Author),'B00G4DIWDY,004,Invalid Length (not 10 or 13 after cleaning)
Surrender To Me,Laura Bailey (Goodreads Author),'B00FEN4PHM,004,Invalid Length (not 10 or 13 after cleaning)
Dead Is a Killer Tune,Marlene Perez (Goodreads Author),'B008454YPK,008454,Invalid Length (not 10 or 13 after cleaning)
Mason,Tijan (Goodreads Author),,,Invalid Length (not 10 or 13 after cleaning)
"Gold, Babies and the Brothers Muldoon",Derek Landy,'B005KIWDJI,005,Invalid Length (not 10 or 13 after cleaning)
Unchosen,Alisa Mullen (Goodreads Author),,,Invalid Length (not 10 or 13 after cleaning)
Lieutenant Henry Gallant,H. Peter Alesso (Goodreads Author),'B00MOLJ4Y6,0046,Invalid Length (not 10 or 13 after cleaning)
Just Us,Martin Hopwood,'B00PWEYJJ2,002,Invalid Length (not 10 or 13 after cleaning)
Bound To You,Vanessa Holland (Goodreads Author),'B006ORLWPU,006,Invalid Length (not 10 or 13 after cleaning)
The Lie,C.L. Taylor (Goodreads Author),,,Invalid Length (not 10 or 13 after cleaning)
Trials,Eve Newton (Goodreads Author),'B00DKMAD5W,005,Invalid Length (not 10 or 13 after cleaning)
A Curious Mind: Foster Your Creative Potential For Better Life,Megan Coulter (Goodreads Author),'B00Y9M6VXA,0096,Invalid Length (not 10 or 13 after cleaning)
Forgotten Lore: Volume I,Alexei Maxim Russell (Goodreads Author),,,Invalid Length (not 10 or 13 after cleaning)
Bet in the Dark,Rachel Higginson (Goodreads Author),'B00D1F1DNY,0011,Invalid Length (not 10 or 13 after cleaning)
The Sun Dwellers,David Estes (Goodreads Author),,,Invalid Length (not 10 or 13 after cleaning)
Top and Tail [boyxboy] [slash],AlyWasHere17,,,Invalid Length (not 10 or 13 after cleaning)
TRUE,Laney McMann (Goodreads Author),'B01343E4DI,013434,Invalid Length (not 10 or 13 after cleaning)
What is Prophetic Medicine?,Abdul-Jabbar Khan,,,Invalid Length (not 10 or 13 after cleaning)
Kentucky Bloodbath: Ten Bizarre Tales of Murder from the Bluegrass State,Kevin M. Sullivan,'B00YJDTIT8,008,Invalid Length (not 10 or 13 after cleaning)
The Night of Fright: When the monsters in your closet come to life...,Michael Zhang (Goodreads Author),'B014LUYZAU,014,Invalid Length (not 10 or 13 after cleaning)
Singulière : Lien du sang,Juliette Bonte,'B00XNF6I4Q,0064,Invalid Length (not 10 or 13 after cleaning)
The Source,J.D. Horn (Goodreads Author),'B00GM54GJS,0054,Invalid Length (not 10 or 13 after cleaning)
Storm,Alyssa Rose Ivy (Goodreads Author),,,Invalid Length (not 10 or 13 after cleaning)
Death by Default,Trish Reeb (Goodreads Author),'B00FEKNAUS,00,Invalid Length (not 10 or 13 after cleaning)
Unborn,Rose Christo,,,Invalid Length (not 10 or 13 after cleaning)
The Broken Coast,Bruce Lee Bond (Goodreads Author),,,Invalid Length (not 10 or 13 after cleaning)
مدائن الرماد,بدرية العبد الرحمن,,,Invalid Length (not 10 or 13 after cleaning)
Cale,Victoria Ashley (Goodreads Author),,,Invalid Length (not 10 or 13 after cleaning)
How to Write Fiction: Tools and Techniques,E.E. Doc Murdock (Goodreads Author),'B01AQYLN1O,011,Invalid Length (not 10 or 13 after cleaning)
How to write about Your Story: A Simple & Comprehensive Guide for Writers,"Kristoff Harry, K.Hari Kumar (Goodreads Author) (Editor)",'B017PB8I8W,01788,Invalid Length (not 10 or 13 after cleaning)
Road Trip to Love,Nylla Camphry (Goodreads Author),,,Invalid Length (not 10 or 13 after cleaning)
Neighborhood Kandii,Tee Renee (Goodreads Author),'B00S1AWDN8,0018,Invalid Length (not 10 or 13 after cleaning)
Demons in Disguise,"A. Kirk (Goodreads Author), E. Kirk",'B019H2KUSI,0192,Invalid Length (not 10 or 13 after cleaning)
God's Tissues (From 100% Cerebral Palsy to 100% Realization & Fulfillment in Life),Eyal Sabag,'B00F7IKARI,007,Invalid Length (not 10 or 13 after cleaning)
Serial Killer Groupies,R.J. Parker,'B00O2SSH3S,0023,Invalid Length (not 10 or 13 after cleaning)
rock,Anyta Sunday (Goodreads Author),,,Invalid Length (not 10 or 13 after cleaning)
Bigger the Secrets: Greater the Passion,Laura Jane Hermanson (Goodreads Author),,,Invalid Length (not 10 or 13 after cleaning)
Undo Me,M. Robinson,,,Invalid Length (not 10 or 13 after cleaning)
Darkling,K.M. Rice,'B00DMNZIEA,00,Invalid Length (not 10 or 13 after cleaning)
Freud Meets Hitler,"William Hare, Alvaro Armada (Illustrator)",'B01D3MNEM2,0132,Invalid Length (not 10 or 13 after cleaning)
Travesty,Carrie Thomas (Goodreads Author),,,Invalid Length (not 10 or 13 after cleaning)
Dark Soul,Tenaya Jayne (Goodreads Author),'B00TGIVPO2,002,Invalid Length (not 10 or 13 after cleaning)
Wintr's Homecoming: Secrets,Jen A. Durand (Goodreads Author),'B00ZMPEA9U,009,Invalid Length (not 10 or 13 after cleaning)
Threading in C#,Joseph Albahari,,,Invalid Length (not 10 or 13 after cleaning)
Saga #1,"Brian K. Vaughan (Goodreads Author), Eric Stephenson (Editor), Fiona Staples (Illustrator), Fonografiks (Contributor), Fonographics (Contributor)",'B00CHT7IYI,007,Invalid Length (not 10 or 13 after cleaning)
Dark Disciple,Christie Golden,,,Invalid Length (not 10 or 13 after cleaning)
Everything for Her,Alexa Riley (Goodreads Author),'B01K3QKWVW,013,Invalid Length (not 10 or 13 after cleaning)
The Necromancer's Dance,S.J. Himes (Goodreads Author),'B01C8VW8GC,0188,Invalid Length (not 10 or 13 after cleaning)
Monarch,Ryan Schow,'B01MEEKR71,0171,Invalid Length (not 10 or 13 after cleaning)
QUAIL FARMING FOR BEGINNERS: Everything You Need To Know,Francis Okumu,'B00SD6EAAE,006,Invalid Length (not 10 or 13 after cleaning)
The Hakima's Tale: The Revenge of the Blue Jinni,Dedra L. Stevenson (Goodreads Author),'B00RQT11RO,0011,Invalid Length (not 10 or 13 after cleaning)
Dark Domination,Lili Valente (Goodreads Author),,,Invalid Length (not 10 or 13 after cleaning)
Flightless,L. Duarte (Goodreads Author),'B01NH04K03,010403,Invalid Length (not 10 or 13 after cleaning)
Craving,Ciana Stone (Goodreads Author),'B06XJLP2NQ,062,Invalid Length (not 10 or 13 after cleaning)
"Kick, Push",Jay McLean (Goodreads Author),'B011ARRX2Y,0112,Invalid Length (not 10 or 13 after cleaning)
Priest,Sierra Simone (Goodreads Author),'B00WHGBTHI,00,Invalid Length (not 10 or 13 after cleaning)
Franco,Kim Holden (Goodreads Author),,,Invalid Length (not 10 or 13 after cleaning)
Aurora Sky,Nikki Jefford (Goodreads Author),,,Invalid Length (not 10 or 13 after cleaning)
Injustice: Gods Among Us: Year Two #2,Tom Taylor (Goodreads Author),,,Invalid Length (not 10 or 13 after cleaning)
10 Things To Change Your Life: Small Steps In The Right Direction,Shawn C. Harris,'B071DRJRWK,071,Invalid Length (not 10 or 13 after cleaning)
Yo soy Eric Zimmerman,Megan Maxwell,'B076128V1F,0761281,Invalid Length (not 10 or 13 after cleaning)
Before the Fall: Arrival,Ally Carter (Goodreads Author),'B00SI7TQK2,0072,Invalid Length (not 10 or 13 after cleaning)
Twisted Twosome,Meghan Quinn (Goodreads Author),'B074CFRBWZ,074,Invalid Length (not 10 or 13 after cleaning)
Epistles Book II and Epistle to the Pisones (Ars Poetica),Horatius,,,Invalid Length (not 10 or 13 after cleaning)
Warfare,Julie Hall (Goodreads Author),'B0725HVFNN,0725,Invalid Length (not 10 or 13 after cleaning)
Why Do Black Men Hurt Their Women?: Discovering Why Black Men Cause So Much Hurt On Women They Love,Raymond Sturgis (Goodreads Author),'B06W2GXNRX,062,Invalid Length (not 10 or 13 after cleaning)
The Lost Writings of Wu Hsin: Pointers to Non Duality in Five Volumes,Roy Melvyn,'B0112X2BCS,01122,Invalid Length (not 10 or 13 after cleaning)
Anguish,Donna Cummins (Goodreads Author),'B00VW5LH1I,0051,Invalid Length (not 10 or 13 after cleaning)
"En el otro lado del corazón, Volumen 2",Andrea Adrich,'B072LZ2BWD,0722,Invalid Length (not 10 or 13 after cleaning)
Remember,Robert J. Crane,'B07CN5D7MQ,0757,Invalid Length (not 10 or 13 after cleaning)
The Sacrifice (Left 4 Dead),Michael Avon Oeming (Illustrator),,,Invalid Length (not 10 or 13 after cleaning)
Compete,Vera Nazarian (Goodreads Author),'B013X8TXPI,0138,Invalid Length (not 10 or 13 after cleaning)
The Bones (The Parliament House Books Book 3),John Mayer (Goodreads Author),'B01N7DKA2Q,0172,Invalid Length (not 10 or 13 after cleaning)
Just Don't Mention It,Estelle Maskame (Goodreads Author),'B079YGNB95,07995,Invalid Length (not 10 or 13 after cleaning)
Blue Tide,Jenna-Lynne Duncan (Goodreads Author),,,Invalid Length (not 10 or 13 after cleaning)
Spirit Of Lesbianism Within The Soul of A Prophetess (Volume Book 2),LaTonya Page-Balkcom,'B01B01XCJI,0101,Invalid Length (not 10 or 13 after cleaning)
The Serial Killer Books: 15 Famous Serial Killers True Crime Stories That Shocked The World (The Serial Killer Files),"Jack Rosewood, Dwayne Walker (Introduction)",'B0711BJSTW,0711,Invalid Length (not 10 or 13 after cleaning)
"Le génie de l'islam : Initiation à ses fondements, sa spiritualité et son histoire",Tariq Ramadan,'B01A9VLJ4A,0194,Invalid Length (not 10 or 13 after cleaning)
The Flight Attendant,Chris Bohjalian (Goodreads Author),'B072STPX8B,0728,Invalid Length (not 10 or 13 after cleaning)
Chłopi tom 1,Władysław Stanisław Reymont,,,Invalid Length (not 10 or 13 after cleaning)
Broken,Jex Lane (Goodreads Author),'B06XDB6KY4,0664,Invalid Length (not 10 or 13 after cleaning)
Against All Odds,"Erin Trejo (Goodreads Author), Elizabeth Knox (Goodreads Author)",'B07HDV6SQK,076,Invalid Length (not 10 or 13 after cleaning)
HOW TO MANUALLY UPDATE YOUR KINDLE DEVICE: The Ultimate Step By Step Guide On How To Manually Upgrade Your Kindle E-Reader And Fire Tablet In Few Minutes. Easy Guide For All Kindle Users,Andrew Myerson,'B07PPC86XP,0786,Invalid Length (not 10 or 13 after cleaning)
Ghostseer,Nina MacKay,'B07KGDYBJR,07,Invalid Length (not 10 or 13 after cleaning)
Recon,Tarah Benner (Goodreads Author),'B00OCPC0M0,0000,Invalid Length (not 10 or 13 after cleaning)
Sometime After Midnight,L. Philips,,,Invalid Length (not 10 or 13 after cleaning)
Sepultura,Guy Portman (Goodreads Author),'B078FLJXM4,0784,Invalid Length (not 10 or 13 after cleaning)
Siren's Song,Ella Summers (Goodreads Author),'B01MU7SADA,017,Invalid Length (not 10 or 13 after cleaning)
Roald Dahl's Wonderful Mr Willy Wonka,Roald Dahl,,,Invalid Length (not 10 or 13 after cleaning)
Remnants,Honor Raconteur (Goodreads Author),'B07JYTPC6F,076,Invalid Length (not 10 or 13 after cleaning)
Ghostbusters: 35th Anniversary: Ghostbusters,"Erik Burnham (Goodreads Author), Dan Schoening (Illustrator)",'B07N6N3W6N,07636,Invalid Length (not 10 or 13 after cleaning)
"Three Kings, One Night",Autumn Jones Lake (Goodreads Author),'B00RCKK3NU,003,Invalid Length (not 10 or 13 after cleaning)
The King,Tiffany Reisz (Goodreads Author),'B00L0XO1VK,0001,Invalid Length (not 10 or 13 after cleaning)
Did Jesus Rise From The Dead?,William Lane Craig,'B00JH4J9HU,0049,Invalid Length (not 10 or 13 after cleaning)
The 11:05 Murders,Brian O'Hare (Goodreads Author),'B01DAGR6CA,016,Invalid Length (not 10 or 13 after cleaning)
Francis of the Filth,George Miller,'B075TH5FX1,07551,Invalid Length (not 10 or 13 after cleaning)
Death in Paraiso,Jack Polo,'B07XTKHD59,0759,Invalid Length (not 10 or 13 after cleaning)
The Bear King,James Wilde,'B07N7XL2KK,0772,Invalid Length (not 10 or 13 after cleaning)
"Mary Poppins (Mary Poppins, #1-4)","P.L. Travers, Mary Shepard (Illustrator)",'B00O70WODK,0070,Invalid Length (not 10 or 13 after cleaning)
"Written in Blood: A New Adult Vampire Romance Novella, Part Two.",Silvana G. Sánchez (Goodreads Author),'B0844KGR5Z,08445,Invalid Length (not 10 or 13 after cleaning)
Glimmer,Melodie Ramone (Goodreads Author),,,Invalid Length (not 10 or 13 after cleaning)
The Tattoo,Ronald Destra (Goodreads Author),'B075FDP8B8,07588,Invalid Length (not 10 or 13 after cleaning)
Message for the Dead,"Jason Anspach (Goodreads Author), Nick Cole (Goodreads Author)",'B07C33BB7D,07337,Invalid Length (not 10 or 13 after cleaning)
Life is Big,Kiki Denis (Goodreads Author),'B086CDQXZX,086,Invalid Length (not 10 or 13 after cleaning)
Princess Ahira,K.M. Shea (Goodreads Author),,,Invalid Length (not 10 or 13 after cleaning)
Reasonable Doubt: Volume 3,Whitney G. (Goodreads Author),'B00N1WNV5A,0015,Invalid Length (not 10 or 13 after cleaning)
Infernal Father of Mine,John Corwin (Goodreads Author),'B00J9RQ3C4,00934,Invalid Length (not 10 or 13 after cleaning)
Il Sapore del Piombo e il Profumo dei Limoni,Phil Dale,,,Invalid Length (not 10 or 13 after cleaning)
Hate,Tate James (Goodreads Author),'B07ZQPFQJ8,078,Invalid Length (not 10 or 13 after cleaning)
La fattoria degli animali,George Orwell,'B084KJYVJ2,0842,Invalid Length (not 10 or 13 after cleaning)
Truth,Penelope Sky,'B086W5HV75,086575,Invalid Length (not 10 or 13 after cleaning)
White Lilies,Samantha Christy (Goodreads Author),'B014I0BTE8,01408,Invalid Length (not 10 or 13 after cleaning)
Space Marine Ajax,Sean-Michael Argo (Goodreads Author),'B01MY8SJBD,018,Invalid Length (not 10 or 13 after cleaning)
Girl Out of Place,"Syl van Duyn, Ernestine Hoegen (Translator)",,,Invalid Length (not 10 or 13 after cleaning)
Lost City of the Incas,"Hiram Bingham, Hugh Thomson (Goodreads Author) (Introduction)",,,Invalid Length (not 10 or 13 after cleaning)
Ensel und Krete. Ein Märchen aus Zamonien,Walter Moers,,,Invalid Length (not 10 or 13 after cleaning)
The Third Level,Jack Finney,,,Invalid Length (not 10 or 13 after cleaning)
The Birthmark and Other Stories,Nathaniel Hawthorne,,,Invalid Length (not 10 or 13 after cleaning)
Cranford & Selected Short Stories,Elizabeth Gaskell,,,Invalid Length (not 10 or 13 after cleaning)
The Shattering: Prelude to Cataclysm,Christie Golden,'B003L785VK,003785,Invalid Length (not 10 or 13 after cleaning)
Dagger's Lust,Diane Story (Goodreads Author) (Author),,,Invalid Length (not 10 or 13 after cleaning)
Sebastian Cupid,J.J. Martin,'B0078UM3CS,00783,Invalid Length (not 10 or 13 after cleaning)
Le catene di Gorée,"NDongo Diop, Giuseppe Cecconi",,,Invalid Length (not 10 or 13 after cleaning)
Leaf by Niggle,J.R.R. Tolkien,,,Invalid Length (not 10 or 13 after cleaning)
The Stories of Vladimir Nabokov,Vladimir Nabokov,,,Invalid Length (not 10 or 13 after cleaning)
The Theory of Spectra and Atomic Constitution,Niels Bohr,,,Invalid Length (not 10 or 13 after cleaning)
The Nameless City,H.P. Lovecraft,'B0026ZOYJK,0026,Invalid Length (not 10 or 13 after cleaning)
The Double Edged Sword,Lorraine Jean Bush (Goodreads Author),'B008S0HF9I,00809,Invalid Length (not 10 or 13 after cleaning)
Dream War,Stephen Prosapio (Goodreads Author),'B003VTZXAY,003,Invalid Length (not 10 or 13 after cleaning)
Прозрачные витражи,"Sergei Lukyanenko, Sergei Lukyanenko",,,Invalid Length (not 10 or 13 after cleaning)
Broken Sky,David R. Beshears (Goodreads Author),,,Invalid Length (not 10 or 13 after cleaning)
The Peculiar Memories of Thomas Penman,Bruce Robinson,,,Invalid Length (not 10 or 13 after cleaning)
The Fireman Who Loved Me,Jennifer Bernard (Goodreads Author),,,Invalid Length (not 10 or 13 after cleaning)
Toil and Trouble,H.P. Mallory (Goodreads Author),,,Invalid Length (not 10 or 13 after cleaning)
Picture Perfect,Camille Dixon (Goodreads Author),,,Invalid Length (not 10 or 13 after cleaning)
The Assassin's Curse,Lindsay Buroker (Goodreads Author),'B006YVYQAO,006,Invalid Length (not 10 or 13 after cleaning)
The Turn,Lola St. Vil (Goodreads Author),,,Invalid Length (not 10 or 13 after cleaning)
Post Omerican Easter,Ilyan Kei Lavanway (Goodreads Author),'B0086D9RUM,00869,Invalid Length (not 10 or 13 after cleaning)
Been So Long 2 (Body And Soul),Adrienne Thompson (Goodreads Author),,,Invalid Length (not 10 or 13 after cleaning)
Harken,Kaleb Nation (Goodreads Author),'B00AZDIRQG,00,Invalid Length (not 10 or 13 after cleaning)
Witchwood Estate - Books 1 & 2,Patti Roberts (Goodreads Author),,,Invalid Length (not 10 or 13 after cleaning)
A Little Too Far,Lisa Desrochers (Goodreads Author),'B00CD36FFG,0036,Invalid Length (not 10 or 13 after cleaning)
21st Century American,Byron Goines,'B00E4QKJYS,004,Invalid Length (not 10 or 13 after cleaning)
Never Learn Anything From History,Kate Beaton,,,Invalid Length (not 10 or 13 after cleaning)
Life's A Cappella,Yessi Smith (Goodreads Author),'B00GPW1LO6,0016,Invalid Length (not 10 or 13 after cleaning)
Shattered by Fate,Jacelyn Rye (Goodreads Author),,,Invalid Length (not 10 or 13 after cleaning)
Book of Nikah (marriage),"Yusuf Al-Hajj Ahmad, Darussalam (Editor)",'B00HFS925Y,00925,Invalid Length (not 10 or 13 after cleaning)
Unlocking The Doors Of The Spoken Word (Only The Strong Can Survive),Aleja Bennett (Goodreads Author),'B00FRWW9D2,0092,Invalid Length (not 10 or 13 after cleaning)
What the Heart Needs,Kelli McCracken (Goodreads Author),,,Invalid Length (not 10 or 13 after cleaning)
My Revised Christmas List,Erynn Mangum,'B00ASRBFPY,00,Invalid Length (not 10 or 13 after cleaning)
Full Moon Kisses,Ellen Schreiber,'B0089LOG9I,00899,Invalid Length (not 10 or 13 after cleaning)
Darkest Fear,Cate Tiernan,'B00DA9KG5W,0095,Invalid Length (not 10 or 13 after cleaning)
Storm Ravaged,Magda Alexander (Goodreads Author),'B00I2W94IW,00294,Invalid Length (not 10 or 13 after cleaning)
The Shadows of Grace,David Dalglish (Goodreads Author),'B0046H964E,0046964,Invalid Length (not 10 or 13 after cleaning)
Chaos,John O'Brien (Goodreads Author),'B004W0CL2Y,00402,Invalid Length (not 10 or 13 after cleaning)
From the Abyss,John Emil Augustine (Goodreads Author),'B00H9WCJR4,0094,Invalid Length (not 10 or 13 after cleaning)
مسافر وحيد,أحمد إبراهيم إسماعيل (Goodreads Author),,,Invalid Length (not 10 or 13 after cleaning)
Conjuring Darkness,Melanie James (Goodreads Author),,,Invalid Length (not 10 or 13 after cleaning)
Stolen,Patti Larsen (Goodreads Author),'B00LCJR2RM,002,Invalid Length (not 10 or 13 after cleaning)
Telling Time with Dinosaurs,Joyce Mitchell (Goodreads Author),,,Invalid Length (not 10 or 13 after cleaning)
MacKenzie Fire,Elle Casey (Goodreads Author),,,Invalid Length (not 10 or 13 after cleaning)
Earth Angel,Jeff Fuell (Goodreads Author),'B002SB8S80,002880,Invalid Length (not 10 or 13 after cleaning)
The Seven Steps to Closure,Donna Joy Usher (Goodreads Author),,,Invalid Length (not 10 or 13 after cleaning)
Wystan,Allison Merritt (Goodreads Author),'B00L501TJK,00501,Invalid Length (not 10 or 13 after cleaning)
My Son's Best Friend,E.M. Leya (Goodreads Author),'B00BOGR84U,0084,Invalid Length (not 10 or 13 after cleaning)
The Babel Codex,"Alex Archer (pseudonym), Mel Odom",,,Invalid Length (not 10 or 13 after cleaning)
How I became Lotus Raine...the porn star,Erika Ash(Goodreads Author),,,Invalid Length (not 10 or 13 after cleaning)
The Blood Feud,Shelley Young (Goodreads Author),'B00GLKS7JO,007,Invalid Length (not 10 or 13 after cleaning)
Satin and Steel,Jayna Vixen (Goodreads Author),'B009XIIA4I,0094,Invalid Length (not 10 or 13 after cleaning)
Seven Years,Dannika Dark (Goodreads Author),'B00G2DL26U,00226,Invalid Length (not 10 or 13 after cleaning)
Wheels of Steel: Book 2,Pepper Pace,'B006UZ70P2,006702,Invalid Length (not 10 or 13 after cleaning)
Friends With Partial Benefits,Luke Young (Goodreads Author),,,Invalid Length (not 10 or 13 after cleaning)
For I Am With You,Judy Haar (Goodreads Author),'B00QKWKMJ6,006,Invalid Length (not 10 or 13 after cleaning)
Lies Unspoken,Lisa De Jong (Goodreads Author),'B00PVBEKQ8,008,Invalid Length (not 10 or 13 after cleaning)
Traición,Alessandra Neymar (Goodreads Author),,,Invalid Length (not 10 or 13 after cleaning)
Take,Ella Frank,'B00LLWDUDK,00,Invalid Length (not 10 or 13 after cleaning)
A Gangster's Melody,Sean A. Wright,'B004I6D79I,004679,Invalid Length (not 10 or 13 after cleaning)
"El día que se perdió la cordura, Parte 1",Javier Castillo (Goodreads Author),'B00KPX5AUC,005,Invalid Length (not 10 or 13 after cleaning)
Falling Petals: A Story About First Chances,Thea Gonzales,'B00TQQ6P4O,0064,Invalid Length (not 10 or 13 after cleaning)
Rogue's Paradise,Jeffe Kennedy (Goodreads Author),'B00KV5Z7J8,00578,Invalid Length (not 10 or 13 after cleaning)
Captivated,Molly Evangeline (Goodreads Author),'B00IFTT13A,0013,Invalid Length (not 10 or 13 after cleaning)
Johnny Depp: Der Mann hinter den Masken,Thomas Fuchs,'B00K6ECQ5M,0065,Invalid Length (not 10 or 13 after cleaning)
Still with Me,Thierry Cohen,,,Invalid Length (not 10 or 13 after cleaning)
Secrets,Liz Schulte (Goodreads Author),'B008MD13S0,008130,Invalid Length (not 10 or 13 after cleaning)
The Little Sophia Vol.1,T.K. Layla,'B00TXCSSR8,008,Invalid Length (not 10 or 13 after cleaning)
Blade Dance,D.L. McDermott (Goodreads Author),'B00P42WNUY,0042,Invalid Length (not 10 or 13 after cleaning)
Are We There Yet?: The Ultimate Challenge,Martin L. Davis,'B00MJ7U016,007016,Invalid Length (not 10 or 13 after cleaning)
Anguish,Bella Jewel,'B00NU6ACHM,006,Invalid Length (not 10 or 13 after cleaning)
Switch,Eve Newton (Goodreads Author),,,Invalid Length (not 10 or 13 after cleaning)
Yoga For Beginners: Best Yoga Poses For Weight Loss And Other Benefits,Laura Serio,'B00Y1KLLEE,001,Invalid Length (not 10 or 13 after cleaning)
The Invention of Wings: by Sue Monk Kidd -- Review,Expert Book Reviews,'B00HVLNETA,00,Invalid Length (not 10 or 13 after cleaning)
Codename E.L.I.A.S.: Kaltgestellt,Mila Roth (Goodreads Author),'B00WTCSIQ0,000,Invalid Length (not 10 or 13 after cleaning)
Marked Men Complete Collection,Jay Crownover (Goodreads Author),'B011HCY2R6,01126,Invalid Length (not 10 or 13 after cleaning)
A Century of Collies,Gayle Kaye,,,Invalid Length (not 10 or 13 after cleaning)
Screw Friendship,R.G. Manse (Goodreads Author),,,Invalid Length (not 10 or 13 after cleaning)
La medicina en la obra de Gabriel García Márquez,Fernando Sanchez Torres,,,Invalid Length (not 10 or 13 after cleaning)
The Void,J.D. Horn (Goodreads Author),'B00K5XMX5C,0055,Invalid Length (not 10 or 13 after cleaning)
Numbers,Laurann Dohner,'B014FUXNW2,0142,Invalid Length (not 10 or 13 after cleaning)
Scary Mary,Debbie Lacy (Goodreads Author),'B00E8IFO5G,0085,Invalid Length (not 10 or 13 after cleaning)
Conviction,Corinne Michaels (Goodreads Author),'B00U48LBZQ,0048,Invalid Length (not 10 or 13 after cleaning)
The Gore: Book Six of the Oz Chronicles,R.W. Ridley (Goodreads Author),'B00D54G49Y,005449,Invalid Length (not 10 or 13 after cleaning)
King of the Celts,Rose Christo,'B00EXDK154,00154,Invalid Length (not 10 or 13 after cleaning)
The Mathematics of Sorrow: A Heart-based Model That Turns Sorrow Into A Gift,Gary K. Smith (Goodreads Author),'B00PNW63QU,0063,Invalid Length (not 10 or 13 after cleaning)
Beat to their Heart,Whiskey Starr (Goodreads Author),'B00MX7ATVS,007,Invalid Length (not 10 or 13 after cleaning)
Hemy,Victoria Ashley (Goodreads Author),,,Invalid Length (not 10 or 13 after cleaning)
Dear Swoosie,"Kate Constable, Penni Russon (Goodreads Author)",,,Invalid Length (not 10 or 13 after cleaning)
No Easy Hope,James N. Cook (Goodreads Author),'B0064VVR0Q,00640,Invalid Length (not 10 or 13 after cleaning)
Diary of a Serial Monogamist,Jade King (Goodreads Author),'B01BH8U9T0,01890,Invalid Length (not 10 or 13 after cleaning)
The Soulless,"Shawn Davis (Goodreads Author), Mark Mackey (Goodreads Author)",'B00U0G5CQ6,00056,Invalid Length (not 10 or 13 after cleaning)
Rudolf Höß: Der Kommandant von Auschwitz. Eine Biographie,Volker Koop,'B00OFYXGPS,00,Invalid Length (not 10 or 13 after cleaning)
The Highwayman Came Waltzing,Kathleen Baldwin (Goodreads Author),'B00RNPY9KW,009,Invalid Length (not 10 or 13 after cleaning)
Crave Me,M. Robinson,,,Invalid Length (not 10 or 13 after cleaning)
Ill Wind and Dead Reckoning (Valkyrie #1 & #2),Karen Perkins (Goodreads Author),'B00KQ6SBU4,0064,Invalid Length (not 10 or 13 after cleaning)
Empty Chairs,Stacey Danson,'B004K6MJJK,0046,Invalid Length (not 10 or 13 after cleaning)
Witch's Reflection (The Young and The Powerful Book 1),Jen A. Durand (Goodreads Author),'B01IFPSE0O,010,Invalid Length (not 10 or 13 after cleaning)
Three-and-a-Half Heartbeats,Amanda Prowse,'B00ZFSOFIA,00,Invalid Length (not 10 or 13 after cleaning)
Donal's Mountain: How One Son Inspired a Nation,Fionnbar Walsh,'B00JV1Q3LY,0013,Invalid Length (not 10 or 13 after cleaning)
Ahsoka,E.K. Johnston (Goodreads Author),'B01EMJ2VYC,012,Invalid Length (not 10 or 13 after cleaning)
Swann,Ryan Schow,'B01M6UWK3S,0163,Invalid Length (not 10 or 13 after cleaning)
Quails: About Raising Quails,Francis Okumu,'B00VVU7LYQ,007,Invalid Length (not 10 or 13 after cleaning)
The Rise of the Warrior,Dedra L. Stevenson (Goodreads Author),'B00RQT19YO,0019,Invalid Length (not 10 or 13 after cleaning)
Weight of the World,"Riley Hart (Goodreads Author), Devon McCormack (Goodreads Author)",'B01L7TMZAK,017,Invalid Length (not 10 or 13 after cleaning)
A Pardon For Tommy,Patricia Nmukoso Enyi,'B0725M51SV,072551,Invalid Length (not 10 or 13 after cleaning)
"The Complete Tawny Man Trilogy: Fool's Errand, The Golden Fool, Fool's Fate",Robin Hobb (Goodreads Author),'B00DTL0TW6,0006,Invalid Length (not 10 or 13 after cleaning)
From This Day Forward,Shannon Myers (Goodreads Author),,,Invalid Length (not 10 or 13 after cleaning)
El libro de Ardan,Lena Valenti,,,Invalid Length (not 10 or 13 after cleaning)
10 Steps to Earning Awesome Grades (While Studying Less),Thomas Frank (Goodreads Author),,,Invalid Length (not 10 or 13 after cleaning)
The Grift of the Magi,Ally Carter (Goodreads Author),'B01M6CB3Y1,01631,Invalid Length (not 10 or 13 after cleaning)
The Other Brother,Meghan Quinn (Goodreads Author),'B076XSV1VS,0761,Invalid Length (not 10 or 13 after cleaning)
Logan,Julie Hall (Goodreads Author),'B077NH817R,077817,Invalid Length (not 10 or 13 after cleaning)
Daphnis and Chloe,"Longus, Paul Turner (Translator)",,,Invalid Length (not 10 or 13 after cleaning)
The Memory Book,Lara Avery,'B017RQP4B4,01744,Invalid Length (not 10 or 13 after cleaning)
Call Me Cockroach,Leigh Byrne (Goodreads Author),'B00FJFVDE8,008,Invalid Length (not 10 or 13 after cleaning)
Rookie Move,Sarina Bowen (Goodreads Author),'B0191X34I6,0191346,Invalid Length (not 10 or 13 after cleaning)
La decisión del señor Baker,Andrea Adrich,'B01MS4F16G,01416,Invalid Length (not 10 or 13 after cleaning)
Vengeful,Robert J. Crane,'B013PYDZ7W,0137,Invalid Length (not 10 or 13 after cleaning)
I tre moschettieri,"Clementina Coppini (Editor/Adapter), Alexandre Dumas",'B0062OIXDE,0062,Invalid Length (not 10 or 13 after cleaning)
Under the Flame Tree,Karen Wood,'B00XTOB6UM,006,Invalid Length (not 10 or 13 after cleaning)
Healthy Dinner Recipes: With Essential Nutritional Requirements For A Healthy Diet,Violet Karma,'B00KCFS7ZI,007,Invalid Length (not 10 or 13 after cleaning)
Victoria Gardella: Vampire Slayer,Colleen Gleason (Goodreads Author),'B003MAK5H8,00358,Invalid Length (not 10 or 13 after cleaning)
"Watchmen #1: At Midnight, All The Agents....","Alan Moore (Goodreads Author) (Writer), Dave Gibbons (Artist), John Higgins (Colorist), Len Wein (Editor)",,,Invalid Length (not 10 or 13 after cleaning)
"NO MORE Hook Ups, Hang Ups & Horrors With Black Online Dating",LaTonya Page-Balkcom,'B01B3OI96S,01396,Invalid Length (not 10 or 13 after cleaning)
The Tomb of the Sea Witch,Kyle Robert Shultz (Goodreads Author),,,Invalid Length (not 10 or 13 after cleaning)
"Christianity made Jesus’ Mission as taking people to heaven, instead of bringing heaven to the world",Rodolfo Martin Vitangcol (Goodreads Author),'B07MM3GX9P,0739,Invalid Length (not 10 or 13 after cleaning)
Castle of Illusions,Graceley Knox (Goodreads Author),'B07F93WQZM,0793,Invalid Length (not 10 or 13 after cleaning)
Sukiyaki,Andrew James Pritchard (Goodreads Author),,,Invalid Length (not 10 or 13 after cleaning)
His Last Bow (single story),"Arthur Conan Doyle, Frederic Dorr Steele, Arthur Twidle, Sidney Paget",'B0082XIF5Y,00825,Invalid Length (not 10 or 13 after cleaning)
A to Z The Total Noob's Guide to Growing Orchids for Total Beginners,Lisa Bond,'B076QLKGLF,076,Invalid Length (not 10 or 13 after cleaning)
Just One Thing,Holly Jacobs (Goodreads Author),'B00GJ201UW,00201,Invalid Length (not 10 or 13 after cleaning)
Die Welt wird brennen,Lena Kiefer,'B07K25W49L,072549,Invalid Length (not 10 or 13 after cleaning)
Witch's Cauldron,Ella Summers (Goodreads Author),'B01M8P2CFV,0182,Invalid Length (not 10 or 13 after cleaning)
The Secret World of Terijian,"CrimethInc., Bahiyyih (illustrator)",,,Invalid Length (not 10 or 13 after cleaning)
One True Mate,Julie Trettel (Goodreads Author),'B071HXL3R2,07132,Invalid Length (not 10 or 13 after cleaning)
No One Reads Me,Divyansh Mishra DM (Goodreads Author),'B07Q231WWD,07231,Invalid Length (not 10 or 13 after cleaning)
Chosen Thief,Scarlett Dawn (Goodreads Author),'B00T5M2NWM,0052,Invalid Length (not 10 or 13 after cleaning)
And Then I Met Margaret,Rob White (Goodreads Author),'B00HE1NLKY,001,Invalid Length (not 10 or 13 after cleaning)
The Prison Doctor,Amanda Brown,'B07KL6DDVW,076,Invalid Length (not 10 or 13 after cleaning)
When the One You Love Doesn't Love You Anymore: A Journey of Self Discovery,Cynthia R. Williams (Goodreads Author),'B07N2HMVSK,072,Invalid Length (not 10 or 13 after cleaning)
Shatter City,Scott Westerfeld (Goodreads Author),,,Invalid Length (not 10 or 13 after cleaning)
Sword of the Legion,"Jason Anspach (Goodreads Author), Nick Cole (Goodreads Author)",'B0764948W1,07649481,Invalid Length (not 10 or 13 after cleaning)
"The Black Witch Chronicles, Volume 1",Laurie Forest (Goodreads Author),'B07D7XDNL9,0779,Invalid Length (not 10 or 13 after cleaning)
Half a Prayer,"Rick Gualtieri (Goodreads Author), Christopher John Fetherolf (Narrator)",'B00US8G95E,00895,Invalid Length (not 10 or 13 after cleaning)
Dark Money,Larry D. Thompson (Goodreads Author),'B019YQ63Q0,019630,Invalid Length (not 10 or 13 after cleaning)
Dearest Mother of Mine,John Corwin (Goodreads Author),'B00HDT6BX6,0066,Invalid Length (not 10 or 13 after cleaning)
The Sound of Stars,Alechia Dow (Goodreads Author),,,Invalid Length (not 10 or 13 after cleaning)
Tiger Mosquitoes: A Medical Crime Thriller,Kenneth J. Stein (Goodreads Author),'B0846R3PDP,08463,Invalid Length (not 10 or 13 after cleaning)
Kiss of Fire,Rebecca Ethington (Goodreads Author),,,Invalid Length (not 10 or 13 after cleaning)
Liar,Tate James (Goodreads Author),'B087NYPHT6,0876,Invalid Length (not 10 or 13 after cleaning)
Buck Rogers: 25th Century A.D. FCBD 2013,Rick Yager,,,Invalid Length (not 10 or 13 after cleaning)
Riley Thorn and the Dead Guy Next Door,Lucy Score (Goodreads Author),'B08G1M1FX7,08117,Invalid Length (not 10 or 13 after cleaning)
Arrogant Devil,R.S. Grey (Goodreads Author),'B07CWFVR5J,075,Invalid Length (not 10 or 13 after cleaning)
Crime Never Pays (10 Short Crime Stories),Bill Bernico (Goodreads Author),'B00E5RVAJO,005,Invalid Length (not 10 or 13 after cleaning)
"Reader's Digest Condensed Books, 1993 #1, Volume #205","Reader's Digest Association (Editor), James Herriot, Mary Higgins Clark, Anne Rivers Siddons, William J. Coughlin",,,Invalid Length (not 10 or 13 after cleaning)
Moscow,"Theodor Plievier, Stuart Hood (Translator)",,,Invalid Length (not 10 or 13 after cleaning)
"Clean Up After Me, I'm Irish: A Cheap Degenerate's Guide To Buffalo Bars",Tom Waters (Goodreads Author),,,Invalid Length (not 10 or 13 after cleaning)
Spying in High Heels,Gemma Halliday (Goodreads Author),,,Invalid Length (not 10 or 13 after cleaning)
Lovers Destined,H.M. Broussard,,,Invalid Length (not 10 or 13 after cleaning)
Branded,Clare London (Goodreads Author),'B0047DWD2O,00472,Invalid Length (not 10 or 13 after cleaning)
Marianela,Benito Pérez Galdós,,,Invalid Length (not 10 or 13 after cleaning)
Celeste Nites,Clarrissa Lee Moon (Goodreads Author),,,Invalid Length (not 10 or 13 after cleaning)
The Underground History of American Education: An Intimate Investigation Into the Prison of Modern Schooling,John Taylor Gatto,,,Invalid Length (not 10 or 13 after cleaning)
The Departed,J.A. Templeton (Goodreads Author),'B007XJ6K14,007614,Invalid Length (not 10 or 13 after cleaning)
Blood Captain,Justin Somper,,,Invalid Length (not 10 or 13 after cleaning)
Sintel: The Story of Sintel and Scales,L'Poni Baldwin (Goodreads Author),,,Invalid Length (not 10 or 13 after cleaning)
The Price of Liberty (The Story of the Liberty Bell),Wayne Whipple,,,Invalid Length (not 10 or 13 after cleaning)
The Art of Deceit,Wendy Lohr (Goodreads Author),'B005C61R5E,005615,Invalid Length (not 10 or 13 after cleaning)
Paranormal Public,Maddy Edwards (Goodreads Author),'B0069FJE4S,00694,Invalid Length (not 10 or 13 after cleaning)
The Drifting,L. Filloon (Goodreads Author),'B00A45EANO,0045,Invalid Length (not 10 or 13 after cleaning)
The Shifted,Natalie Carlisle (Goodreads Author),'B00AQ379XW,00379,Invalid Length (not 10 or 13 after cleaning)
Alpha's Mate,Caryn Moya Block (Goodreads Author),'B006SLZA3M,0063,Invalid Length (not 10 or 13 after cleaning)
Lee,Clifford Dowdey,,,Invalid Length (not 10 or 13 after cleaning)
"On Attaining Buddhahood in This Lifetime (Lectures on, #1)",Daisaku Ikeda,,,Invalid Length (not 10 or 13 after cleaning)
Sleeping through the Beauty,Regina Puckett (Goodreads Author),'B00A81P0GK,00810,Invalid Length (not 10 or 13 after cleaning)
Timothy,Mark Tufo (Goodreads Author),'B006POAS2U,0062,Invalid Length (not 10 or 13 after cleaning)
Ocean's Daughter,Faith Anna Brown (Goodreads Author),'B00C7TO39G,00739,Invalid Length (not 10 or 13 after cleaning)
Girl Under Glass,Monica Enderle Pierce (Goodreads Author),,,Invalid Length (not 10 or 13 after cleaning)
The Fallout,Lola St. Vil (Goodreads Author),,,Invalid Length (not 10 or 13 after cleaning)
S.O.L.A.D.™: Soldiers of Light Against Darkness™,Tyrone Tony Reed Jr. (Goodreads Author),'B008AMS6W4,00864,Invalid Length (not 10 or 13 after cleaning)
Derek,Dawn Martens,'B00EW6JYJ6,0066,Invalid Length (not 10 or 13 after cleaning)
Cat's Cradle,Julia Golding (Goodreads Author),,,Invalid Length (not 10 or 13 after cleaning)
Amber Magic,B.V. Larson,'B003SE7K12,003712,Invalid Length (not 10 or 13 after cleaning)
Cursed,Patti Roberts (Goodreads Author),,,Invalid Length (not 10 or 13 after cleaning)
Gun Control,Byron Goines,'B00GPI2UUO,002,Invalid Length (not 10 or 13 after cleaning)
Monster Behind the Wheel,"Michael McCarty (Goodreads Author), Mark McLaughlin (Goodreads Author)",,,Invalid Length (not 10 or 13 after cleaning)
Surrender to Fate,Jacelyn Rye (Goodreads Author),,,Invalid Length (not 10 or 13 after cleaning)
40 Ways To Please A Good Man (40 Ways To Please a Good Woman),Aleja Bennett (Goodreads Author),'B00G8AJCNC,008,Invalid Length (not 10 or 13 after cleaning)
Again,Diana Murdock (Goodreads Author),,,Invalid Length (not 10 or 13 after cleaning)
Herobrine Rises: Season One - Episode 0,"S.D. Stuart, Steve DeWinter (Goodreads Author)",'B00H1CLNVA,001,Invalid Length (not 10 or 13 after cleaning)
Rogue,Jess Petosa (Goodreads Author),,,Invalid Length (not 10 or 13 after cleaning)
Identical Differences,Erynn Mangum,'B008606X48,00860648,Invalid Length (not 10 or 13 after cleaning)
It's Complicated,Julia Kent (Goodreads Author),'B00E8W8QUC,0088,Invalid Length (not 10 or 13 after cleaning)
The Single Woman's Sassy Survival Guide: Letting Go and Moving On,Mandy Hale (Goodreads Author),'B00742WT1U,007421,Invalid Length (not 10 or 13 after cleaning)
Storm Damages,Magda Alexander (Goodreads Author),'B00DV7LVP2,0072,Invalid Length (not 10 or 13 after cleaning)
The Death of Promises,David Dalglish (Goodreads Author),'B003OQUPA2,0032,Invalid Length (not 10 or 13 after cleaning)
Dissension,John O'Brien (Goodreads Author),'B00AR18112,0018112,Invalid Length (not 10 or 13 after cleaning)
"Annabran Documents, The Holy Book of Pantheism",Barbara,,,Invalid Length (not 10 or 13 after cleaning)
Big in Japan,Jennifer Griffith (Goodreads Author),,,Invalid Length (not 10 or 13 after cleaning)
Unchanged,Jessica Brody (Goodreads Author),,,Invalid Length (not 10 or 13 after cleaning)
Detrás del cristal,Mayte Esteban,'B00BG08UPA,0008,Invalid Length (not 10 or 13 after cleaning)
Ruthless,Vanessa Waltz (Goodreads Author),'B00L82ZQ8K,00828,Invalid Length (not 10 or 13 after cleaning)
Cole's Redemption,J.D. Tyler (Goodreads Author),'B00EOARA7S,007,Invalid Length (not 10 or 13 after cleaning)
Across Time,Jeff Fuell (Goodreads Author),'B0026FCKD2,00262,Invalid Length (not 10 or 13 after cleaning)
Reviving Izabel,J.A. Redmerski (Goodreads Author),,,Invalid Length (not 10 or 13 after cleaning)
Shadowed,Rebecca Zanetti (Goodreads Author),,,Invalid Length (not 10 or 13 after cleaning)
The Silver Siren,Chanda Hahn (Goodreads Author),,,Invalid Length (not 10 or 13 after cleaning)
Sibling Seduction,E.M. Leya (Goodreads Author),'B00BOGRA1Q,001,Invalid Length (not 10 or 13 after cleaning)
Keep Me,"Anna Zaires (Goodreads Author), Dima Zales (Goodreads Author)",,,Invalid Length (not 10 or 13 after cleaning)
Daire Meets Ever,Alyson Noel (Goodreads Author),'B0080K3PHC,00803,Invalid Length (not 10 or 13 after cleaning)
Earning the Cut,Jayna Vixen (Goodreads Author),'B00C8EUHQS,008,Invalid Length (not 10 or 13 after cleaning)
Sleep Paralysis: What It Is and How To Stop It,Chris White (Goodreads Author),'B00IKIMKIO,00,Invalid Length (not 10 or 13 after cleaning)
Dante's Divine Comedy: Inferno,"Dante Alighieri, Henry Wadsworth Longfellow (translator)",'B00COMG22C,0022,Invalid Length (not 10 or 13 after cleaning)
The Trophy Wife,"Ashley Antoinette (Goodreads Author), JaQuavis Coleman (Goodreads Author)",,,Invalid Length (not 10 or 13 after cleaning)
The American Lady,"Petra Durst-Benning, Samuel Willcocks (Translator)",'B00KSVVFC8,008,Invalid Length (not 10 or 13 after cleaning)
Short Thrills: Pia Sabel Stories,Seeley James (Goodreads Author),'B0079IUI3A,00793,Invalid Length (not 10 or 13 after cleaning)
Plastic Confidence,Alisa Mullen (Goodreads Author),,,Invalid Length (not 10 or 13 after cleaning)
The Little Sophia Vol.2,T.K. Layla,'B00U7O5C3E,00753,Invalid Length (not 10 or 13 after cleaning)
What Wendy Wants,Nikki Sex (Goodreads Author),,,Invalid Length (not 10 or 13 after cleaning)
Gracie,Ellie Keaton,'B00JOWF2GW,002,Invalid Length (not 10 or 13 after cleaning)
Приключения Незнайки,"Nikolay Nosov, Nikolay Nosov",,,Invalid Length (not 10 or 13 after cleaning)
Getting Dirty,Mia Storm (Goodreads Author),,,Invalid Length (not 10 or 13 after cleaning)
Secrets,Eve Newton (Goodreads Author),'B00IBUBH0S,000,Invalid Length (not 10 or 13 after cleaning)
Presently Perfect,Alison G. Bailey (Goodreads Author),,,Invalid Length (not 10 or 13 after cleaning)
"Eat Nourish And Grow: Live Healthy, Grow Better & Lose Weight",Cheryl Barnhart,'B00YCUFUP4,004,Invalid Length (not 10 or 13 after cleaning)
Dark Hope - Gebieter der Nacht,Vanessa Sangue (Goodreads Author),'B00SYVEWFQ,00,Invalid Length (not 10 or 13 after cleaning)
Bloodletting,Michael McBride (Goodreads Author),,,Invalid Length (not 10 or 13 after cleaning)
The Agreement,S.E. Lund (Goodreads Author),,,Invalid Length (not 10 or 13 after cleaning)
What is Numerology?,"Abdul-Jabbar Khan, Danyal Nicholson (Editor)",'B013NTSSSA,013,Invalid Length (not 10 or 13 after cleaning)
Man Overboard: The Counterfeit Resurrection of Phil Champagne,Burl Barer (Goodreads Author),'B00NOFLXRM,00,Invalid Length (not 10 or 13 after cleaning)
Smiley,Laurann Dohner,'B00NET52UW,0052,Invalid Length (not 10 or 13 after cleaning)
The Bijak of Kabir,"Kabir, Linda Hess",,,Invalid Length (not 10 or 13 after cleaning)
Secrets of the Werebears,Sky Shifter (Goodreads Author),'B019KONC6K,0196,Invalid Length (not 10 or 13 after cleaning)
The Ghost Files,Apryl Baker (Goodreads Author),'B00EJ62OMS,0062,Invalid Length (not 10 or 13 after cleaning)
Slade,Victoria Ashley (Goodreads Author),'B00KPIPQJ2,002,Invalid Length (not 10 or 13 after cleaning)
La canción número 7,Lena Blau,'B00AYNVWJG,00,Invalid Length (not 10 or 13 after cleaning)
"The End of Jobs: by Taylor Pearson (Money, Meaning and Freedom Without the 9-to-5) A 41-Minutes summary","Bern Bolo (Goodreads Author), The End of Jobs",'B0136XO1RK,01361,Invalid Length (not 10 or 13 after cleaning)
Red,Alyxandra Harvey (Goodreads Author),'B00TODXQSW,00,Invalid Length (not 10 or 13 after cleaning)
"Livin' la Vida Boba: You Are Born, You Grow Up, You Try to Reproduce, You Get Cheated On, You Reproduce (With Another Partner), and You Die","Lucano Divina (Goodreads Author), Juan Pablo Bustamante (Goodreads Author), Carlos Cubillos (Illustrator)",'B01CWB8T4I,0184,Invalid Length (not 10 or 13 after cleaning)
"Goodnight, and Thanks for the Vodka [2002]","Harpie, Karl Wiggins (Goodreads Author) (Editor)",'B00WNO57HW,0057,Invalid Length (not 10 or 13 after cleaning)
Wishing for a Highlander,Jessi Gage (Goodreads Author),'B00I6GNQBU,006,Invalid Length (not 10 or 13 after cleaning)
Premier Sang,Florence Cochet,'B00VGEL0D0,0000,Invalid Length (not 10 or 13 after cleaning)
Tales from a Not-So-Happily Ever After!,Rachel Renée Russell (Goodreads Author),'B00BOUNGDI,00,Invalid Length (not 10 or 13 after cleaning)
"A Cry From Egypt (Promised Land, #1)",Hope Auer,,,Invalid Length (not 10 or 13 after cleaning)
Obsessed: The Compulsions and Creations of Dr. Jeffrey Schwartz,"Steve Volk, Pamela Weintraub (Editor)",'B00EO4R3SK,0043,Invalid Length (not 10 or 13 after cleaning)
"Shaken, Not Stirred",Sawyer Bennett (Goodreads Author),,,Invalid Length (not 10 or 13 after cleaning)
Society,Devon C. Ford (Goodreads Author),'B01EGY7KXK,017,Invalid Length (not 10 or 13 after cleaning)
Secret History,Brandon Sanderson (Goodreads Author),'B01B0NS93U,01093,Invalid Length (not 10 or 13 after cleaning)
Frost,Kaitlyn Davis (Goodreads Author),,,Invalid Length (not 10 or 13 after cleaning)
The Dawn of Redemption,Dedra L. Stevenson (Goodreads Author),'B00RQT1WJQ,001,Invalid Length (not 10 or 13 after cleaning)
Chaos Choreography,Seanan McGuire (Goodreads Author),,,Invalid Length (not 10 or 13 after cleaning)
Bollywood Memories: A journey through the best Hindi movies of the last 25 years.,Chetan Surya,'B01AMFMS0M,010,Invalid Length (not 10 or 13 after cleaning)
Never Never: Part Three,"Colleen Hoover (Goodreads Author), Tarryn Fisher (Goodreads Author)",'B01A2COA88,01288,Invalid Length (not 10 or 13 after cleaning)
The Favorite,Kiera Cass (Goodreads Author),'B00MEJUH80,0080,Invalid Length (not 10 or 13 after cleaning)
The Particle Zoo: The Search for the Fundamental Nature of Reality,Gavin Hesketh,'B01ARXVSS2,012,Invalid Length (not 10 or 13 after cleaning)
Sprouting Into Greatness: Principles of Personal Development That Will Empower You to Create Your Own Destiny,Thea Long White (Goodreads Author),'B073SNL2L8,07328,Invalid Length (not 10 or 13 after cleaning)
Remembering,C.S. Johnson (Goodreads Author),'B01DN2CTRS,012,Invalid Length (not 10 or 13 after cleaning)
Heartbreaker,Logan Chance (Goodreads Author),'B0772MB5KQ,07725,Invalid Length (not 10 or 13 after cleaning)
Confessions of a Tween Superheroine (The Dunk'N Divaz #1),J.M. Guy (Goodreads Author),'B074Z7DC2Q,07472,Invalid Length (not 10 or 13 after cleaning)
Dominion,Julie Hall (Goodreads Author),'B079K9ZQR6,07996,Invalid Length (not 10 or 13 after cleaning)
Why Women Fail,Ann Dally,'B01MG91TB7,01917,Invalid Length (not 10 or 13 after cleaning)
La petición del señor Baker,Andrea Adrich,'B01LWDK0I9,0109,Invalid Length (not 10 or 13 after cleaning)
Loving God,N. Kasturi,'B00M9F57ES,00957,Invalid Length (not 10 or 13 after cleaning)
"Hell High: Warning: Contains Strong Sexual Content, Violence, Drug Use, and Language. For Readers 18+ (Hell High #1)","John Raptor (Goodreads Author), Heather Kannianen (Illustrator)",'B01AH8EAR8,0188,Invalid Length (not 10 or 13 after cleaning)
Closer Than You Think,Karen Rose (Goodreads Author),,,Invalid Length (not 10 or 13 after cleaning)
Twisted Pop: ANIME Short-Story for Tweens (How to Book),"Mia Simone Smith, LaTonya Page-Balkcom",'B07CLHK774,07774,Invalid Length (not 10 or 13 after cleaning)
The Bestseller She Wrote,Ravi Subramanian (Goodreads Author),,,Invalid Length (not 10 or 13 after cleaning)
The Stroke of Eleven,Kyle Robert Shultz (Goodreads Author),,,Invalid Length (not 10 or 13 after cleaning)
La machine infernale,Jean Cocteau,'B005OW6BLQ,0056,Invalid Length (not 10 or 13 after cleaning)
"Here Kitty, Kitty",Elizabeth Knox (Goodreads Author),'B07J3ZRG9C,0739,Invalid Length (not 10 or 13 after cleaning)
Zombie Threat: The Undead Arise: The Danger to Mankind's Survival,Colten Steele (Editor),'B00JPGPPKU,00,Invalid Length (not 10 or 13 after cleaning)
Vampire's Kiss,Ella Summers (Goodreads Author),'B01MA1UGX8,0118,Invalid Length (not 10 or 13 after cleaning)
The Weight of Ink,Rachel Kadish (Goodreads Author),'B01I4FPLUG,014,Invalid Length (not 10 or 13 after cleaning)
The Ha-Ha,Dave King,,,Invalid Length (not 10 or 13 after cleaning)
On the Shoulders of Titans,Andrew Rowe (Goodreads Author),'B07D3C3RX4,07334,Invalid Length (not 10 or 13 after cleaning)
Selected Poems and Tales of Edgar Allen Poe,"Edgar Allan Poe, Roscoe Gilmore Stott (editor)",,,Invalid Length (not 10 or 13 after cleaning)
Wilde About The Girl,Louise Pentland,,,Invalid Length (not 10 or 13 after cleaning)
All Our Wrong Todays,Elan Mastai (Goodreads Author),,,Invalid Length (not 10 or 13 after cleaning)
One for Sorrow,Sarah A. Denzil (Goodreads Author),'B079SK5DSN,0795,Invalid Length (not 10 or 13 after cleaning)
Prisoners of Darkness,"Jason Anspach (Goodreads Author), Nick Cole (Goodreads Author)",'B078HQBTPQ,078,Invalid Length (not 10 or 13 after cleaning)
A Gift of Time,Jerry Merritt,'B01MF7RHUT,017,Invalid Length (not 10 or 13 after cleaning)
Path of Beasts,Lian Tanner (Goodreads Author),,,Invalid Length (not 10 or 13 after cleaning)
Witch's Pyre,Josephine Angelini (Goodreads Author),'B01CCWZZN0,010,Invalid Length (not 10 or 13 after cleaning)
Twisted Sister of Mine,John Corwin (Goodreads Author),,,Invalid Length (not 10 or 13 after cleaning)
In an Instant,Suzanne Redfearn (Goodreads Author),'B07NVD1276,071276,Invalid Length (not 10 or 13 after cleaning)
Save Me - BTS Webtoon,"Big Hit Entertainment, Lico (Illustrator)",,,Invalid Length (not 10 or 13 after cleaning)
Juliet Takes a Breath,GabRivera,'B01ATCAZHQ,01,Invalid Length (not 10 or 13 after cleaning)
Guardian,A.J. Messenger (Goodreads Author),'B00KF3CJL0,0030,Invalid Length (not 10 or 13 after cleaning)
Trumps of Doom,Roger Zelazny,,,Invalid Length (not 10 or 13 after cleaning)
Crossover,Mireille Chester (Goodreads Author),'B0051AH20A,005120,Invalid Length (not 10 or 13 after cleaning)
From Harlem With Love,K'wan (Goodreads Author),'B004DI7KF8,00478,Invalid Length (not 10 or 13 after cleaning)
The Ballad of the White Horse,G.K. Chesterton,'B00JL0PG6I,0006,Invalid Length (not 10 or 13 after cleaning)
Claiming Their Mate (Feral Attraction),Paige McKellan,'B001892DFC,001892,Invalid Length (not 10 or 13 after cleaning)
Wicked Game,Mercy Celeste (Goodreads Author),'B005L9YYLQ,0059,Invalid Length (not 10 or 13 after cleaning)
The Trunk Key,Carolyn Nash (Goodreads Author),'B007KTAN5G,0075,Invalid Length (not 10 or 13 after cleaning)
Abby's Vampire,Anjela Renee (Goodreads Author),,,Invalid Length (not 10 or 13 after cleaning)
Her Master's Kiss,Vivien Sparx,'B009L5XZ6G,00956,Invalid Length (not 10 or 13 after cleaning)
Conviction,Nicole Edwards (Goodreads Author),'B008QYUOAI,008,Invalid Length (not 10 or 13 after cleaning)
Saving Elizabeth,Amy Machelle (Goodreads Author),,,Invalid Length (not 10 or 13 after cleaning)
Fissure,Nicole Williams (Goodreads Author),'B007QR7T2M,00772,Invalid Length (not 10 or 13 after cleaning)
Lockout,Maya Cross (Goodreads Author),'B00CWMSXXA,00,Invalid Length (not 10 or 13 after cleaning)
Ryder,Chantal Fernando (Goodreads Author),'B00DPVGXUW,00,Invalid Length (not 10 or 13 after cleaning)
Kiss of an Angel,Janelle Denison (Goodreads Author),,,Invalid Length (not 10 or 13 after cleaning)
Swarm,B.V. Larson,'B004H8FVEQ,0048,Invalid Length (not 10 or 13 after cleaning)
The Goblin King,Heather Killough-Walden (Goodreads Author),'B00CYM1HEA,001,Invalid Length (not 10 or 13 after cleaning)
Mine to Keep,Cynthia Eden (Goodreads Author),'B00EL02CBK,0002,Invalid Length (not 10 or 13 after cleaning)
The Tithe Debate,Byron Goines,'B00DZ0EZZI,000,Invalid Length (not 10 or 13 after cleaning)
Cinderella in Skates,Carly Syms (Goodreads Author),'B00BKCZ8R2,0082,Invalid Length (not 10 or 13 after cleaning)
Adam,Jacquelyn Frank (Goodreads Author),,,Invalid Length (not 10 or 13 after cleaning)
Torn,K.A. Robinson (Goodreads Author),'B00CKQUZ4I,004,Invalid Length (not 10 or 13 after cleaning)
My Now & Forever,H.J. Bellus (Goodreads Author),'B00D5GVW3U,0053,Invalid Length (not 10 or 13 after cleaning)
Sweet Legacy,Tera Lynn Childs (Goodreads Author),,,Invalid Length (not 10 or 13 after cleaning)
Change My Heart,Danielle Stewart (Goodreads Author),,,Invalid Length (not 10 or 13 after cleaning)
Sweet Harmonies,Melanie Shawn (Goodreads Author),,,Invalid Length (not 10 or 13 after cleaning)
The Christmas Watch,Erynn Mangum,'B006NEVUOW,006,Invalid Length (not 10 or 13 after cleaning)
قصص القرءان,"عبد الحميد عبد المقصود, حمدي مصطفى (اشراف)",,,Invalid Length (not 10 or 13 after cleaning)
High,Zara Cox (Goodreads Author),'B00H0P5F0I,00050,Invalid Length (not 10 or 13 after cleaning)
1/27: An ICoS Anthology,"Ais (Goodreads Author), Santino Hassell (Goodreads Author)",,,Invalid Length (not 10 or 13 after cleaning)
Beautiful Ink,Nicole Reed (Goodreads Author),,,Invalid Length (not 10 or 13 after cleaning)
Out of the Ashes,Lietha Wards,'B007M4V9CK,00749,Invalid Length (not 10 or 13 after cleaning)
The Savage Blue,Zoraida Córdova (Goodreads Author),,,Invalid Length (not 10 or 13 after cleaning)
Sharh Al-Aqidat-il-Wasitiyyah: Fundamental Beliefs of Islam and Rejection of False Concepts,محمد خليل هراس,,,Invalid Length (not 10 or 13 after cleaning)
Dies irae,César Pérez Gellida (Goodreads Author),'B00FDZ3T14,00314,Invalid Length (not 10 or 13 after cleaning)
Lost In Time,Bridgitte Lesley (Goodreads Author),,,Invalid Length (not 10 or 13 after cleaning)
Unmasked: Volume Two,Cassia Leo (Goodreads Author),,,Invalid Length (not 10 or 13 after cleaning)
Inferno,Adriana Noir (Goodreads Author),,,Invalid Length (not 10 or 13 after cleaning)
Prince of Hearts,"Margaret Foxe (Goodreads Author), Maggie Fenton (Goodreads Author)",'B00DDU6YMC,006,Invalid Length (not 10 or 13 after cleaning)
In the Broken Birdcage of Kathleen Fair,Cate Gardner (Goodreads Author),'B00CX21I5Y,00215,Invalid Length (not 10 or 13 after cleaning)
Twisted,Rebecca Zanetti (Goodreads Author),,,Invalid Length (not 10 or 13 after cleaning)
The Steele Wolf,Chanda Hahn (Goodreads Author),'B00AVNUBIC,00,Invalid Length (not 10 or 13 after cleaning)
The Kane Chronicles,Rick Riordan (Goodreads Author),'B00CJ05CU2,00052,Invalid Length (not 10 or 13 after cleaning)
Learning to Love,E.M. Leya (Goodreads Author),'B00EXTHDEA,00,Invalid Length (not 10 or 13 after cleaning)
A Hundred and One Reasons,Bianca Salindong (Goodreads Author),,,Invalid Length (not 10 or 13 after cleaning)
The Angel's Command,Brian Jacques,,,Invalid Length (not 10 or 13 after cleaning)
Interview with a Porn Star,Jason Luke,,,Invalid Length (not 10 or 13 after cleaning)
Death's Dirty Demands,Sam Crescent (Goodreads Author),'B00QJPDP7K,007,Invalid Length (not 10 or 13 after cleaning)
End of the Innocence,Alessandra Torre (Goodreads Author),,,Invalid Length (not 10 or 13 after cleaning)
Exquisite,"Ella Frank, MacKenzie Cartwright (Narrator)",,,Invalid Length (not 10 or 13 after cleaning)
Neverland,Anna Katmore,'B00JLA8C50,00850,Invalid Length (not 10 or 13 after cleaning)
Mackenzie's Magic,Linda Howard,'B000W4RFNO,0004,Invalid Length (not 10 or 13 after cleaning)
The Reckoning Road,Seeley James (Goodreads Author),'B00I87F5WK,00875,Invalid Length (not 10 or 13 after cleaning)
Public Display of Everything,Cara Dee (Goodreads Author),'B00JHOR29C,0029,Invalid Length (not 10 or 13 after cleaning)
Schiava per vendetta,Ann Owen,'B00IMONOSQ,00,Invalid Length (not 10 or 13 after cleaning)
Uriel: The Price,"Aaron M. Patterson (Goodreads Author), Chris White (Goodreads Author)",'B00KAE2F68,00268,Invalid Length (not 10 or 13 after cleaning)
Fate,Nikki Sex (Goodreads Author),,,Invalid Length (not 10 or 13 after cleaning)
An Imperfect Circle,R.J. Sable (Goodreads Author),'B00I5QITDG,005,Invalid Length (not 10 or 13 after cleaning)
"Conflict & Obsession: DOUBLE EDITION: The Forever Series, Book 11 & 12",Eve Newton (Goodreads Author),'B07MPSJH4P,074,Invalid Length (not 10 or 13 after cleaning)
Nikolai,Roxie Rivera (Goodreads Author),'B00DKHKR94,0094,Invalid Length (not 10 or 13 after cleaning)
Deny Friendship: Darkly Fun Mystery,R.G. Manse (Goodreads Author),'B00RC6JR9U,0069,Invalid Length (not 10 or 13 after cleaning)
Blood Wish,Michael McBride (Goodreads Author),,,Invalid Length (not 10 or 13 after cleaning)
Drake Restrained 1,S.E. Lund (Goodreads Author),,,Invalid Length (not 10 or 13 after cleaning)
RUMI: Adherent of The Appointed,"Omar Ali Zafar, Danyal Nicholson (Editor)",'B013EZA7LO,0137,Invalid Length (not 10 or 13 after cleaning)
Empathy,Ker Dukey (Goodreads Author),'B00MRAZFVA,00,Invalid Length (not 10 or 13 after cleaning)
Tobias: a short story,Hallie M. Smith (Goodreads Author),'B00J5DW772,005772,Invalid Length (not 10 or 13 after cleaning)
The Cranberry Hush,Ben Monopoli (Goodreads Author),'B004QZ9OWA,0049,Invalid Length (not 10 or 13 after cleaning)
The Off Series Boxed Set: Books 1-5,Sawyer Bennett (Goodreads Author),'B00HJAA1J4,0014,Invalid Length (not 10 or 13 after cleaning)
Stalker,Clarissa Wild (Goodreads Author),,,Invalid Length (not 10 or 13 after cleaning)
Big Magic: by Elizabeth Gilbert (Creative Living Beyond Fear) | A 15-Minute Summary,Bern Bolo (Goodreads Author),'B016QUBWWM,016,Invalid Length (not 10 or 13 after cleaning)
The Voyage of Life: A Journey From the Cradle to the Grave,S.L. Louis (Compiler),'B002IWGRBE,002,Invalid Length (not 10 or 13 after cleaning)
Loving Angel,J.L. Weil (Goodreads Author),'B00O4OBPK2,0042,Invalid Length (not 10 or 13 after cleaning)
That's The Way We Met,Sudeep Nagarkar (Goodreads Author),,,Invalid Length (not 10 or 13 after cleaning)
Turing's Cathedral: The Origins of the Digital Universe,George Dyson,,,Invalid Length (not 10 or 13 after cleaning)
Sleep of Death,Aprilynne Pike,,,Invalid Length (not 10 or 13 after cleaning)
To Kill a Mocking Bird Study Guide,KDI Publishers,'B004Z9GO5M,00495,Invalid Length (not 10 or 13 after cleaning)
Pearl Moon: Betrayal,Jen A. Durand (Goodreads Author),'B019YPN12K,01912,Invalid Length (not 10 or 13 after cleaning)
Ten In Texas,A.H. Holt,'B01EDDUA7W,017,Invalid Length (not 10 or 13 after cleaning)
Tecumseh,James Alexander Thom,,,Invalid Length (not 10 or 13 after cleaning)
The Sergeant's Apprentice,Christopher G. Nuttall (Goodreads Author),'B01NAQRCLI,01,Invalid Length (not 10 or 13 after cleaning)
Past Sins,Pen Stroke,,,Invalid Length (not 10 or 13 after cleaning)
Then the Stars Fall,Brandon Witt (Goodreads Author),,,Invalid Length (not 10 or 13 after cleaning)
The Bird Markets Around The World,Francis Okumu,'B00TS4O2J4,00424,Invalid Length (not 10 or 13 after cleaning)
Followed by Frost,Charlie N. Holmberg (Goodreads Author),'B00U88YML2,00882,Invalid Length (not 10 or 13 after cleaning)
1970s Bollywood: The 50 Must See Hindi Movies,Sabeha Peach,'B00TVT5I9O,0059,Invalid Length (not 10 or 13 after cleaning)
Impyrium,Henry H. Neff (Goodreads Author),'B019MML7H6,01976,Invalid Length (not 10 or 13 after cleaning)
Riches of Heaven upon Earth: Financial Toughness A New Transformed Better Lifestyle,Wanjiru Gachie,'B078HSK2NN,0782,Invalid Length (not 10 or 13 after cleaning)
Hide & Seek,Felicity Brandon (Goodreads Author),'B00IC7DCU8,0078,Invalid Length (not 10 or 13 after cleaning)
Playboy,Logan Chance (Goodreads Author),'B074G2821G,0742821,Invalid Length (not 10 or 13 after cleaning)
Is Bob My Father?,Melanie Pinnock,'B06XY9LG6V,0696,Invalid Length (not 10 or 13 after cleaning)
Photographer's Dream,Ronder Scott (Goodreads Author),'B079W5Z4P7,079547,Invalid Length (not 10 or 13 after cleaning)
The Falls Trilogy Boxed Set,Heather Renee (Goodreads Author),'B078YDCK3X,0783,Invalid Length (not 10 or 13 after cleaning)
Diary of A Sick Chick: A Year in The Life of A Chronically Ill Woman,Sonya Dickerson (Goodreads Author),'B0071FAKUC,0071,Invalid Length (not 10 or 13 after cleaning)
"Queer, There and Everywhere: 23 People Who Changed the World",Sarah Prager (Goodreads Author),'B01KT182Y0,011820,Invalid Length (not 10 or 13 after cleaning)
La proposición del señor Baker,Andrea Adrich,'B01J1LG8IG,0118,Invalid Length (not 10 or 13 after cleaning)
Man of God,Gregg Bell (Goodreads Author),,,Invalid Length (not 10 or 13 after cleaning)
Super Sons (2017-) #16,"Peter J. Tomasi, Protobúnker (Illustrator), Jorge Jimenez (Illustrator), Alejandro Sanchez (Illustrator), Art Thibert (Illustrator), Carlo Barberi (Illustrator)",'B07CB24XMF,0724,Invalid Length (not 10 or 13 after cleaning)
Spirit-Led Approach to Parenting,LaTonya Page-Balkcom,'B01B1SL7V0,01170,Invalid Length (not 10 or 13 after cleaning)
Prague Fatale,Philip Kerr,'B005W0ARFQ,0050,Invalid Length (not 10 or 13 after cleaning)
Take Your Time,Julie Johnson (Goodreads Author),,,Invalid Length (not 10 or 13 after cleaning)
The Chemical Garden Series,Lauren DeStefano (Goodreads Author),'B00MLR0VHW,000,Invalid Length (not 10 or 13 after cleaning)
Im Bann des Silberfalken,Katja Brandis,'B07D13GBG6,07136,Invalid Length (not 10 or 13 after cleaning)
The Boy Lost In A World 2,Divyansh Mishra DM (Goodreads Author),'B07SCTSV9M,079,Invalid Length (not 10 or 13 after cleaning)
Graevale,Lynette Noni (Goodreads Author),,,Invalid Length (not 10 or 13 after cleaning)
The Watchmaker's Doctor,G.M.T. Schuilling (Goodreads Author),'B07BNZHYLW,07,Invalid Length (not 10 or 13 after cleaning)
Two for Joy,Sarah A. Denzil (Goodreads Author),'B07GLZBLSP,07,Invalid Length (not 10 or 13 after cleaning)
The Day Before,Micol Ostow (Goodreads Author),'B078TNHQXS,078,Invalid Length (not 10 or 13 after cleaning)
Dark Age,James Wilde,'B076117MBZ,076117,Invalid Length (not 10 or 13 after cleaning)
The Summoner,M.C. Glan (Goodreads Author),'B075SFG7KH,0757,Invalid Length (not 10 or 13 after cleaning)
"Kilala Princess, Vol. 05","Rika Tanaka, Nao Kodaka, Walt Disney Company",,,Invalid Length (not 10 or 13 after cleaning)
"The Roald Dahl : Collection 5 Books Collection Charlie and the Chocolate Factor, Charlie and The Great Glass Elevator, The Witches, Fantastic Mr Fox and Matilda",R Dahl,'B07SLVQBSB,07,Invalid Length (not 10 or 13 after cleaning)
Nyxia,Scott Reintgen (Goodreads Author),'B01MUDIX1Y,011,Invalid Length (not 10 or 13 after cleaning)
In the Unlikely Event,L.J. Shen (Goodreads Author),'B081MXH4MQ,0814,Invalid Length (not 10 or 13 after cleaning)
"P'Knocks, A New Kid That Rocks!: Keys To Success","Nelson Paul Ragas Sr., Rista Khatun (Illustrator)",'B081L3N3ZP,08133,Invalid Length (not 10 or 13 after cleaning)
A Teddy for Jackie Jr: (Bedtime Story Books about Teddy Bear and Parents' Love),"Ronald Destra (Goodreads Author), Renald Destra",'B07CYS9BVR,079,Invalid Length (not 10 or 13 after cleaning)
Turning Point,"Jason Anspach (Goodreads Author), Nick Cole (Goodreads Author)",'B079NGCX1T,0791,Invalid Length (not 10 or 13 after cleaning)
The Third Twin,C.J. Omololu (Goodreads Author),'B00N6PCYN2,0062,Invalid Length (not 10 or 13 after cleaning)
What We Do in the Night,Stylo Fantome (Goodreads Author),'B07SZMG2Y4,0724,Invalid Length (not 10 or 13 after cleaning)
Tout ce que tu vas vivre,Lorraine Fouchet,,,Invalid Length (not 10 or 13 after cleaning)
Somewhere Only We Know,Maurene Goo (Goodreads Author),'B07G115CFL,07115,Invalid Length (not 10 or 13 after cleaning)
Arctic Snare,Lucas Pederson (Goodreads Author),'B07R427H79,0742779,Invalid Length (not 10 or 13 after cleaning)
Revelation,A.J. Messenger (Goodreads Author),'B01KYOC7IO,017,Invalid Length (not 10 or 13 after cleaning)
Untamed,Drea Blackery (Goodreads Author),'B07B75G6C3,077563,Invalid Length (not 10 or 13 after cleaning)
Island Survival,Lloyd Davis (Goodreads Author),'B08HKQHR2L,082,Invalid Length (not 10 or 13 after cleaning)
Other Words for Home,Jasmine Warga (Goodreads Author),'B07CKY3MZ7,0737,Invalid Length (not 10 or 13 after cleaning)
Margot & Me,Juno Dawson,,,Invalid Length (not 10 or 13 after cleaning)
"Poetry, Language, Thought","Martin Heidegger, Albert Hofstadter (Translator, Introduction)",,,Invalid Length (not 10 or 13 after cleaning)
شرق النخيل,بهاء طاهر,,,Invalid Length (not 10 or 13 after cleaning)
I Kissed a Girl,"Regina Perry (Editor), C. Margery Kempe (Goodreads Author) (Contributor), L.A. Mistral (Contributor), Inara Lavey (Contributor), Jen Bluekissed (Contributor), Lucy Felthouse (Goodreads Author) (Contributor), Samantha Jones (Contributor), Kilt Kilpatrick (Goodreads Author) (Contributor), more…",,,Invalid Length (not 10 or 13 after cleaning)
Enfance,Nathalie Sarraute,,,Invalid Length (not 10 or 13 after cleaning)
Space Dragon Poetry,L'Poni Baldwin (Goodreads Author),,,Invalid Length (not 10 or 13 after cleaning)
Insectland,Neil D. Ostroff (Goodreads Author),'B005P81J48,0058148,Invalid Length (not 10 or 13 after cleaning)
Big Girls Do It Better,Jasinda Wilder (Goodreads Author),'B0095JX7F2,009572,Invalid Length (not 10 or 13 after cleaning)
Stone Soup,"Marilyn Sapienza, Hans Wilhelm (Illustrator)",'B0006RK7WI,00067,Invalid Length (not 10 or 13 after cleaning)
Chasing Nikki,Lacey Weatherford (Goodreads Author),'B007EH3CP2,00732,Invalid Length (not 10 or 13 after cleaning)
Temptation,Nicole Edwards (Goodreads Author),'B00A5WU35U,00535,Invalid Length (not 10 or 13 after cleaning)
Running Black,Patrick Todoroff (Goodreads Author),'B004E3Y0JG,00430,Invalid Length (not 10 or 13 after cleaning)
Fusion,Nicole Williams (Goodreads Author),'B0098QU6K6,009866,Invalid Length (not 10 or 13 after cleaning)
The Fire Within,Racquel Kechagias (Goodreads Author),'B00AY7G05I,00705,Invalid Length (not 10 or 13 after cleaning)
Hero's Curse,Jack J. Lee (Goodreads Author),'B006RD0WAM,0060,Invalid Length (not 10 or 13 after cleaning)
Fall into My Heart,Rebecca Elise (Goodreads Author),'B00DT9ZQNU,009,Invalid Length (not 10 or 13 after cleaning)
Mine to Take,Cynthia Eden (Goodreads Author),,,Invalid Length (not 10 or 13 after cleaning)
"IMMIGRATION: ""United States Citizenship for Immigrants""",Byron Goines,'B00HHK38LE,0038,Invalid Length (not 10 or 13 after cleaning)
My Today,H.J. Bellus (Goodreads Author),'B00FY79XJI,0079,Invalid Length (not 10 or 13 after cleaning)
Dylan and the Croak Orleans Gang,"Rhonda Patton (Goodreads Author), Chester McDaniel (Illustrator)",'B00GPOWV5W,005,Invalid Length (not 10 or 13 after cleaning)
Adopted Abused And Still Standing (All I can Do is Stand),Aleja Bennett (Goodreads Author),'B00FRVCO9C,009,Invalid Length (not 10 or 13 after cleaning)
Easter Carats,Erynn Mangum,'B0051QFHDI,0051,Invalid Length (not 10 or 13 after cleaning)
جامعه‌شناسی دین,"Malcolm Hamilton, محسن ثلاثی (ترجمه)",,,Invalid Length (not 10 or 13 after cleaning)
Queers,A.J. Rose (Goodreads Author),'B00I5CQ40K,00540,Invalid Length (not 10 or 13 after cleaning)
Killing Hope,Keith Houghton (Goodreads Author),,,Invalid Length (not 10 or 13 after cleaning)
The Bet,"Kimberly Joy Villanueva (Goodreads Author), James John Andres (Illustrator)",,,Invalid Length (not 10 or 13 after cleaning)
Frenched,Melanie Harlow (Goodreads Author),'B00J1UOR68,00168,Invalid Length (not 10 or 13 after cleaning)
Her Dragon's Fire,Julia Mills (Goodreads Author),,,Invalid Length (not 10 or 13 after cleaning)
The War Inside,M. Kircher (Goodreads Author),'B00E83HJ2C,00832,Invalid Length (not 10 or 13 after cleaning)
Unmasked: Volume One,Cassia Leo (Goodreads Author),,,Invalid Length (not 10 or 13 after cleaning)
The Do-Over,M.K. Schiller (Goodreads Author),'B00FQ134MY,00134,Invalid Length (not 10 or 13 after cleaning)
"Zoe, Undead",J.R. Knoll,'B008ZJJZPY,008,Invalid Length (not 10 or 13 after cleaning)
Rumours of the Marvellous,"Peter Atkins, Glen Hirshberg (Goodreads Author) (Introduction), Les Edwards (cover art)",,,Invalid Length (not 10 or 13 after cleaning)
Corroded,Karina Cooper (Goodreads Author),'B00CV30X2E,00302,Invalid Length (not 10 or 13 after cleaning)
Love at Last Sight,Jordan Lynde (Goodreads Author),,,Invalid Length (not 10 or 13 after cleaning)
The Wedding Wager,Regina Duke,'B0094KFI7W,00947,Invalid Length (not 10 or 13 after cleaning)
Indecent Experiment,Megan Hart (Goodreads Author),'B004XDXYS0,0040,Invalid Length (not 10 or 13 after cleaning)
Ruin - Part One,Deborah Bladon (Goodreads Author),'B00O5OLJ0C,0050,Invalid Length (not 10 or 13 after cleaning)
Bigfoot,E.M. Leya (Goodreads Author),'B00I0FAYJE,000,Invalid Length (not 10 or 13 after cleaning)
Josiah Stubb: The Siege of Louisbourg,C.W. Lovatt (Goodreads Author),'B00IZKEIYQ,00,Invalid Length (not 10 or 13 after cleaning)
Target This,Lily White (Goodreads Author),'B00KYIMNRQ,00,Invalid Length (not 10 or 13 after cleaning)
The Diary of Brad De Luca,Alessandra Torre (Goodreads Author),'B00FITRTSY,00,Invalid Length (not 10 or 13 after cleaning)
Arielle Immortal Fury,Lilian Roberts (Goodreads Author),,,Invalid Length (not 10 or 13 after cleaning)
A Glamorously Unglamorous Life,Julia Albain,,,Invalid Length (not 10 or 13 after cleaning)
Fighter,Tijan (Goodreads Author),'B00SEO1IGY,001,Invalid Length (not 10 or 13 after cleaning)
Appaloosa Summer,Tudor Robins (Goodreads Author),,,Invalid Length (not 10 or 13 after cleaning)
Savage,Willow Rose (Goodreads Author),,,Invalid Length (not 10 or 13 after cleaning)
The Slave Auction (Scotia Saga #1),Ray Anselmo (Goodreads Author),'B00NBKL3H0,0030,Invalid Length (not 10 or 13 after cleaning)
Wicked Edge,Rebecca Zanetti (Goodreads Author),'B00URQETIG,00,Invalid Length (not 10 or 13 after cleaning)
Becoming Divergent: An Unofficial Biography of Shailene Woodley and Theo James,Joe Allan,'B00ISYPPEQ,00,Invalid Length (not 10 or 13 after cleaning)
Mindfulness For Beginners: Live Stress Free Life To Fullest,Megan Coulter (Goodreads Author),'B00WV8NVZA,008,Invalid Length (not 10 or 13 after cleaning)
Element Wielder,Cesar Gonzalez,'B00LFX3T2C,0032,Invalid Length (not 10 or 13 after cleaning)
"Nikolai, Volume 2",Roxie Rivera (Goodreads Author),'B00MMXVV4M,004,Invalid Length (not 10 or 13 after cleaning)
BONES OF THE DEMON KING (Demon King Series Book 1),S.E. Grayson (Goodreads Author),'B00RSUDDIQ,00,Invalid Length (not 10 or 13 after cleaning)
Smile No More,James A. Moore (Goodreads Author),'B007TOISOA,007,Invalid Length (not 10 or 13 after cleaning)
Sea of Shadows,Kelley Armstrong (Goodreads Author),'B00DB2WQ6A,0026,Invalid Length (not 10 or 13 after cleaning)
The Deadline,Ron Franscell (Goodreads Author),'B00P6MU9RQ,0069,Invalid Length (not 10 or 13 after cleaning)
Tainted Black,Shanora Williams (Goodreads Author),'B014VN88Z0,014880,Invalid Length (not 10 or 13 after cleaning)
Dark Instincts,Suzanne Wright (Goodreads Author),'B00ORBNF0A,000,Invalid Length (not 10 or 13 after cleaning)
Death in the Afternoon,Ernest Hemingway,,,Invalid Length (not 10 or 13 after cleaning)
Legal Affairs Boxed Set: Volumes 1-6,Sawyer Bennett (Goodreads Author),'B00JFHKFEK,00,Invalid Length (not 10 or 13 after cleaning)
Keela,L.A. Casey (Goodreads Author),,,Invalid Length (not 10 or 13 after cleaning)
The Variable Man,"Philip K. Dick, Gregg Margarite (Narrator)",,,Invalid Length (not 10 or 13 after cleaning)
White Whale,Rose Christo,'B00FMWGBSQ,00,Invalid Length (not 10 or 13 after cleaning)
Titanus McDuff and the Birthday Surprise (The Treasure Chest Mysteries #1),Gretchen M Fogelstrom,,,Invalid Length (not 10 or 13 after cleaning)
I Zombie I,Jack Wallen (Goodreads Author),'B004LGTRX0,0040,Invalid Length (not 10 or 13 after cleaning)
The Far West,Patricia C. Wrede (Goodreads Author),'B009AJOOE0,0090,Invalid Length (not 10 or 13 after cleaning)
True to the Highlander,Barbara Longley (Goodreads Author),'B00EZCY0L4,0004,Invalid Length (not 10 or 13 after cleaning)
Il ciclo di Retief vol.2,Keith Laumer,,,Invalid Length (not 10 or 13 after cleaning)
Dear Dork / Holiday Heartbreak,Rachel Renée Russell (Goodreads Author),'B00SP33WWC,0033,Invalid Length (not 10 or 13 after cleaning)
Shadowy Lights: Fear,Jen A. Durand (Goodreads Author),'B01EBBVD0O,010,Invalid Length (not 10 or 13 after cleaning)
The Second Violin,Grace S. Richmond,'B004TQGVE0,0040,Invalid Length (not 10 or 13 after cleaning)
Black,T.L. Smith (Goodreads Author),'B01A53M6GM,01536,Invalid Length (not 10 or 13 after cleaning)
The Curious Case of the Copper Corpse,Alan Bradley (Goodreads Author),'B00PEPS86E,0086,Invalid Length (not 10 or 13 after cleaning)
Thrall,Abigail Graham (Goodreads Author),'B00W80HM06,008006,Invalid Length (not 10 or 13 after cleaning)
The Dark Planet,J. Hunter Holly,,,Invalid Length (not 10 or 13 after cleaning)
One Night,Monica Murphy (Goodreads Author),'B01LWZCKCC,01,Invalid Length (not 10 or 13 after cleaning)
Servant To The Wolf,Sue Wentz (Goodreads Author),'B007R75C16,0077516,Invalid Length (not 10 or 13 after cleaning)
A Night at the Opera,Felicity Brandon (Goodreads Author),'B00PUS7UBE,007,Invalid Length (not 10 or 13 after cleaning)
Twelfth Night,Deanna Raybourn (Goodreads Author),'B00JD7TX4A,0074,Invalid Length (not 10 or 13 after cleaning)
Break Me,Logan Chance (Goodreads Author),'B071JM22L5,071225,Invalid Length (not 10 or 13 after cleaning)
Empower Now: True Stories from 14 Young Minority Professionals,"Amber Robins, Melvin Jackson, Ariel Johnson, Michael Seaberry, Donielle Williams, Armond Collins, Jessica Peterkin, Kevin Wright, more…",'B06W2NVBK5,0625,Invalid Length (not 10 or 13 after cleaning)
"XXL-Leseprobe - Weil ich Layken liebe (Slammed, #1)","Colleen Hoover (Goodreads Author), Katarina Ganslandt (Translator)",'B00EV0NQOC,000,Invalid Length (not 10 or 13 after cleaning)
Dawning Ascent,Jen L. Grey (Goodreads Author),'B075FRDGQ4,0754,Invalid Length (not 10 or 13 after cleaning)
El Vizconde de Bragelonne Tomos I & II,Alexandre Dumas,'B005OZHA4K,0054,Invalid Length (not 10 or 13 after cleaning)
Mariposa capoeirista,"Lily Perozo, Tania Gialluca (Illustrator), Jessica Fermín (Editor)",'B01MPVMOKI,01,Invalid Length (not 10 or 13 after cleaning)
The Rising Dark: A Darkest Minds Collection,Alexandra Bracken (Goodreads Author),'B078JHPWVX,078,Invalid Length (not 10 or 13 after cleaning)
Her Favorite Color Was Yellow,Edgar Holmes,'B077Q2NKDC,0772,Invalid Length (not 10 or 13 after cleaning)
Soup Recipes: Delicious Soup Stews and Chili Cookbook,Violet Karma,'B00KMDJAWO,00,Invalid Length (not 10 or 13 after cleaning)
Threshold of The Soul,LaTonya Page-Balkcom,'B01BRA2G7Q,0127,Invalid Length (not 10 or 13 after cleaning)
True Crime Stories Volume 7: 12 Shocking True Crime Murder Cases (True Crime Anthology),Jack Rosewood,'B073WCSNL9,0739,Invalid Length (not 10 or 13 after cleaning)
Nox Atra,Victoriane Vadi,'B01N3LS5EZ,0135,Invalid Length (not 10 or 13 after cleaning)
Free the Darkness,Kel Kade (Goodreads Author),'B019YM2E62,019262,Invalid Length (not 10 or 13 after cleaning)
My Home Hero - tome 01,"Naoki Yamakawa, Masashi Asaki (Illustrator), Fabien Nabhan (Translator)",'B07LCXC52S,0752,Invalid Length (not 10 or 13 after cleaning)
Why Animals Saved humans?,Divyansh Mishra DM (Goodreads Author),'B07Q4CJBTD,074,Invalid Length (not 10 or 13 after cleaning)
We Three Heroes,Lynette Noni (Goodreads Author),'B07CBCPG2B,072,Invalid Length (not 10 or 13 after cleaning)
The Redeemer,M.C. Glan (Goodreads Author),'B07HCSQZ2P,072,Invalid Length (not 10 or 13 after cleaning)
Fire Dancer,Catherine Jones Payne (Goodreads Author),'B07TTJV85P,0785,Invalid Length (not 10 or 13 after cleaning)
"Kilala Princess, Vol. 04","Rika Tanaka, Nao Kodaka",,,Invalid Length (not 10 or 13 after cleaning)
Darkness of Light,Stacey Marie Brown (Goodreads Author),'B00BFKOEY2,002,Invalid Length (not 10 or 13 after cleaning)
Eraser,"Anna Kang (Goodreads Author), Christopher Weyant (Illustrator)",'B078ST6D4R,07864,Invalid Length (not 10 or 13 after cleaning)
Kill Team,"Jason Anspach (Goodreads Author), Nick Cole (Goodreads Author)",'B073WQN9KM,0739,Invalid Length (not 10 or 13 after cleaning)
The Adventurers Guild,"Zack Loran Clark, Nick Eliopulos",'B072HQRGV1,0721,Invalid Length (not 10 or 13 after cleaning)
The Rebel Mages/Wandfasted/Light Mage (The Black Witch Chronicles Books 0.5 & 1.5),Laurie Forest (Goodreads Author),'B07NPV9CTB,079,Invalid Length (not 10 or 13 after cleaning)
"Requiem, Changing Times",R.J. Parker (Goodreads Author),'B07XY439NX,07439,Invalid Length (not 10 or 13 after cleaning)
Driving Mr. Dead,Molly Harper (Goodreads Author),'B0064CLU0C,00640,Invalid Length (not 10 or 13 after cleaning)
Fable,Adrienne Young (Goodreads Author),,,Invalid Length (not 10 or 13 after cleaning)
What We Do in the Light,Stylo Fantome (Goodreads Author),,,Invalid Length (not 10 or 13 after cleaning)
Songbreaths,Ramona Meisel,,,Invalid Length (not 10 or 13 after cleaning)
Complete Buck Rogers,Philip Francis Nowlan,'B00I5PB9D4,00594,Invalid Length (not 10 or 13 after cleaning)
Bastard,"Youngchan Hwang, CarnKim (Illustrator)",,,Invalid Length (not 10 or 13 after cleaning)
Fallen,A.J. Messenger (Goodreads Author),'B01I6B15IU,01615,Invalid Length (not 10 or 13 after cleaning)
More Than Anything,Natasha Anders (Goodreads Author),'B07KXMVBR6,076,Invalid Length (not 10 or 13 after cleaning)
Valkyrie,Kate O'Hearn,'B00B1BA08O,00108,Invalid Length (not 10 or 13 after cleaning)
Prince of Chaos,Roger Zelazny,,,Invalid Length (not 10 or 13 after cleaning)
The View from Here,"Rachel Howzell, Rachel Howzell Hall (Goodreads Author)",'B004BA52W6,004526,Invalid Length (not 10 or 13 after cleaning)
Psique,"Carolina Lehman, Sergio Alejandro Amira (Goodreads Author), Dan Guajars (Goodreads Author)",,,Invalid Length (not 10 or 13 after cleaning)
The Bringer,Samantha Towle (Goodreads Author),'B004ZGDDJ0,0040,Invalid Length (not 10 or 13 after cleaning)
She Belongs To Me,Carmen DeSousa (Goodreads Author),'B006PS21NU,00621,Invalid Length (not 10 or 13 after cleaning)
Her Loving Husband's Curse,Meredith Allard (Goodreads Author),'B007W8GYR6,00786,Invalid Length (not 10 or 13 after cleaning)
Bookmark Days,Scot Gardner,,,Invalid Length (not 10 or 13 after cleaning)
The Hunt,Heather Killough-Walden (Goodreads Author),'B0058W5ZTQ,00585,Invalid Length (not 10 or 13 after cleaning)
The Icarus Files,Laurie Grove (Goodreads Author),'B0086QGOW8,00868,Invalid Length (not 10 or 13 after cleaning)
Big Girls Do It Wetter,Jasinda Wilder (Goodreads Author),'B0098796PQ,0098796,Invalid Length (not 10 or 13 after cleaning)
The Disappearance of Grace,Vincent Zandri (Goodreads Author),'B0099C5UFU,00995,Invalid Length (not 10 or 13 after cleaning)
La fugitiva,Marcel Proust,,,Invalid Length (not 10 or 13 after cleaning)
Crossing the Line,Katie McGarry (Goodreads Author),'B00APEYB0G,000,Invalid Length (not 10 or 13 after cleaning)
Hats,"Dilys E. Blum, Anne d'Harnoncourt (Contributor)",,,Invalid Length (not 10 or 13 after cleaning)
Fight with Me,Kristen Pro(Goodreads Author),'B00AV9FIXE,009,Invalid Length (not 10 or 13 after cleaning)
Ends and Means,Aldous Huxley,,,Invalid Length (not 10 or 13 after cleaning)
Trial of Marriage,R. Lynn Archie (Goodreads Author),'B00AP5NQ4C,0054,Invalid Length (not 10 or 13 after cleaning)
Erotic The Door on the Left,Vonda Norwood (Goodreads Author),'B008NBGQ9W,0089,Invalid Length (not 10 or 13 after cleaning)
Surrender to Me,Monica James (Goodreads Author),,,Invalid Length (not 10 or 13 after cleaning)
Shocking Heaven,D.H. Sidebottom (Goodreads Author),'B00CKURM1I,001,Invalid Length (not 10 or 13 after cleaning)
Beautiful Broken Mess,Kimberly Lauren (Goodreads Author),'B00GLSBYYG,00,Invalid Length (not 10 or 13 after cleaning)
The Church,Byron Goines,'B00HV3AMNE,003,Invalid Length (not 10 or 13 after cleaning)
Changing Fate,Danielle Stewart (Goodreads Author),,,Invalid Length (not 10 or 13 after cleaning)
200 Golden Hadith,"Abdul Malik Mujahid, Darussalam",'B00EUF282O,00282,Invalid Length (not 10 or 13 after cleaning)
Sweet Danger,Cali MacKay (Goodreads Author),'B00INEW9UE,009,Invalid Length (not 10 or 13 after cleaning)
"Harold, Freddie, and Milo: (Children's book filled with adventure and frogs)","Rhonda Patton (Goodreads Author), Chester McDaniel (Illustrator)",'B00JPL6WVG,006,Invalid Length (not 10 or 13 after cleaning)
Fish and Chips,Erynn Mangum,'B005ERY6V8,00568,Invalid Length (not 10 or 13 after cleaning)
Fortitude,D.H. Sidebottom (Goodreads Author),'B00K4P35YO,00435,Invalid Length (not 10 or 13 after cleaning)
The Adventure of the Bruce-Partington Plans,Arthur Conan Doyle,'B00B0XHN88,00088,Invalid Length (not 10 or 13 after cleaning)
Beautiful Chances,Alicia Rae (Goodreads Author),'B00F31FRKO,0031,Invalid Length (not 10 or 13 after cleaning)
"With This Ring, I Thee Dread",Ruth Ann Nordin (Goodreads Author),'B0027CU162,0027162,Invalid Length (not 10 or 13 after cleaning)
Closer,Dannika Dark (Goodreads Author),'B00AK1IMXQ,001,Invalid Length (not 10 or 13 after cleaning)
The Vast and Brutal Sea,Zoraida Córdova (Goodreads Author),,,Invalid Length (not 10 or 13 after cleaning)
Forever Ours,Cassia Leo (Goodreads Author),'B00KKUGWH0,000,Invalid Length (not 10 or 13 after cleaning)
Promise Bound,Anne Greenwood Brown (Goodreads Author),'B00DXKJ5PU,005,Invalid Length (not 10 or 13 after cleaning)
The Komarovs,Chico Kidd (Goodreads Author),'B00EMFM0WK,000,Invalid Length (not 10 or 13 after cleaning)
A Proscriptive Relationship,Jordan Lynde (Goodreads Author),,,Invalid Length (not 10 or 13 after cleaning)
Ruin - Part Two,Deborah Bladon (Goodreads Author),'B00OJG202W,00202,Invalid Length (not 10 or 13 after cleaning)
Vacation (Fates Calling book 1),E.M. Leya (Goodreads Author),'B00F12GW9A,00129,Invalid Length (not 10 or 13 after cleaning)
The Silent History,"Eli Horowitz, Kevin Moffett, Matthew Derby",,,Invalid Length (not 10 or 13 after cleaning)
The Voice Bible: Step Into the Story of Scripture,Anonymous (Editor),'B007Y84ZU2,007842,Invalid Length (not 10 or 13 after cleaning)
The Story of Us,Lesley Jones (Goodreads Author),'B00IERA5RY,005,Invalid Length (not 10 or 13 after cleaning)
Im Land der Nachtschattenvögel,Katjana May,'B00JGS8GBW,008,Invalid Length (not 10 or 13 after cleaning)
As I Fall,Leilani Bennett,'B00JXCPHI6,006,Invalid Length (not 10 or 13 after cleaning)
In Love with a Master,Jason Luke,,,Invalid Length (not 10 or 13 after cleaning)
Ignite,L. Wilder (Goodreads Author),'B00PTR6IA0,0060,Invalid Length (not 10 or 13 after cleaning)
Cast in Flame,Michelle Sagara,,,Invalid Length (not 10 or 13 after cleaning)
100 Christian Quotes by 10 Great Christians,Duke Taber,'B00FLNBKY6,006,Invalid Length (not 10 or 13 after cleaning)
Red and Her Wolf,Marie Hall (Goodreads Author),'B009HKY0FA,0090,Invalid Length (not 10 or 13 after cleaning)
Queen of The Hill,Genevieve Jack (Goodreads Author),,,Invalid Length (not 10 or 13 after cleaning)
Pentimento,Cameron Jace (Goodreads Author),'B00HDOSGLQ,00,Invalid Length (not 10 or 13 after cleaning)
Jaden,Tijan (Goodreads Author),'B00K63YOWG,0063,Invalid Length (not 10 or 13 after cleaning)
Brunette Ambition,Lea Michele,,,Invalid Length (not 10 or 13 after cleaning)
La Mentira,Caridad Bravo Adams,'B001CMF2R6,00126,Invalid Length (not 10 or 13 after cleaning)
The Arrangement,Bethany-Kris (Goodreads Author),'B00YV1O32K,00132,Invalid Length (not 10 or 13 after cleaning)
Strange Love,JoLynne Valerie,,,Invalid Length (not 10 or 13 after cleaning)
Transference: An Out-of-Body Adventure/Thriller Novel,Jeff Fuell (Goodreads Author),'B00CI9LTLU,009,Invalid Length (not 10 or 13 after cleaning)
Beautiful Sacrifice,Jamie McGuire (Goodreads Author),'B00WFGUQ4W,004,Invalid Length (not 10 or 13 after cleaning)
Magic Beginnings,"Kayla Bashe (Goodreads Author), Ennis Rook Bashe",'B00DQ0B1EU,0001,Invalid Length (not 10 or 13 after cleaning)
Marcos Ramírez,Carlos Luis Fallas,,,Invalid Length (not 10 or 13 after cleaning)
"How Strong Are You, Little Wave?",Joyce Mitchell (Goodreads Author),'B00NBC3I2Q,0032,Invalid Length (not 10 or 13 after cleaning)
The Obituary,Ron Franscell (Goodreads Author),'B00TM3XPN0,0030,Invalid Length (not 10 or 13 after cleaning)
Consumed,Suzanne Wright (Goodreads Author),'B00QX0DGXE,000,Invalid Length (not 10 or 13 after cleaning)
Teenage Rewrite,Brandon Williams (Goodreads Author),'B007FJF58G,00758,Invalid Length (not 10 or 13 after cleaning)
If I Return,Sawyer Bennett (Goodreads Author),'B00G6N3IA4,00634,Invalid Length (not 10 or 13 after cleaning)
The Dogs of Balboa,Rose Christo,,,Invalid Length (not 10 or 13 after cleaning)
The Fighter,Kira Adams (Goodreads Author),'B00OGMF12A,0012,Invalid Length (not 10 or 13 after cleaning)
Stinger Stars,Paul A. Bussard (Goodreads Author),'B00GH34Q8G,00348,Invalid Length (not 10 or 13 after cleaning)
The Rockers' Babies,Terri Anne Browning,'B00JAFBTYC,00,Invalid Length (not 10 or 13 after cleaning)
The End of Olympus,Kate O'Hearn,,,Invalid Length (not 10 or 13 after cleaning)
Vincent,Sarah Brianne (Goodreads Author),'B00URQFXC2,002,Invalid Length (not 10 or 13 after cleaning)
Saven Deception,Siobhan Davis (Goodreads Author),,,Invalid Length (not 10 or 13 after cleaning)
Love Part 2,"Jasmine Rose, Lauren Jackson, TM Mendes",'B018J1OVRY,0181,Invalid Length (not 10 or 13 after cleaning)
For the Fallen,Mark Tufo (Goodreads Author),,,Invalid Length (not 10 or 13 after cleaning)
Sweet Madness,Ariana Godoy (Goodreads Author),,,Invalid Length (not 10 or 13 after cleaning)
Ynyr,M.K. Eidem (Goodreads Author),'B00SPHXS4K,004,Invalid Length (not 10 or 13 after cleaning)
Il ciclo di Retief vol.1,Keith Laumer,,,Invalid Length (not 10 or 13 after cleaning)
Animae - l'Intégrale,Roxane Dambre,'B00T2YBJ6O,0026,Invalid Length (not 10 or 13 after cleaning)
Lands of Ash,H.L. Burke (Goodreads Author),,,Invalid Length (not 10 or 13 after cleaning)
Stuck Between Two Millionaires,Jen A. Durand (Goodreads Author),'B01M9B6MV1,01961,Invalid Length (not 10 or 13 after cleaning)
Black-Naped Oriole in Hokkaido Snow,Leonard Seet (Goodreads Author),,,Invalid Length (not 10 or 13 after cleaning)
From Writer To Author: Prepare your Manuscript for Publication,"Anne Haw Holt, Jamie Holt Sherfy (Illustrator)",'B00B78JA9G,00789,Invalid Length (not 10 or 13 after cleaning)
Erevan (FICTION FRANCAISE (SC)),Gilbert Sinoué,'B005PKU4LU,0054,Invalid Length (not 10 or 13 after cleaning)
Ribsy,Beverly Cleary,,,Invalid Length (not 10 or 13 after cleaning)
Candidate,Rachel E. Carter (Goodreads Author),'B01786HSBM,01786,Invalid Length (not 10 or 13 after cleaning)
Coming Attractions,Robin Jones Gunn (Goodreads Author),,,Invalid Length (not 10 or 13 after cleaning)
Lily's Mistake,Pamela Ann (Goodreads Author),'B00BN19D4Y,00194,Invalid Length (not 10 or 13 after cleaning)
Trollbella Throws a Party: A Tale from the Land of Stories,Chris Colfer,,,Invalid Length (not 10 or 13 after cleaning)
The Programmed Man,"Jeff Sutton, Jean Sutton",,,Invalid Length (not 10 or 13 after cleaning)
The Mind Games,Lori Brighton,'B009BZFQ4U,0094,Invalid Length (not 10 or 13 after cleaning)
Licensed to Thrill Sampler,Diane Capri (Goodreads Author),'B00A6E2NKK,0062,Invalid Length (not 10 or 13 after cleaning)
Nobody Looks Good in Leather Pants (or bowties),Penny Reid (Goodreads Author),,,Invalid Length (not 10 or 13 after cleaning)
A Pressing Engagement,Anna Lee Huber (Goodreads Author),'B014EOUNZO,014,Invalid Length (not 10 or 13 after cleaning)
Rhapsodic,Laura Thalassa (Goodreads Author),'B01M4K3DUH,0143,Invalid Length (not 10 or 13 after cleaning)
Save Me,Logan Chance (Goodreads Author),'B071NDP51F,07151,Invalid Length (not 10 or 13 after cleaning)
Enlightened Ascent,Jen L. Grey (Goodreads Author),'B077RJM6D5,07765,Invalid Length (not 10 or 13 after cleaning)
BLACK LIVES MATTER: Is It Open Season On Killing and Mistreating Blacks In America?,Raymond Sturgis (Goodreads Author),'B017CVM92Q,01792,Invalid Length (not 10 or 13 after cleaning)
Three Blind Dates,Meghan Quinn (Goodreads Author),,,Invalid Length (not 10 or 13 after cleaning)
Mariposa capoeirista,"Lily Perozo, Isa Quintin (Goodreads Author) (Illustrator), Jessica Fermín (Editor)",'B078HDGDZH,078,Invalid Length (not 10 or 13 after cleaning)
The Anatomy of Jane,Amelia LeFay,,,Invalid Length (not 10 or 13 after cleaning)
Super Sons (2017-) #12,"Peter J. Tomasi, Patrick Gleason, Alejandro Sanchez (Illustrator), Tomeu Morey (Illustrator), Jorge Jimenez (Illustrator), Giuseppe Camuncoli (Illustrator), Adriano Lucas (Illustrator), Tyler Kirkham (Illustrator)",'B077FFWL7G,0777,Invalid Length (not 10 or 13 after cleaning)
Arbeit und Struktur,Wolfgang Herrndorf,'B00G0LD4C4,00044,Invalid Length (not 10 or 13 after cleaning)
"Green Smoothie Cleanse: 100% Natural Way To Burn 10 Pounds In Two Weeks, Easy Deliciouse Weight Loss Book",Violet Karma,'B00KGWI4XC,004,Invalid Length (not 10 or 13 after cleaning)
BodyWorld,Dash Shaw,,,Invalid Length (not 10 or 13 after cleaning)
The Springs: The Complete Series: Books 1-10,Elena Aitken (Goodreads Author),'B01G8ZW8GO,0188,Invalid Length (not 10 or 13 after cleaning)
Surrendered Dreams,Indumathi,'B00IF634BI,00634,Invalid Length (not 10 or 13 after cleaning)
Payment in Memories,Koon Woon (Goodreads Author),'B00X153Q8Y,001538,Invalid Length (not 10 or 13 after cleaning)
True Crime 2017: Homicide & True Crime Stories of 2017 (Annual True Crime Anthology),"Jack Rosewood, Rebecca Lo",'B078168JM1,0781681,Invalid Length (not 10 or 13 after cleaning)
Reap the Shadows,Annette Marie (Goodreads Author),'B012BVW81E,01281,Invalid Length (not 10 or 13 after cleaning)
Anno Dracula,Kim Newman,,,Invalid Length (not 10 or 13 after cleaning)
"Last of the Gladiators: A Memoir of Love, Redemption, and the Mob",James M. LaRossa Jr. (Goodreads Author),'B07X27GGNL,0727,Invalid Length (not 10 or 13 after cleaning)
La fille dans l'écran,"Manon Desveaux, Lou Lubie",'B07LGCRQWP,07,Invalid Length (not 10 or 13 after cleaning)
L'Ordre du jour,Éric Vuillard,'B071Y72K18,0717218,Invalid Length (not 10 or 13 after cleaning)
Cry Baby,David Jackson (Goodreads Author),'B00JOBTONK,00,Invalid Length (not 10 or 13 after cleaning)
"Stealing America: What My Experience with Criminal Gangs Taught Me about Obama, Hillary, and the Democratic Party",Dinesh D'Souza (Goodreads Author),'B00NVLNZ2K,002,Invalid Length (not 10 or 13 after cleaning)
"A Girl's Guide to Personal Hygiene: True Stories, Illustrated",Tallulah Pomeroy,'B071LC1N2R,07112,Invalid Length (not 10 or 13 after cleaning)
Accidental Leigh,Melanie James (Goodreads Author),,,Invalid Length (not 10 or 13 after cleaning)
Retribution,"Jason Anspach (Goodreads Author), Nick Cole (Goodreads Author)",'B07GNGLDWM,07,Invalid Length (not 10 or 13 after cleaning)
Haunted Warriors,Lian Tanner (Goodreads Author),'B07TLB2C2S,0722,Invalid Length (not 10 or 13 after cleaning)
Columbus Day,"Craig Alanson (Goodreads Author), R.C. Bray (Narrator)",'B01N48VJFJ,0148,Invalid Length (not 10 or 13 after cleaning)
Do You Dare?,Lylah James (Goodreads Author),,,Invalid Length (not 10 or 13 after cleaning)
Fragments,Ramona Meisel,,,Invalid Length (not 10 or 13 after cleaning)
Return,A.J. Messenger (Goodreads Author),'B07KNZKSYY,07,Invalid Length (not 10 or 13 after cleaning)
Fake Halo,Piper Lennox (Goodreads Author),'B08GBK58C8,08588,Invalid Length (not 10 or 13 after cleaning)
Descended by Blood,Angeline Kace (Goodreads Author),,,Invalid Length (not 10 or 13 after cleaning)
Angel in the Storm,Lisa Grace (Goodreads Author),'B005944PEE,005944,Invalid Length (not 10 or 13 after cleaning)
Dusan,Poppet,'B005064ODI,005064,Invalid Length (not 10 or 13 after cleaning)
The Woman He Loved Before,Dorothy Koomson (Goodreads Author),'B004P3T3FG,00433,Invalid Length (not 10 or 13 after cleaning)
Wicked Werewolf Passion,Lisa Renee Jones (Goodreads Author),,,Invalid Length (not 10 or 13 after cleaning)
Malavita,Tonino Benacquista,,,Invalid Length (not 10 or 13 after cleaning)
Big Girls Do It Wilder,Jasinda Wilder (Goodreads Author),'B009EAV4V6,00946,Invalid Length (not 10 or 13 after cleaning)
The Complete Short Stories of W. Somerset Maugham: The World Over (Vol. 2 of 2),W. Somerset Maugham,,,Invalid Length (not 10 or 13 after cleaning)
Game For Love,Bella Andre (Goodreads Author),'B004G8QZ6U,00486,Invalid Length (not 10 or 13 after cleaning)
Forever Bound,Cynthia Eden (Goodreads Author),'B008NVWDNK,008,Invalid Length (not 10 or 13 after cleaning)
Plan B: A Nick Heller Story,Joseph Finder (Goodreads Author),'B004ZF432C,004432,Invalid Length (not 10 or 13 after cleaning)
Facebook breaks up marriages.lol,Vonda Norwood (Goodreads Author),,,Invalid Length (not 10 or 13 after cleaning)
Creation and Destruction (Sun and Moon 3 & 4),Elizabeth Paradise (Goodreads Author),'B00DANVE5E,005,Invalid Length (not 10 or 13 after cleaning)
Unbeautifully Loved,Emma Grayson (Goodreads Author),'B00CIJYPX4,004,Invalid Length (not 10 or 13 after cleaning)
The John Green eSampler,John Green (Goodreads Author),'B006G5SFA0,00650,Invalid Length (not 10 or 13 after cleaning)
Nowhere Feels Like Home,L.K. Gardner-Griffie (Goodreads Author),'B0030ILXT6,00306,Invalid Length (not 10 or 13 after cleaning)
Click to Subscribe,L.M. Augustine (Goodreads Author),,,Invalid Length (not 10 or 13 after cleaning)
Carousel Tides,Sharon Lee,,,Invalid Length (not 10 or 13 after cleaning)
Café y Martinis,Helena Moran-Hayes (Goodreads Author),'B0060Z2R4G,006024,Invalid Length (not 10 or 13 after cleaning)
Ace's Key (Bad Boys 'N Bars #1),Abbie St. Claire (Goodreads Author),'B00IGGZZRS,00,Invalid Length (not 10 or 13 after cleaning)
5 Days FREE of Depression Anxiety and Panic Attacks,Rhonda Patton (Goodreads Author),,,Invalid Length (not 10 or 13 after cleaning)
Confessions of an English Opium Eater,"Thomas De Quincey, Barry Milligan (Editor)",,,Invalid Length (not 10 or 13 after cleaning)
Insomnia,J.R. Johansson (Goodreads Author),,,Invalid Length (not 10 or 13 after cleaning)
The Rise of the Forty-seven Percent,Byron Goines,'B00JJBF2ZE,002,Invalid Length (not 10 or 13 after cleaning)
Spartacus: The Gods Demand Sacrifice,Robert Southworth (Goodreads Author),'B00ELRU1O8,0018,Invalid Length (not 10 or 13 after cleaning)
Epiphany,Ashley Suzanne (Goodreads Author),'B00JW4RP6W,0046,Invalid Length (not 10 or 13 after cleaning)
Bleed For Me,Cynthia Eden (Goodreads Author),'B008TU8DV6,00886,Invalid Length (not 10 or 13 after cleaning)
Bold Tricks,Karina Halle (Goodreads Author),'B00DG8ZYA4,0084,Invalid Length (not 10 or 13 after cleaning)
Twisted,Amity Hope (Goodreads Author),'B0086AI70G,008670,Invalid Length (not 10 or 13 after cleaning)
"The Masks of God, Volume 2: Oriental Mythology",Joseph Campbell,,,Invalid Length (not 10 or 13 after cleaning)
Abandon,Cassia Leo (Goodreads Author),,,Invalid Length (not 10 or 13 after cleaning)
Engraved,Karina Cooper (Goodreads Author),'B00L7NTY38,00738,Invalid Length (not 10 or 13 after cleaning)
Ti Amo,Sienna Mynx,'B00ANBHN4W,004,Invalid Length (not 10 or 13 after cleaning)
Uncontrollable,Shantel Tessier (Goodreads Author),'B00L82ZVYE,0082,Invalid Length (not 10 or 13 after cleaning)
Deep Desires,Charlotte Stein (Goodreads Author),,,Invalid Length (not 10 or 13 after cleaning)
Mister Johnson,Joyce Cary,,,Invalid Length (not 10 or 13 after cleaning)
Solo,Deborah Bladon (Goodreads Author),'B00OD3L996,003996,Invalid Length (not 10 or 13 after cleaning)
Trusting Trent,E.M. Leya (Goodreads Author),'B00BALT7KM,007,Invalid Length (not 10 or 13 after cleaning)
Heaven: Biblical Answers to Common Questions,Randy Alcorn (Goodreads Author),'B000S1LX5C,00015,Invalid Length (not 10 or 13 after cleaning)
Haunted House,Jack Kilborn,,,Invalid Length (not 10 or 13 after cleaning)
Destroy Me,Laura Bailey (Goodreads Author),'B00ISB5346,005346,Invalid Length (not 10 or 13 after cleaning)
Für Elise,Magda Szabó,,,Invalid Length (not 10 or 13 after cleaning)
Her Master's Teacher,Lily White (Goodreads Author),'B00NVXNG8Q,008,Invalid Length (not 10 or 13 after cleaning)
Red,Kim Jones (Goodreads Author),,,Invalid Length (not 10 or 13 after cleaning)
Dreamwalker,Allyson James (Goodreads Author),'B017AK0YF8,01708,Invalid Length (not 10 or 13 after cleaning)
Blindfolded Innocence,Alessandra Torre (Goodreads Author),'B00F12H08M,001208,Invalid Length (not 10 or 13 after cleaning)
The Prewrath Rapture,Chris White (Goodreads Author),'B00FH3X7KU,0037,Invalid Length (not 10 or 13 after cleaning)
Daughter of Aphrodite,C.M. Owens (Goodreads Author),,,Invalid Length (not 10 or 13 after cleaning)
A Hustler's Promise 2,Jackie Chanel (Goodreads Author),'B007OH0QM4,00704,Invalid Length (not 10 or 13 after cleaning)
Brady Remington Landed Me in Jail,Tijan (Goodreads Author),'B008XP6652,0086652,Invalid Length (not 10 or 13 after cleaning)
A Gentleman Never Tells,Jerrica Knight-Catania (Goodreads Author),'B006VWSKJO,006,Invalid Length (not 10 or 13 after cleaning)
"The Making of AJAY-""Every Man""-RELOADED-,A Time Will Reveal Novel (Time Will Reveal-RELOADED Book 8)",Black Coffee,'B00LVIL0UY,000,Invalid Length (not 10 or 13 after cleaning)
Baby V,Tara Oakes (Goodreads Author),'B00Q7TWVAK,007,Invalid Length (not 10 or 13 after cleaning)
Sacrifice,Eve Newton (Goodreads Author),'B00MNYA8U8,0088,Invalid Length (not 10 or 13 after cleaning)
Natural Body Detox: How To Naturally Cleanse And Detox Your Body,Laura Serio,'B00W848D00,0084800,Invalid Length (not 10 or 13 after cleaning)
Trailerpark,Russell Banks,,,Invalid Length (not 10 or 13 after cleaning)
WAR - Horseman of the Apocalypse (Love Blooms Eternal): A Fantasy Romance Adventure Novel,Jeff Fuell (Goodreads Author),'B008SC4VJI,0084,Invalid Length (not 10 or 13 after cleaning)
Button Goes to Hollywood,Joyce Mitchell (Goodreads Author),,,Invalid Length (not 10 or 13 after cleaning)
Taste of Torment,Suzanne Wright (Goodreads Author),'B00I5B5MIG,0055,Invalid Length (not 10 or 13 after cleaning)
Don't Hate the Player...Hate the Game,Katie Ashley (Goodreads Author),'B00CLDLIPA,00,Invalid Length (not 10 or 13 after cleaning)
Confessions of a Litigation God,Sawyer Bennett (Goodreads Author),'B00KEH29T4,00294,Invalid Length (not 10 or 13 after cleaning)
"Shogun, Part 1",James Clavell,,,Invalid Length (not 10 or 13 after cleaning)
His,Jenika Snow (Goodreads Author),'B00LK3FQJG,003,Invalid Length (not 10 or 13 after cleaning)
Love Part 1,"Jasmine Rose, TM Mendes, Lauren Jackson",'B018J17Z1S,018171,Invalid Length (not 10 or 13 after cleaning)
Cassandra's Challenge,M.K. Eidem (Goodreads Author),,,Invalid Length (not 10 or 13 after cleaning)
Granted,Corrien Killmer (Goodreads Author),'B00DT54NXS,0054,Invalid Length (not 10 or 13 after cleaning)
"Agosto, moglie mia non ti conosco. Un'intricata vicenda di donne bellissime, dongiovanni impenitenti, cinture di castità e palombari","Achille Campanile, Enzo Siciliano (Introduction)",,,Invalid Length (not 10 or 13 after cleaning)
The Prince's Heart,Jen A. Durand (Goodreads Author),'B01H2OJ7UA,0127,Invalid Length (not 10 or 13 after cleaning)
The Ipswich Bus,"Robbie Franklin, Bernie Rochester (Illustrator), Mandy Rig(Foreword)",'B01AQ8ARYY,018,Invalid Length (not 10 or 13 after cleaning)
A Primal Wisdom: Nature's Unifcation of Cooperation and Competition,V. Frank Asaro,'B0161Z7QEA,01617,Invalid Length (not 10 or 13 after cleaning)
Capture Me: The Complete Trilogy,"Anna Zaires (Goodreads Author), Dima Zales (Goodreads Author)",,,Invalid Length (not 10 or 13 after cleaning)
When Marnie Was There,Joan G. Robinson,,,Invalid Length (not 10 or 13 after cleaning)
Football Betting: How To Increase Your Chances Of Winning,Francis Okumu,'B01C8QA9JA,0189,Invalid Length (not 10 or 13 after cleaning)
Killer,J.L. Beck (Goodreads Author),'B00XSBXWDK,00,Invalid Length (not 10 or 13 after cleaning)
Why Me?,Aleta L. Williams (Goodreads Author),'B00BU67NY4,00674,Invalid Length (not 10 or 13 after cleaning)
"The Devil in the White City: Murder, Magic, and Madness at the Fair That Changed America (Book Summary)",NOT A BOOK,'B016E57BYM,01657,Invalid Length (not 10 or 13 after cleaning)
Licked,Brooke Blaine,'B017UPRQWC,017,Invalid Length (not 10 or 13 after cleaning)
Kat in Zombieland,Gena Showalter (Goodreads Author),,,Invalid Length (not 10 or 13 after cleaning)
Twisted Wolf,Perry Perrett (Goodreads Author),'B00AZ00ZJG,0000,Invalid Length (not 10 or 13 after cleaning)
Deliver Her,Patricia Perry Donovan (Goodreads Author),'B0176BJYQ6,01766,Invalid Length (not 10 or 13 after cleaning)
A Seven-Letter Word,Kim Slater,'B015D17DWS,01517,Invalid Length (not 10 or 13 after cleaning)
Study Me,Logan Chance (Goodreads Author),'B06XGWDHPS,06,Invalid Length (not 10 or 13 after cleaning)
Escape From Samsara: A Dark Comedy Fantasy Adventure,Nicky Blue (Goodreads Author),,,Invalid Length (not 10 or 13 after cleaning)
A Grave Talent,Laurie R. King (Goodreads Author),,,Invalid Length (not 10 or 13 after cleaning)
A Steel Heart,Amie Knight (Goodreads Author),'B0778F7BCC,07787,Invalid Length (not 10 or 13 after cleaning)
Wenn der Sommer stirbt,"C.L. Wilson (Goodreads Author), Anita Nirschl (Translator)",'B00PY1MIIC,001,Invalid Length (not 10 or 13 after cleaning)
P.S. from Paris,"Marc Levy (Goodreads Author), Sam Taylor (Translator)",'B01NAFSI7P,017,Invalid Length (not 10 or 13 after cleaning)
Surviving Suicide,Anna Akana,,,Invalid Length (not 10 or 13 after cleaning)
The Painted Heart,Elsa Holland (Goodreads Author),,,Invalid Length (not 10 or 13 after cleaning)
Mariposa capoeirista,"Lily Perozo, Isa Quintin (Goodreads Author) (Ilustrador), Jessica Fermín Murray",'B079WR8XLV,0798,Invalid Length (not 10 or 13 after cleaning)
The Anatomy of Us,Amelia LeFay,,,Invalid Length (not 10 or 13 after cleaning)
Super Sons (2017-) #14,"Peter J. Tomasi, Alejandro Sanchez (Illustrator), Protobúnker (Illustrator), Jorge Jimenez (Illustrator), Art Thibert (Illustrator), Carlo Barberi (Illustrator)",'B0798564PJ,0798564,Invalid Length (not 10 or 13 after cleaning)
Eternal Entity,Annalee Adams (Goodreads Author),'B079KC1NRQ,0791,Invalid Length (not 10 or 13 after cleaning)
Mountain Men of Castle Lodge: The Complete Series #1-6,Elena Aitken (Goodreads Author),'B0784JKYKB,0784,Invalid Length (not 10 or 13 after cleaning)
The Four Legendary Kingdoms,Matthew Reilly,'B01DBBZY7I,017,Invalid Length (not 10 or 13 after cleaning)
The God of the Old Testament Is Not the Father of Jesus,Rodolfo Martin Vitangcol (Goodreads Author),'B07MC6D8PL,0768,Invalid Length (not 10 or 13 after cleaning)
Somebody Else's Sky,Jessica Hawkins (Goodreads Author),,,Invalid Length (not 10 or 13 after cleaning)
Midnight Sky,McKenzie Hunter (Goodreads Author),,,Invalid Length (not 10 or 13 after cleaning)
The Miracle Morning: The Not-So-Obvious Secret Guaranteed to Transform Your Life: Before 8AM,Hal Elrod (Goodreads Author),'B00AKKS278,00278,Invalid Length (not 10 or 13 after cleaning)
Намедни. Наша эра. 1971-1980,Леонид Парфёнов,,,Invalid Length (not 10 or 13 after cleaning)
Gospel Principles,The Church of Jesus Christ of Latter-day Saints,,,Invalid Length (not 10 or 13 after cleaning)
He Found An Invisible Boy,Divyansh Mishra DM (Goodreads Author),'B07SRLNH4M,074,Invalid Length (not 10 or 13 after cleaning)
Harley Merlin and the Secret Coven,Bella Forrest (Goodreads Author),'B07DNGRZF7,077,Invalid Length (not 10 or 13 after cleaning)
Wait,A.L. Jackson (Goodreads Author),'B01KUC6LB4,0164,Invalid Length (not 10 or 13 after cleaning)
The Prydain Chronicles (The Chronicles of Prydain #1-6),Lloyd Alexander,'B0006DBJOC,0006,Invalid Length (not 10 or 13 after cleaning)
Attack of Shadows,"Jason Anspach (Goodreads Author), Nick Cole (Goodreads Author)",'B07541JBYS,07541,Invalid Length (not 10 or 13 after cleaning)
The Secret of the Sealed Room: A Mystery of Young Ben Franklin,Bailey MacDonald,'B003UYURW4,0034,Invalid Length (not 10 or 13 after cleaning)
Two Monsters and Me - Everybody gets Angry: A Fun Picture Children’s Book about Anger Management. (Emotions & Feelings),George Nesty (Goodreads Author),'B087N2JR17,087217,Invalid Length (not 10 or 13 after cleaning)
Before the Thaw (The Third Thaw Book 2),Karl J. Hanson,'B081QW3FMY,0813,Invalid Length (not 10 or 13 after cleaning)
Guided by Divine Love: An Inspiring True Story of a Young Man's Journey Out of the Darkness of Oppression and Discovery of the Inner Light That Was There All Along,David K. Haaland,'B00KQUL1H0,0010,Invalid Length (not 10 or 13 after cleaning)
Rosie the Honey Bear Fairy,Daisy Meadows,'B00B1TJHHG,001,Invalid Length (not 10 or 13 after cleaning)
Alice's Nightmare in Wonderland,"Jonathan Green (Goodreads Author), Kevin Crossley (Illustrator)",'B019WRMF7M,0197,Invalid Length (not 10 or 13 after cleaning)
Gathering Gloom,Martin Shannon (Goodreads Author),,,Invalid Length (not 10 or 13 after cleaning)
Digital Minimalism: Choosing a Focused Life in a Noisy World,Cal Newport,'B07DBRBP7G,077,Invalid Length (not 10 or 13 after cleaning)
Tales,Ramona Meisel,,,Invalid Length (not 10 or 13 after cleaning)
Mirrorshades: The Cyberpunk Anthology,"Bruce Sterling (Editor), William Gibson, Paul Di Filippo, Lewis Shiner, Tom Maddox, Pat Cadigan (Goodreads Author), Rudy Rucker, Marc Laidlaw (Goodreads Author), more…",,,Invalid Length (not 10 or 13 after cleaning)
Angel in the Ice,Lisa Grace (Goodreads Author),'B007Y29VE8,007298,Invalid Length (not 10 or 13 after cleaning)
Snake Skin,C.J. Lyons (Goodreads Author),,,Invalid Length (not 10 or 13 after cleaning)
Big Girls Do It on Top,Jasinda Wilder (Goodreads Author),'B009O5J0NA,00950,Invalid Length (not 10 or 13 after cleaning)
Guardian of the Moon Pendant (Highland Secrets),Laura J. Williams (Goodreads Author),'B008P30FV8,008308,Invalid Length (not 10 or 13 after cleaning)
The Eternal Husband and Other Stories,"Fyodor Dostoyevsky, Richard Pevear (Translator, Introduction), Larissa Volokhonsky (Translator)",,,Invalid Length (not 10 or 13 after cleaning)
Mickey Mouse and the Great Lot Plot,Walt Disney Company,,,Invalid Length (not 10 or 13 after cleaning)
Mobster's Girl,Amy Rachiele (Goodreads Author),'B008BNF0R6,00806,Invalid Length (not 10 or 13 after cleaning)
In the End,Edward M. Wolfe (Goodreads Author),'B00C4H20C8,004208,Invalid Length (not 10 or 13 after cleaning)
Ever,Jessa Russo (Goodreads Author),'B00EV1DEES,001,Invalid Length (not 10 or 13 after cleaning)
An Antiquity Calais Christmas - How the Liberator Saved Christmas!,Jim Henry (Goodreads Author),'B00AQ8I2N8,00828,Invalid Length (not 10 or 13 after cleaning)
Indie Authors Make Better Lovers,Vonda Norwood (Goodreads Author),,,Invalid Length (not 10 or 13 after cleaning)
無慈悲なオトコ [Mujihi na Otoko],Mei Sakuraga,,,Invalid Length (not 10 or 13 after cleaning)
The Children in The Shadows,Stuart S. Laing (Goodreads Author),'B00CBELIZE,00,Invalid Length (not 10 or 13 after cleaning)
The Missing Mechanical Mouse,A.W. Exley (Goodreads Author),,,Invalid Length (not 10 or 13 after cleaning)
Zero Sight,B. Justin Shier (Goodreads Author),'B004UB2WME,0042,Invalid Length (not 10 or 13 after cleaning)
Two Roads,L.M. Augustine (Goodreads Author),'B00ES2GFCS,002,Invalid Length (not 10 or 13 after cleaning)
Spice God,C.L. Stone (Goodreads Author),'B00E4WFF0A,0040,Invalid Length (not 10 or 13 after cleaning)
The Courage To Love,Christina Tetreault (Goodreads Author),'B00IQVA7XK,007,Invalid Length (not 10 or 13 after cleaning)
With Me,Gabbie S. Duran (Goodreads Author),,,Invalid Length (not 10 or 13 after cleaning)
Imposter,Karen Fenech (Goodreads Author),,,Invalid Length (not 10 or 13 after cleaning)
The Church and The Tithe Debate,Byron Goines,'B00JJFEC06,0006,Invalid Length (not 10 or 13 after cleaning)
Wrath of the Furies,Robert Southworth (Goodreads Author),'B00I86M6AK,00866,Invalid Length (not 10 or 13 after cleaning)
Toxic: Logan's Story,K.A. Robinson (Goodreads Author),'B00JPNZ56W,0056,Invalid Length (not 10 or 13 after cleaning)
Sherlock Holmes - The Adventure of the Abbey Grange,Arthur Conan Doyle,'B002HRETDI,002,Invalid Length (not 10 or 13 after cleaning)
Forever Viper,Sammie J. (Goodreads Author),'B00KYC5SY2,0052,Invalid Length (not 10 or 13 after cleaning)
Little Conversations,Sibylla Matilde (Goodreads Author),'B00F4KX0SA,0040,Invalid Length (not 10 or 13 after cleaning)
Every Patient Tells a Story: Medical Mysteries and the Art of Diagnosis,Lisa Sanders,'B002JRQM72,00272,Invalid Length (not 10 or 13 after cleaning)
Laughing Winds,Rose Christo,'B009LF1EO6,00916,Invalid Length (not 10 or 13 after cleaning)
Redemption in Love,Nadia Lee (Goodreads Author),'B00I54CPVA,0054,Invalid Length (not 10 or 13 after cleaning)
Embryo,J.A. Schneider (Goodreads Author),'B0081CUVIU,0081,Invalid Length (not 10 or 13 after cleaning)
Transmuted,Karina Cooper (Goodreads Author),'B00MTGFAAS,00,Invalid Length (not 10 or 13 after cleaning)
Unbearable,Shantel Tessier (Goodreads Author),,,Invalid Length (not 10 or 13 after cleaning)
Les Mille et Une Nuits Volume 1-12,"Anonymous, Antoine Galland (Translator)",'B00IY182NY,00182,Invalid Length (not 10 or 13 after cleaning)
Alpha Games Volume 1,Terry Bolryder,'B00NOCNC3I,003,Invalid Length (not 10 or 13 after cleaning)
Castle Hill,Samantha Young (Goodreads Author),'B00FKERXXS,00,Invalid Length (not 10 or 13 after cleaning)
Coming Home,E.M. Leya (Goodreads Author),'B00B1Z02NS,00102,Invalid Length (not 10 or 13 after cleaning)
As I Breathe,Leilani Bennett,'B00HE619TE,00619,Invalid Length (not 10 or 13 after cleaning)
The Rocker Who Shatters Me,Terri Anne Browning,'B00PUQMLGK,00,Invalid Length (not 10 or 13 after cleaning)
Daughter of Asteria,C.M. Owens (Goodreads Author),'B00FOX8R2G,0082,Invalid Length (not 10 or 13 after cleaning)
Iris,R.K. Lilley (Goodreads Author),,,Invalid Length (not 10 or 13 after cleaning)
The Billionaire's Obsession ~ Simon,J.S. Scott (Goodreads Author),,,Invalid Length (not 10 or 13 after cleaning)
Emma,Ashley Merrick,'B00OJCC440,00440,Invalid Length (not 10 or 13 after cleaning)
Training Season,Leta Blake (Goodreads Author),,,Invalid Length (not 10 or 13 after cleaning)
Otherwise Alone,Shay Savage (Goodreads Author),,,Invalid Length (not 10 or 13 after cleaning)
"A Christmas Memory, One Christmas, & The Thanksgiving Visitor",Truman Capote,,,Invalid Length (not 10 or 13 after cleaning)
Boss,Tara Oakes (Goodreads Author),'B00RUMJXD6,006,Invalid Length (not 10 or 13 after cleaning)
The Life,Bethany-Kris (Goodreads Author),'B00MDWT0BI,000,Invalid Length (not 10 or 13 after cleaning)
Burned,Tara Sivec (Goodreads Author),,,Invalid Length (not 10 or 13 after cleaning)
Betrayal,Eve Newton (Goodreads Author),,,Invalid Length (not 10 or 13 after cleaning)
Gib mir meinen Stern zurück,Amanda Frost (Goodreads Author),'B00CH9QJA2,0092,Invalid Length (not 10 or 13 after cleaning)
Pretty Shade of Grey,A.D. Truax (Goodreads Author),,,Invalid Length (not 10 or 13 after cleaning)
Serenity's Heart,"Kathy Jean Bagley, Joyce Mitchell (Goodreads Author), Vinil Raj (Illustrator)",'B008AEDORY,008,Invalid Length (not 10 or 13 after cleaning)
The Bite That Binds,Suzanne Wright (Goodreads Author),'B00B8EUW9Q,0089,Invalid Length (not 10 or 13 after cleaning)
The Other Guy,Cary Attwell (Goodreads Author),'B009XWXBK2,0092,Invalid Length (not 10 or 13 after cleaning)
Against All Odds,Kira Adams (Goodreads Author),'B00ROCZ6Y2,0062,Invalid Length (not 10 or 13 after cleaning)
The Rocker That Loves Me,Terri Anne Browning,'B00FIOQXFY,00,Invalid Length (not 10 or 13 after cleaning)
George Müller of Bristol,Arthur Tappan Pierson,'B003H4RA2W,00342,Invalid Length (not 10 or 13 after cleaning)
Nearly Found,Elle Cosimano (Goodreads Author),'B00O2BS4WE,0024,Invalid Length (not 10 or 13 after cleaning)
Get Happy!: 7 Secrets to Creating the Life You Want,Elizabeth C. Bruce (Goodreads Author),'B01DJDBB8Y,018,Invalid Length (not 10 or 13 after cleaning)
Highlander Unchained,Donna Fletcher (Goodreads Author),'B009DIU4EW,0094,Invalid Length (not 10 or 13 after cleaning)
Bitch Planet #6,"Kelly Sue DeConnick (Goodreads Author), Valentine De Landro (Illustrator), Taki Soma (Illustrator)",'B01A02HYGU,0102,Invalid Length (not 10 or 13 after cleaning)
Give Me Perfect Love,Paige P. Horne (Goodreads Author),'B019926BVQ,019926,Invalid Length (not 10 or 13 after cleaning)
Play Hard,"V.K. Sykes, Juliana Stone (Goodreads Author), Jennifer Lyon (Goodreads Author)",'B00DVMHY1W,001,Invalid Length (not 10 or 13 after cleaning)
Wicked Meets Bad Boy (Lipstick Diaries Book 2),Jen A. Durand (Goodreads Author),'B01KBP0KN0,0100,Invalid Length (not 10 or 13 after cleaning)
Twist Me: The Complete Trilogy,"Anna Zaires (Goodreads Author), Dima Zales (Goodreads Author)",,,Invalid Length (not 10 or 13 after cleaning)
Mirror in the Sky,Aditi Khorana (Goodreads Author),'B0177AGQJY,0177,Invalid Length (not 10 or 13 after cleaning)
Bully Me,C.E. Starkweather,'B00J5RO7PS,0057,Invalid Length (not 10 or 13 after cleaning)
Democrats and Dissenters,Ramachandra Guha,'B01L21VCZC,0121,Invalid Length (not 10 or 13 after cleaning)
We're All Damaged,Matthew Norman,,,Invalid Length (not 10 or 13 after cleaning)
Date Me,Logan Chance (Goodreads Author),'B01N51VMZ2,01512,Invalid Length (not 10 or 13 after cleaning)
The Mixed World in a Kingdom,"Philomene Koya, Henriette Ngardena, Justin Mongosso",'B078YWYX7J,0787,Invalid Length (not 10 or 13 after cleaning)
Unveiled,"Jodi Ellen Malpas (Goodreads Author), Julien Michel",,,Invalid Length (not 10 or 13 after cleaning)
See Through Heart,Amie Knight (Goodreads Author),'B01MRGEXU5,015,Invalid Length (not 10 or 13 after cleaning)
Caught in a Web,Joseph Lewis (Goodreads Author),'B07CKF7696,077696,Invalid Length (not 10 or 13 after cleaning)
North Sea Hunters,Brad Harmer-Barnes (Goodreads Author),'B073J11K8K,073118,Invalid Length (not 10 or 13 after cleaning)
Gunpowder Soup,Karl Wiggins (Goodreads Author),'B07CXJJG3L,073,Invalid Length (not 10 or 13 after cleaning)
Uncle's Dream,Fyodor Dostoyevsky,,,Invalid Length (not 10 or 13 after cleaning)
En un beso la vida,"Isabel Acuña, Nadia Salamanca (Illustrator), Vivian Stusser (Editor)",'B072L7FJMH,0727,Invalid Length (not 10 or 13 after cleaning)
Super Sons #9,"Peter J. Tomasi, Alejandro Sanchez (Illustrator), Ivan Plascencia (Illustrator), Ivam Plascencia (Illustrator), Jorge Jimenez (Illustrator), Carmine Di Giandomenico (Illustrator)",'B074KNFG8Y,0748,Invalid Length (not 10 or 13 after cleaning)
Healthy Breakfast Recipes: Kick Out Your Boring Diet Today (Healthy Recipes),"Violet Karma, CoBlaze (Illustrator)",'B00K0CRNK8,0008,Invalid Length (not 10 or 13 after cleaning)
Angel's Wolf,Nalini Singh (Goodreads Author),'B00A7YYZPU,007,Invalid Length (not 10 or 13 after cleaning)
"The Seasons, Vol 2: The Springs Box Set",Elena Aitken (Goodreads Author),'B00UIEMFV0,000,Invalid Length (not 10 or 13 after cleaning)
True Crime Stories Volume 10: 12 Shocking True Crime Murder Cases (True Crime Anthology),Jack Rosewood,'B07C1F1PHN,0711,Invalid Length (not 10 or 13 after cleaning)
Wild,Colet Abedi (Goodreads Author),,,Invalid Length (not 10 or 13 after cleaning)
Scar Island,Dan Gemeinhart (Goodreads Author),'B01H4RAN3A,0143,Invalid Length (not 10 or 13 after cleaning)
Move the Stars,Jessica Hawkins (Goodreads Author),'B0716XXJJZ,0716,Invalid Length (not 10 or 13 after cleaning)
Let's Get Textual,Teagan Hunter (Goodreads Author),'B075FTWFG7,0757,Invalid Length (not 10 or 13 after cleaning)
Darkness Unleashed,McKenzie Hunter (Goodreads Author),'B07BVWR479,07479,Invalid Length (not 10 or 13 after cleaning)
Pulse,Ratana Satis,,,Invalid Length (not 10 or 13 after cleaning)
Drowning to Breathe,A.L. Jackson (Goodreads Author),'B0158V0DBQ,01580,Invalid Length (not 10 or 13 after cleaning)
Galactic Outlaws,"Jason Anspach (Goodreads Author), Nick Cole (Goodreads Author)",'B072SHG4TG,0724,Invalid Length (not 10 or 13 after cleaning)
The Mystery of Thomas Thormes,Davide Deidda,'B0818BXF66,081866,Invalid Length (not 10 or 13 after cleaning)
A Journey of Dragons,Scott Robert Ladd (Goodreads Author),'B00VBSP3KW,003,Invalid Length (not 10 or 13 after cleaning)
Buck Rogers in the 25th Century (Fotonovel),"Glen A. Larson, Leslie Stevens",,,Invalid Length (not 10 or 13 after cleaning)
A Spring Harvest,Geoffrey Bache Smith,'B00U48ZMNI,0048,Invalid Length (not 10 or 13 after cleaning)
My One and Only,Alanea Alder (Goodreads Author),'B079TJBSD1,0791,Invalid Length (not 10 or 13 after cleaning)
The FreeCapitalist Project PRIMER,C. Rick Koerber,,,Invalid Length (not 10 or 13 after cleaning)
Saffy's Angel,"Hilary McKay, Ann Sullivan (Designed by)",,,Invalid Length (not 10 or 13 after cleaning)
Noitien hovi,Anu Holopainen (Goodreads Author),,,Invalid Length (not 10 or 13 after cleaning)
Making a Diamond,Sandi Layne (Goodreads Author),,,Invalid Length (not 10 or 13 after cleaning)
The Love of an Italian Dragon,L'Poni Baldwin (Goodreads Author),'B008E2SKMG,0082,Invalid Length (not 10 or 13 after cleaning)
"The Lion, the Lamb, the Hunted",Andrew E. Kaufman (Goodreads Author),'B00AEESN60,0060,Invalid Length (not 10 or 13 after cleaning)
Big Girls Do It Married,Jasinda Wilder (Goodreads Author),'B00A88K82Y,008882,Invalid Length (not 10 or 13 after cleaning)
The stranger in my life,"Janet Holt, Helen Parker",'B008V0NJ9U,00809,Invalid Length (not 10 or 13 after cleaning)
Hell on Ice,Edward M. Wolfe (Goodreads Author),'B00D5GHH98,00598,Invalid Length (not 10 or 13 after cleaning)
The Willows,"Krystal McLaughlin (Goodreads Author), Krystal George",,,Invalid Length (not 10 or 13 after cleaning)
Star Lovers,Jim Henry (Goodreads Author),'B00AP68GQ4,00684,Invalid Length (not 10 or 13 after cleaning)
Untraceable,S.R. Johannes (Goodreads Author),'B0069Z9A74,0069974,Invalid Length (not 10 or 13 after cleaning)
Secrets,Jordan Castillo Price (Goodreads Author),'B001BRD238,001238,Invalid Length (not 10 or 13 after cleaning)
Damaged Girls II,Janice G. Ross (Goodreads Author),'B00CC3HX6W,0036,Invalid Length (not 10 or 13 after cleaning)
Falling for the Backup,Toni Aleo (Goodreads Author),'B00CVS2KH0,0020,Invalid Length (not 10 or 13 after cleaning)
A Pound of Flesh,Stuart S. Laing (Goodreads Author),'B007B2SG74,007274,Invalid Length (not 10 or 13 after cleaning)
Just Breathe,Rachel Brookes (Goodreads Author),'B00DRTDDNC,00,Invalid Length (not 10 or 13 after cleaning)
Therapy from the Quran and Hadith,"ابن كثير, Ibn Kathir",'B00DB4RWB2,0042,Invalid Length (not 10 or 13 after cleaning)
Pierced Love,T.H. Snyder (Goodreads Author),,,Invalid Length (not 10 or 13 after cleaning)
Blue Creek Bachelor,Joanne Hill (Goodreads Author),,,Invalid Length (not 10 or 13 after cleaning)
The Last of the Wise Lovers,"Amnon Jackont (Goodreads Author), Mark Weinstein (Translator)",'B00FYVMAAS,00,Invalid Length (not 10 or 13 after cleaning)
Sex Love Repeat,Alessandra Torre (Goodreads Author),,,Invalid Length (not 10 or 13 after cleaning)
The Perfect Pair: The Enchanted Mirror,"David C. Holroyd (Goodreads Author), Tracy J. Holroyd (Goodreads Author), William Roache (Foreword)",'B00FYVKWUI,00,Invalid Length (not 10 or 13 after cleaning)
The Cullens: Vampire Origins of Iordanus from The Cullens Series,Blaine Hislop,'B00D50N6NA,00506,Invalid Length (not 10 or 13 after cleaning)
The Alchemy Press Book of Urban Mythic,"Jan Edwards (Goodreads Author) (editor), Jenny Barber (editor), Anne Nicholls (contributor), Ian Whates (contributor), James Brogden (Goodreads Author) (contributor), Joyce Chng, (contributor), Zen Cho (Goodreads Author) (contributor), Adrian Tchaikovsky (Goodreads Author) (Contributor), more…",,,Invalid Length (not 10 or 13 after cleaning)
Seeds of Iniquity,J.A. Redmerski (Goodreads Author),'B00O2FZHW0,0020,Invalid Length (not 10 or 13 after cleaning)
Undescribable,Shantel Tessier (Goodreads Author),,,Invalid Length (not 10 or 13 after cleaning)
Sinful Desires: Vol. II,M.S. Parker (Goodreads Author),'B00O6F04YW,00604,Invalid Length (not 10 or 13 after cleaning)
"The Bully Pulpit: Theodore Roosevelt, William Howard Taft, and the Golden Age of Journalism",Doris Kearns Goodwin,,,Invalid Length (not 10 or 13 after cleaning)
As I Fade,Leilani Bennett,'B00F70L99O,007099,Invalid Length (not 10 or 13 after cleaning)
Nightcrawlers,Charles Addams,,,Invalid Length (not 10 or 13 after cleaning)
The Rocker Who Cherishes Me,Terri Anne Browning,'B00OY44DL0,00440,Invalid Length (not 10 or 13 after cleaning)
Daughter of Kaos,C.M. Owens (Goodreads Author),'B00G82TY7E,00827,Invalid Length (not 10 or 13 after cleaning)
The Cursed,Laura Thalassa (Goodreads Author),'B00KYVS0O8,0008,Invalid Length (not 10 or 13 after cleaning)
Fallen Crest Alternative Version,Tijan (Goodreads Author),'B00IZM5MDK,005,Invalid Length (not 10 or 13 after cleaning)
The Klaus Brothers Boxed Set,Penny Watson (Goodreads Author),'B00PKP7QWA,007,Invalid Length (not 10 or 13 after cleaning)
Beautiful Chaos,Robert M. Drake,,,Invalid Length (not 10 or 13 after cleaning)
Shot Through the Heart,C.J. Bishop,'B00VQNGK90,0090,Invalid Length (not 10 or 13 after cleaning)
The Secret,E. Jamie (Goodreads Author),'B00LXGRT9A,009,Invalid Length (not 10 or 13 after cleaning)
Dragon's Lair,Chantal Fernando (Goodreads Author),'B00KC8Q522,008522,Invalid Length (not 10 or 13 after cleaning)
Essential Oils For Beginners: Ultimate Guide To Aromatherapy And Essential Oils For Healing,Laura Serio,'B00VXX1LJM,001,Invalid Length (not 10 or 13 after cleaning)
Always and Forever,Harper Bentley (Goodreads Author),,,Invalid Length (not 10 or 13 after cleaning)
বাংলাদেশের কিংবদন্তী,শামসুল ইসলাম,,,Invalid Length (not 10 or 13 after cleaning)
Always and Forever,Harper Bentley (Goodreads Author),,,Invalid Length (not 10 or 13 after cleaning)
বাংলাদেশের কিংবদন্তী,শামসুল ইসলাম,,,Invalid Length (not 10 or 13 after cleaning)
Writing Scary Scenes,Rayne Hall,'B008IEJTSE,008,Invalid Length (not 10 or 13 after cleaning)
The Game Changer,L.M. Trio (Goodreads Author),'B00BCCFLZE,00,Invalid Length (not 10 or 13 after cleaning)
The Rocker That Holds Her,Terri Anne Browning,'B00GOJ9K2U,0092,Invalid Length (not 10 or 13 after cleaning)
The Seahorse Legacy,Serena Chase (Goodreads Author),'B00KI1K1VE,0011,Invalid Length (not 10 or 13 after cleaning)
Beautifully Broken,Kira Adams (Goodreads Author),'B00KTDGLTW,00,Invalid Length (not 10 or 13 after cleaning)
Die Unendlichkeit schläft,Melanie Meier,'B00O84Q7UG,00847,Invalid Length (not 10 or 13 after cleaning)
How to Fight a Dragon’s Fury,Cressida Cowell,'B00TOT9LB2,0092,Invalid Length (not 10 or 13 after cleaning)
Conviction,D.H. Sidebottom (Goodreads Author),'B00XZDHJSK,00,Invalid Length (not 10 or 13 after cleaning)
Garrett,Sawyer Bennett (Goodreads Author),'B00MZWA6KA,006,Invalid Length (not 10 or 13 after cleaning)
Cold Sun: Obsession,Jen A. Durand (Goodreads Author),'B01JWP75RE,0175,Invalid Length (not 10 or 13 after cleaning)
She Bites,"Roger Arsht, Caitlin Hawker",'B015MYB9P8,01598,Invalid Length (not 10 or 13 after cleaning)
More Than Anything,T.T. Kove (Goodreads Author),'B00NB4CLCW,004,Invalid Length (not 10 or 13 after cleaning)
Capture Me & Bind Me,"Anna Zaires (Goodreads Author), Dima Zales (Goodreads Author)",'B01DJZ5HP0,0150,Invalid Length (not 10 or 13 after cleaning)
A Calendar of Tales,Neil Gaiman (Goodreads Author),,,Invalid Length (not 10 or 13 after cleaning)
If My Pussy Could Talk,Tamika Smith,'B009ZOZLA6,0096,Invalid Length (not 10 or 13 after cleaning)
Reclaiming the Sand,A. Meredith Walters (Goodreads Author),,,Invalid Length (not 10 or 13 after cleaning)
The Christmas Fix,Lucy Score (Goodreads Author),,,Invalid Length (not 10 or 13 after cleaning)
Love and Werewolves,Cate Farren,'B078HPRJS7,0787,Invalid Length (not 10 or 13 after cleaning)
The Protector,Jodi Ellen Malpas (Goodreads Author),'B018GWS45G,01845,Invalid Length (not 10 or 13 after cleaning)
The Line,Amie Knight (Goodreads Author),'B072395NPR,072395,Invalid Length (not 10 or 13 after cleaning)
The Shadow Prince,Bree Despain (Goodreads Author),'B00F8EYFHW,008,Invalid Length (not 10 or 13 after cleaning)
The Sisters of St. Croix,Diney Costeloe (Goodreads Author),'B00YC8989A,008989,Invalid Length (not 10 or 13 after cleaning)
Alexander & Rebecca,Marianne Knightly (Goodreads Author),'B00S4D0PDW,0040,Invalid Length (not 10 or 13 after cleaning)
Super Sons (2017-) #13,"Peter J. Tomasi, Alejandro Sanchez (Illustrator), Gabe Eltaeb (Illustrator), Giuseppe Camuncoli (Illustrator), Adriano Lucas (Illustrator), Art Thibert (Illustrator), Carlo Barberi (Illustrator)",'B0788F4NHV,07884,Invalid Length (not 10 or 13 after cleaning)
Please Don't Tell My Parents I Have A Nemesis,Richard Roberts (Goodreads Author),'B071SJ27PC,07127,Invalid Length (not 10 or 13 after cleaning)
Shameless,"M. Malone (Goodreads Author), Nana Malone (Goodreads Author)",'B0728BXRF5,07285,Invalid Length (not 10 or 13 after cleaning)
True Crime Stories Volume 9: 12 Shocking True Crime Murder Cases (True Crime Anthology),Jack Rosewood,'B078X3MMLJ,0783,Invalid Length (not 10 or 13 after cleaning)
How to Wine With Your Boss & 6 Other Tips To Fast Track Your Career,Tiffany Yarde (Goodreads Author),'B07DVMJCPG,07,Invalid Length (not 10 or 13 after cleaning)
Lake + Manning,Jessica Hawkins (Goodreads Author),,,Invalid Length (not 10 or 13 after cleaning)
Waiting for the Punchline,Natasha West (Goodreads Author),'B0733W83XM,073383,Invalid Length (not 10 or 13 after cleaning)
Erimentha Parker's To Do List: A Bullying Story,RuGranger (Goodreads Author),'B075CF5RJR,0755,Invalid Length (not 10 or 13 after cleaning)
Angels at My Fingertips,Lorna Byrne (Goodreads Author),'B01KTS4XOQ,014,Invalid Length (not 10 or 13 after cleaning)
Как стать авантюристом? Размышления миллионера,"Геннадий Балашов, Полина Кудиевская",,,Invalid Length (not 10 or 13 after cleaning)
Beyond Reason,Autumn Jones Lake (Goodreads Author),'B075FFZSG2,0752,Invalid Length (not 10 or 13 after cleaning)
Man-The Dwelling Place of God,A.W. Tozer,'B07SWH9YF8,0798,Invalid Length (not 10 or 13 after cleaning)
Resistance Is Futile!: How the Trump-Hating Left Lost Its Collective Mind,Ann Coulter,'B07BJMNZC1,071,Invalid Length (not 10 or 13 after cleaning)
Santa's Little Helper,Ronald Destra (Goodreads Author),'B01N2X8JGY,0128,Invalid Length (not 10 or 13 after cleaning)
"The Key to Skandos: A tale of adventure, love and magic",William A. Prater (Goodreads Author),'B00P17AFH0,00170,Invalid Length (not 10 or 13 after cleaning)
Daddy's Disease: Helping Children Understand Alcoholism,Carolyn Bell,'B00K7EZ2J8,00728,Invalid Length (not 10 or 13 after cleaning)
Defiant Queen,Meghan March (Goodreads Author),'B075Y9SSS6,07596,Invalid Length (not 10 or 13 after cleaning)
Grip,Kennedy Ryan (Goodreads Author),,,Invalid Length (not 10 or 13 after cleaning)
Mr. Masters,T.L. Swan (Goodreads Author),'B07DBSDZ1S,071,Invalid Length (not 10 or 13 after cleaning)
My Warrior,Alanea Alder (Goodreads Author),'B08CZ6K76G,08676,Invalid Length (not 10 or 13 after cleaning)
Dangerous Kiss,Jackie Collins,,,Invalid Length (not 10 or 13 after cleaning)
Escaped,Trinity Blacio (Goodreads Author),'B00403NSXO,00403,Invalid Length (not 10 or 13 after cleaning)
Veiled Eyes,C.L. Bevill (Goodreads Author),'B0042P5DA6,004256,Invalid Length (not 10 or 13 after cleaning)
"Moe Kare!!, Vol. 01",Gō Ikeyamada,,,Invalid Length (not 10 or 13 after cleaning)
The Contract,Jae Lynne Davies (Goodreads Author),'B00BHJ7R8Q,0078,Invalid Length (not 10 or 13 after cleaning)
Beautiful Demons,Sarra Cannon (Goodreads Author),,,Invalid Length (not 10 or 13 after cleaning)
"Deeply, Desperately",Heather Webber (Goodreads Author),,,Invalid Length (not 10 or 13 after cleaning)
Another Faust,"Daniel Nayeri, Dina Nayeri, Katherine Kellgren (Narrator)",,,Invalid Length (not 10 or 13 after cleaning)
A Sexy Journey,Jasinda Wilder (Goodreads Author),'B009B11BKW,00911,Invalid Length (not 10 or 13 after cleaning)
Sleep Stalkers,Jacki O'Dierno,'B007USZ640,007640,Invalid Length (not 10 or 13 after cleaning)
Softly at Sunrise,Maya Banks (Goodreads Author),'B0085N6I4Q,008564,Invalid Length (not 10 or 13 after cleaning)
Second Chance,"Heather Brewer (Goodreads Author), Z Brewer",'B007FEFJD2,0072,Invalid Length (not 10 or 13 after cleaning)
DC Comics Presents: Wonder Woman #1,"Eric Luke, Yanick Paquette (Illustrator), Doug Hazlewood (Illustrator), Bob McLeod (Goodreads Author) (Illustrator), Trish Mulvihill (Illustrator)",,,Invalid Length (not 10 or 13 after cleaning)
"Through Whose Eyes: Rise, Child of God",Jacqueline Rainey,,,Invalid Length (not 10 or 13 after cleaning)
Empty Net,Toni Aleo (Goodreads Author),'B00BSW7PRA,007,Invalid Length (not 10 or 13 after cleaning)
A Capital Crime,Stuart S. Laing (Goodreads Author),'B009MZW9GM,0099,Invalid Length (not 10 or 13 after cleaning)
Thread of Death,Jennifer Estep (Goodreads Author),,,Invalid Length (not 10 or 13 after cleaning)
Bad Guys Get Caught,Marie Astor (Goodreads Author),'B00FD6RBJ4,0064,Invalid Length (not 10 or 13 after cleaning)
Effortless With You,Lizzy Charles (Goodreads Author),,,Invalid Length (not 10 or 13 after cleaning)
Claws,Ricky Sides (Goodreads Author),'B004I6D68A,004668,Invalid Length (not 10 or 13 after cleaning)
After the Fire,J.L. Murray (Goodreads Author),,,Invalid Length (not 10 or 13 after cleaning)
Suddenly a Bride,Ruth Ann Nordin (Goodreads Author),,,Invalid Length (not 10 or 13 after cleaning)
Cursed,S.J. West (Goodreads Author),,,Invalid Length (not 10 or 13 after cleaning)
Rare and Precious Things,Raine Miller (Goodreads Author),'B00HERLSLC,00,Invalid Length (not 10 or 13 after cleaning)
The Ex Games,"J.S. Cooper (Goodreads Author), Helen Cooper (Goodreads Author)",'B00HJ70K2U,00702,Invalid Length (not 10 or 13 after cleaning)
Watch over Me,Tara Sivec (Goodreads Author),'B00CYNXC1K,001,Invalid Length (not 10 or 13 after cleaning)
The Atopia Chronicles,Matthew Mather (Goodreads Author),'B00DUK1RKY,001,Invalid Length (not 10 or 13 after cleaning)
Sinful Desires: Vol. III,M.S. Parker (Goodreads Author),'B00OEYC5LK,005,Invalid Length (not 10 or 13 after cleaning)
All the Pretty Lies,Michelle Leighton (Goodreads Author),'B00GM78F5C,00785,Invalid Length (not 10 or 13 after cleaning)
Love Plus One,E.M. Leya (Goodreads Author),'B0080XNF74,008074,Invalid Length (not 10 or 13 after cleaning)
Lie Next to Me,Sandi Lynn (Goodreads Author),'B00HLOZAGC,00,Invalid Length (not 10 or 13 after cleaning)
Against the Wall,Julie Prestsater (Goodreads Author),'B007WFK47U,00747,Invalid Length (not 10 or 13 after cleaning)
Mononoke (manga),Yaeko Ninagawa,,,Invalid Length (not 10 or 13 after cleaning)
A Witch's Handbook of Kisses and Curses,Molly Harper (Goodreads Author),'B00A6CL51U,00651,Invalid Length (not 10 or 13 after cleaning)
Alani's Hustle Gets Bigger,Kai Storm (Goodreads Author),'B008R3HH3K,00833,Invalid Length (not 10 or 13 after cleaning)
The Score,Bethany-Kris (Goodreads Author),,,Invalid Length (not 10 or 13 after cleaning)
Untouchable,Lindsay Delagair (Goodreads Author),'B005FCDU3W,0053,Invalid Length (not 10 or 13 after cleaning)
Love...Under Different Skies,Nick Spalding (Goodreads Author),'B00AJP25QS,0025,Invalid Length (not 10 or 13 after cleaning)
Wynter's War,K.R. Thompson,'B00VXP4VOC,004,Invalid Length (not 10 or 13 after cleaning)
Network Mapping And Network Scanning,Renee B. Williams,'B00T72LNCG,0072,Invalid Length (not 10 or 13 after cleaning)
Exitus - Der Deal,Lena Sander,'B00QK82LDK,0082,Invalid Length (not 10 or 13 after cleaning)
Bigger Than the Sky,Harper Bentley (Goodreads Author),'B00O2A09GY,00209,Invalid Length (not 10 or 13 after cleaning)
Into the Darkness,Kira Adams (Goodreads Author),'B00PLZRL7E,007,Invalid Length (not 10 or 13 after cleaning)
Saving Abel,Gina Whitney (Goodreads Author),,,Invalid Length (not 10 or 13 after cleaning)
La Ville des serpents d'eau,Brigitte Aubert,'B009B0ZLCC,0090,Invalid Length (not 10 or 13 after cleaning)
Double Feature: The Game Plan & Double Dare,R.L. Mathewson (Goodreads Author),'B00WOC5G1K,0051,Invalid Length (not 10 or 13 after cleaning)
Space Cruiser Musashi,Dean Chalmers,'B01DLHCVQE,01,Invalid Length (not 10 or 13 after cleaning)
There's No Crying in Rock-n-Roll,Sasha Marshall (Goodreads Author),,,Invalid Length (not 10 or 13 after cleaning)
Sisters in Love,Melissa Foster (Goodreads Author),,,Invalid Length (not 10 or 13 after cleaning)
Closing The Deal,Jen A. Durand (Goodreads Author),'B01LWW85VJ,0185,Invalid Length (not 10 or 13 after cleaning)
Its All Over,Yolanda Tayler,'B01E3ZXY6O,0136,Invalid Length (not 10 or 13 after cleaning)
Aaron's Story,Mason Dodd (Goodreads Author),'B00CZC6T2Y,0062,Invalid Length (not 10 or 13 after cleaning)
Ouija: The Devil's Doorway,Stephen E. Crockett (Goodreads Author),'B01MRQZJFO,01,Invalid Length (not 10 or 13 after cleaning)
The Secret Life of a Witch,Jessica Sorensen (Goodreads Author),'B01N0D9HZA,0109,Invalid Length (not 10 or 13 after cleaning)
King Series Bundle: The Four Book Set,T.M. Frazier (Goodreads Author),'B01KB7P7UO,0177,Invalid Length (not 10 or 13 after cleaning)
Desperately Seeking Epic,B.N. Toler (Goodreads Author),,,Invalid Length (not 10 or 13 after cleaning)
Prehistoric Life: The Definitive Visual History of Life on Earth,David Burnie,,,Invalid Length (not 10 or 13 after cleaning)
I Am Her Revenge,Meredith Moore,'B00KWG64J8,00648,Invalid Length (not 10 or 13 after cleaning)
So Much More,Kim Holden (Goodreads Author),'B01C8TH9CW,0189,Invalid Length (not 10 or 13 after cleaning)
Pimpernel,Sheralyn Pratt (Goodreads Author),'B019DPEL0W,0190,Invalid Length (not 10 or 13 after cleaning)
The Art of Hiding,Amanda Prowse,'B01NCX8IGH,018,Invalid Length (not 10 or 13 after cleaning)
Archer,Haley Jenner (Goodreads Author),,,Invalid Length (not 10 or 13 after cleaning)
The Battlemage,Taran Matharu (Goodreads Author),'B01KT7EYU0,0170,Invalid Length (not 10 or 13 after cleaning)
Bournemouth Boys and Boscombe Girls,"Danny Winter, Karl Wiggins (Goodreads Author)",'B078HFRJ3T,0783,Invalid Length (not 10 or 13 after cleaning)
"Attack on Titan, Vol. 12",Hajime Isayama,,,Invalid Length (not 10 or 13 after cleaning)
P.S. I Hate You,Winter Renshaw (Goodreads Author),'B07C9DMH49,07949,Invalid Length (not 10 or 13 after cleaning)
The Dragon King and I,Adrianne Brooks (Goodreads Author),'B00FR3ZCG2,0032,Invalid Length (not 10 or 13 after cleaning)
"Onyx Webb: Book One: Episodes 1, 2, 3","Richard Fenton (Goodreads Author), Andrea Waltz (Goodreads Author)",,,Invalid Length (not 10 or 13 after cleaning)
Super Sons #10,"Peter J. Tomasi, Scott Hanna (Illustrator), Alejandro Sanchez (Illustrator), Jorge Jimenez (Illustrator), Hi-Fi (Illustrator)",'B075KMS6LY,0756,Invalid Length (not 10 or 13 after cleaning)
The Stone Summit Trilogy: Books 1-3,Elena Aitken (Goodreads Author),'B015QEPKA4,0154,Invalid Length (not 10 or 13 after cleaning)
Please Don't Tell My Parents You Believe Her,Richard Roberts (Goodreads Author),'B07C29767D,0729767,Invalid Length (not 10 or 13 after cleaning)
"True Crime Stories: 10 Heinous True Crime Stories Of Sickly Serial Killers, Murderers And Sociopaths (True Crime Stories, True Crime, Serial Killers, Serial Killers True Crime, Cold Cases True Crime)",Travis S. Kennedy,'B012A8BCDS,0128,Invalid Length (not 10 or 13 after cleaning)
Life After Death: A Romance Suspense,T.J. Graham (Goodreads Author),'B07DPW3Y2H,0732,Invalid Length (not 10 or 13 after cleaning)
The A to Z of Girlfriends,Natasha West (Goodreads Author),'B07L6JNRR1,0761,Invalid Length (not 10 or 13 after cleaning)
Don’t Tell Teacher,Suzy K. Quinn (Goodreads Author),'B07FXN4K14,07414,Invalid Length (not 10 or 13 after cleaning)
Moon Cursed,McKenzie Hunter (Goodreads Author),,,Invalid Length (not 10 or 13 after cleaning)
The Harbors of the Sun,Martha Wells (Goodreads Author),'B01M7WV00Y,01700,Invalid Length (not 10 or 13 after cleaning)
Sunflower Alley,Ava Miles (Goodreads Author),'B07XQJC5TL,075,Invalid Length (not 10 or 13 after cleaning)
One Empire Night,Autumn Jones Lake (Goodreads Author),'B078GQTJQ4,0784,Invalid Length (not 10 or 13 after cleaning)
In Trump We Trust: E Pluribus Awesome!,Ann Coulter,'B01FEQHVLA,01,Invalid Length (not 10 or 13 after cleaning)
The Zoo,"Ronald Destra (Goodreads Author), Juanita Destra, Renald Destra",'B078WB79DC,07879,Invalid Length (not 10 or 13 after cleaning)
Black Souls: She had erased her past only to discover it was all a lie.,Sabina Gabrielli Carrara (Goodreads Author),'B082B788LL,082788,Invalid Length (not 10 or 13 after cleaning)
Pi in the Sky,Wendy Mass (Goodreads Author),,,Invalid Length (not 10 or 13 after cleaning)
Heart Bones,Colleen Hoover (Goodreads Author),'B084HNWBD6,0846,Invalid Length (not 10 or 13 after cleaning)
Still,Kennedy Ryan (Goodreads Author),,,Invalid Length (not 10 or 13 after cleaning)
Focus,Alyssa Rose Ivy (Goodreads Author),,,Invalid Length (not 10 or 13 after cleaning)
On a Tuesday,Whitney G. (Goodreads Author),'B075R5Q9K1,075591,Invalid Length (not 10 or 13 after cleaning)
My Defender,Alanea Alder (Goodreads Author),'B01N18RZXY,0118,Invalid Length (not 10 or 13 after cleaning)
Lord Perfect,Loretta Chase,,,Invalid Length (not 10 or 13 after cleaning)
The Touch of Sage,Marcia Lynn McClure (Goodreads Author),,,Invalid Length (not 10 or 13 after cleaning)
"Love★Com, Vol. 3",Aya Nakahara,,,Invalid Length (not 10 or 13 after cleaning)
Abandoned,Trinity Blacio (Goodreads Author),'B0048EKIS8,00488,Invalid Length (not 10 or 13 after cleaning)
"Moe Kare!!, Vol. 02",Gō Ikeyamada,,,Invalid Length (not 10 or 13 after cleaning)
Naked Shorts: Steal Me / Captured to Breed / The Wrong Suitor,Tina Folsom (Goodreads Author),'B003Q6CXYQ,0036,Invalid Length (not 10 or 13 after cleaning)
Be Not Content- A Subterranean Journal,William J. Craddock,,,Invalid Length (not 10 or 13 after cleaning)
La Vita Sexy,Jasinda Wilder (Goodreads Author),'B009MD66JK,00966,Invalid Length (not 10 or 13 after cleaning)
The Complete Uncollected Stories,J.D. Salinger,,,Invalid Length (not 10 or 13 after cleaning)
Enjoying the Chase,Kirsty Moseley (Goodreads Author),,,Invalid Length (not 10 or 13 after cleaning)
Trying to Score,Toni Aleo (Goodreads Author),'B00BSW7PU2,0072,Invalid Length (not 10 or 13 after cleaning)
The Death of Innocence,Stuart S. Laing (Goodreads Author),'B008N9L1TY,00891,Invalid Length (not 10 or 13 after cleaning)
If You Leave,Courtney Cole (Goodreads Author),'B00DG8ZY68,00868,Invalid Length (not 10 or 13 after cleaning)
Deep Down,Lee Child (Goodreads Author),'B008DVVLYW,008,Invalid Length (not 10 or 13 after cleaning)
Rock n Roll Promises,AmBear Shellea (Goodreads Author),'B00DXMMSTI,00,Invalid Length (not 10 or 13 after cleaning)
Truly,Ruthie Knox (Goodreads Author),,,Invalid Length (not 10 or 13 after cleaning)
After Dark,M. Pierce (Goodreads Author),,,Invalid Length (not 10 or 13 after cleaning)
Shiv Crew,Laken Cane (Goodreads Author),,,Invalid Length (not 10 or 13 after cleaning)
Pestilence,Victor Methos (Goodreads Author),'B00EHKMVSI,00,Invalid Length (not 10 or 13 after cleaning)
Mirage,Ashley Suzanne (Goodreads Author),'B00ESL6T52,00652,Invalid Length (not 10 or 13 after cleaning)
The Judge,E.M. Leya (Goodreads Author),'B008C8BS5I,00885,Invalid Length (not 10 or 13 after cleaning)
Prepare for War,Jamie Lewis,,,Invalid Length (not 10 or 13 after cleaning)
The Last Hunter: Collected Edition,Jeremy Robinson (Goodreads Author),'B00H5B82UC,00582,Invalid Length (not 10 or 13 after cleaning)
Killing Sam Knight,John Cassian (Goodreads Author),'B00II5HHB4,0054,Invalid Length (not 10 or 13 after cleaning)
Smolder,L. Wilder (Goodreads Author),'B00NE5T1ZI,0051,Invalid Length (not 10 or 13 after cleaning)
Sing,C.D. Reiss (Goodreads Author),'B00FOAJ2H8,0028,Invalid Length (not 10 or 13 after cleaning)
Sincere's Rise Out The Hood,Ms. Venom,'B00RSYCZJA,00,Invalid Length (not 10 or 13 after cleaning)
Broken and Screwed 2,Tijan (Goodreads Author),'B00EUSAW3S,003,Invalid Length (not 10 or 13 after cleaning)
Beginners Guide On PHP Programming: Quick And Easy Guide To Learn PHP With My-SQL,James P. Long,'B00TUHRH0A,000,Invalid Length (not 10 or 13 after cleaning)
Queen of the Clueless,Mina V. Esguerra (Goodreads Author),,,Invalid Length (not 10 or 13 after cleaning)
رأيهم في الإسلام,"فيليب كاردينال, لوك باربولسكو",,,Invalid Length (not 10 or 13 after cleaning)
Black: Part 1,Kelly Harper (Goodreads Author),'B00TCYJLNW,00,Invalid Length (not 10 or 13 after cleaning)
Snowman's 'Noggin and Neck' Award,Joyce Mitchell (Goodreads Author),'B00GZ4WKRQ,004,Invalid Length (not 10 or 13 after cleaning)
Writing About Villains,Rayne Hall,'B00BWYEGX0,000,Invalid Length (not 10 or 13 after cleaning)
My Forever,Kira Adams (Goodreads Author),'B00KF4TK6Q,0046,Invalid Length (not 10 or 13 after cleaning)
Oliver's Hunger,Tina Folsom (Goodreads Author),'B00BW6TYU8,0068,Invalid Length (not 10 or 13 after cleaning)
Undocumented Immigrants,Byron Goines,'B00SSXHVK8,008,Invalid Length (not 10 or 13 after cleaning)
Walking Back to Georgia: Guitar Face Series Book 3,"Sasha Marshall (Goodreads Author), Meghan Glass (Editor)",'B00ZD6T89U,00689,Invalid Length (not 10 or 13 after cleaning)
Everything Stolen,Sophia Scarlet (Goodreads Author),,,Invalid Length (not 10 or 13 after cleaning)
The Defiled and the Second Son,B.J. Leonard (Goodreads Author),'B01FGGQXK8,018,Invalid Length (not 10 or 13 after cleaning)
Pick Your Poison,Lauren Child,'B00W0RN5WG,0005,Invalid Length (not 10 or 13 after cleaning)
Braden's Story,Mason Dodd (Goodreads Author),'B00PFHHBOG,00,Invalid Length (not 10 or 13 after cleaning)
Mimic,C.L. Denault (Goodreads Author),'B07PFWZLT2,072,Invalid Length (not 10 or 13 after cleaning)
Lawless & Soulless,T.M. Frazier (Goodreads Author),'B01FOIRTZQ,01,Invalid Length (not 10 or 13 after cleaning)
Best Quail Breeds: 10 Types Of Quail Breeds That Are Good Layers And Are Best To Keep For Their Meat,Francis Okumu,'B01GJYFHVW,01,Invalid Length (not 10 or 13 after cleaning)
The Weight of Feathers,Anna-Marie McLemore (Goodreads Author),'B00SFFPUP2,002,Invalid Length (not 10 or 13 after cleaning)
The Way Back to You,"Michelle Andreani (Goodreads Author), Mindi Scott (Goodreads Author)",,,Invalid Length (not 10 or 13 after cleaning)
Summary of Crazy Little Thing: by Tracy Brogan | Includes Analysis,NOT A BOOK,'B071NX7CQ1,07171,Invalid Length (not 10 or 13 after cleaning)
The Fire Between High & Lo,Brittainy C. Cherry (Goodreads Author),'B01D7ESSGS,017,Invalid Length (not 10 or 13 after cleaning)
Suspicion,Alexandra Monir (Goodreads Author),'B00JCS7COI,007,Invalid Length (not 10 or 13 after cleaning)
Better Than Revenge,"TheFlamingPopsicle, Alexandria Michelle",,,Invalid Length (not 10 or 13 after cleaning)
Super Sons #11,"Peter J. Tomasi, Patrick Gleason, Alejandro Sanchez (Illustrator), Gabe Eltaeb (Illustrator), Jorge Jimenez (Illustrator), Francis Manapul (Illustrator), Richard Friend (Illustrator), Ryan Benjamin (Illustrator)",'B076DSC6FX,0766,Invalid Length (not 10 or 13 after cleaning)
Satan's Harvest,"Ed Warren, Lorraine Warren, Michael Lasalandra, Mark Merenda",'B00O6E7JB4,00674,Invalid Length (not 10 or 13 after cleaning)
Shot to Pieces,Michael O'Keefe (Goodreads Author),'B01J24UODM,0124,Invalid Length (not 10 or 13 after cleaning)
Holiday Gifts,Elena Aitken (Goodreads Author),,,Invalid Length (not 10 or 13 after cleaning)
All About You,Joanna Mazurkiewicz (Goodreads Author),'B00IVLLKB8,008,Invalid Length (not 10 or 13 after cleaning)
Let's All Be Brave: Living Life with Everything You Have,Annie F. Downs (Goodreads Author),'B00GRYXORE,00,Invalid Length (not 10 or 13 after cleaning)
The Housemate,C.L. Pattison,'B07G18HX7G,07187,Invalid Length (not 10 or 13 after cleaning)
Midnight Falls,McKenzie Hunter (Goodreads Author),,,Invalid Length (not 10 or 13 after cleaning)
After Burn,Autumn Jones Lake (Goodreads Author),,,Invalid Length (not 10 or 13 after cleaning)
Breathe for Me,Natalie Anderson (Goodreads Author),,,Invalid Length (not 10 or 13 after cleaning)
Winnie: The Beginning,Trudi Tolani,'B08BP8X5DG,0885,Invalid Length (not 10 or 13 after cleaning)
Our Way,T.L. Swan (Goodreads Author),'B08DM6QYYH,086,Invalid Length (not 10 or 13 after cleaning)
The Great Passage,"Shion Miura, Juliet Winters Carpenter (Translator)",'B01MAVRCW8,018,Invalid Length (not 10 or 13 after cleaning)
My Guardian,Alanea Alder (Goodreads Author),'B01DI3IRDC,013,Invalid Length (not 10 or 13 after cleaning)
The Vanishing Half,Brit Bennett (Goodreads Author),,,Invalid Length (not 10 or 13 after cleaning)
Mr. Impossible,Loretta Chase,,,Invalid Length (not 10 or 13 after cleaning)
The Ragazzi,"Pier Paolo Pasolini, Fabrizio Gifuni (Reader)",,,Invalid Length (not 10 or 13 after cleaning)
Divine Evil,Nora Roberts (Goodreads Author),,,Invalid Length (not 10 or 13 after cleaning)
"Moe Kare!!, Vol. 03",Gō Ikeyamada,,,Invalid Length (not 10 or 13 after cleaning)
So Over You,Gwen Hayes,'B003JBI0QS,0030,Invalid Length (not 10 or 13 after cleaning)
Vampire Shift,Tim O'Rourke (Goodreads Author),'B0057Q23DO,005723,Invalid Length (not 10 or 13 after cleaning)
Snow White Blood Red,Cameron Jace (Goodreads Author),'B0087HI44W,008744,Invalid Length (not 10 or 13 after cleaning)
Magic Graves,"Jeaniene Frost (Goodreads Author), Ilona Andrews (Goodreads Author)",'B005KSRURS,005,Invalid Length (not 10 or 13 after cleaning)
Sexy Surrender,Jasinda Wilder (Goodreads Author),'B009TEX3WK,0093,Invalid Length (not 10 or 13 after cleaning)
The Last Chapter,Knut Hamsun,,,Invalid Length (not 10 or 13 after cleaning)
Ronald Reagan: How an Ordinary Man Became an Extraordinary Leader,Dinesh D'Souza (Goodreads Author),,,Invalid Length (not 10 or 13 after cleaning)
Second Son,Lee Child (Goodreads Author),,,Invalid Length (not 10 or 13 after cleaning)
The N Days,John Murray McKay (Goodreads Author),'B00GVECIKO,00,Invalid Length (not 10 or 13 after cleaning)
Lissa: Sugar and Spice,Sandra Marton (Goodreads Author),'B00IOU4J7S,0047,Invalid Length (not 10 or 13 after cleaning)
Between the Devil and the Deep Blue Sea,J.L. Murray (Goodreads Author),'B0073998MC,0073998,Invalid Length (not 10 or 13 after cleaning)
The Ripple Effect,J.A. Saare (Goodreads Author),'B008RADKY8,0088,Invalid Length (not 10 or 13 after cleaning)
Skin Deep,Pamela Clare (Goodreads Author),'B0083V22YK,008322,Invalid Length (not 10 or 13 after cleaning)
Eye of the Storm,M. Stratton (Goodreads Author),'B00IJF4E2I,0042,Invalid Length (not 10 or 13 after cleaning)
Evangeline,Alexia Purdy (Goodreads Author),'B008ZHE2NQ,0082,Invalid Length (not 10 or 13 after cleaning)
Sinful Desires: Vol. I,M.S. Parker (Goodreads Author),'B00NZCZ1CC,001,Invalid Length (not 10 or 13 after cleaning)
"Finding Hope (Hope, Montana)",E.M. Leya (Goodreads Author),'B00896LP1A,008961,Invalid Length (not 10 or 13 after cleaning)
Inferno,"L. Wilder (Goodreads Author), Brooke Asher",'B00LQTGPWG,00,Invalid Length (not 10 or 13 after cleaning)
Burn,C.D. Reiss (Goodreads Author),'B00D7GI0ZQ,0070,Invalid Length (not 10 or 13 after cleaning)
Sin Carefully: Assume The Postion,Ashlynne,'B00TLLJQ4K,004,Invalid Length (not 10 or 13 after cleaning)
The Lover's Promise,J.C. Reed (Goodreads Author),,,Invalid Length (not 10 or 13 after cleaning)
The Vendetta,E. Jamie (Goodreads Author),'B00DT6WOBU,006,Invalid Length (not 10 or 13 after cleaning)
Zero's Return,Sara King (Goodreads Author),'B00IDPG1SO,001,Invalid Length (not 10 or 13 after cleaning)
The Wolf,K.R. Thompson,,,Invalid Length (not 10 or 13 after cleaning)
Beer Brewing At Home: Easy Ways of Brewing Homemade Beer,Mary L. Parker,'B00UZPOJOI,00,Invalid Length (not 10 or 13 after cleaning)
Gefesselte Seelen,Hedy Loewe,'B009NRI6NY,0096,Invalid Length (not 10 or 13 after cleaning)
Surviving Us,Erin Noelle (Goodreads Author),,,Invalid Length (not 10 or 13 after cleaning)
Writing Dark Stories: How to Write Horror and Other Disturbing Short Stories,Rayne Hall,'B00HS4YSXG,004,Invalid Length (not 10 or 13 after cleaning)
The Devil's Fire,Rue Volley (Goodreads Author),,,Invalid Length (not 10 or 13 after cleaning)
You Are a Badass: by Jen Sincero (How to Stop Doubting Your Greatness and Start Living an Awesome Life) | A 20-Minute Summary,Bern Bolo (Goodreads Author),'B015TEYXVI,015,Invalid Length (not 10 or 13 after cleaning)
Jesus Christ WOULD Support Food Stamps (SNAP),Byron Goines,'B00SWF9GR8,0098,Invalid Length (not 10 or 13 after cleaning)
River's Run,S.E. Smith (Goodreads Author),'B007OCHLAE,007,Invalid Length (not 10 or 13 after cleaning)
I Robinson del cosmo,Francis Carsac,,,Invalid Length (not 10 or 13 after cleaning)
Nejma,Nayyirah Waheed (Goodreads Author),,,Invalid Length (not 10 or 13 after cleaning)
East of Redemption,Molly E. Lee (Goodreads Author),'B01GQPMB8G,018,Invalid Length (not 10 or 13 after cleaning)
"The Fading Trilogy: Fading, Freeing, Falling:",E.K. Blair (Goodreads Author),'B00S47OGYC,0047,Invalid Length (not 10 or 13 after cleaning)
"Quail Diseases: Identification And Management Of Stress, Vices, And Diseases In Quails",Francis Okumu,'B00VVZ1WW8,0018,Invalid Length (not 10 or 13 after cleaning)
Love To Hate,Christine McCullough,'B01G7BSPTI,017,Invalid Length (not 10 or 13 after cleaning)
The Wisdom of Confucius,Lin Yutang,,,Invalid Length (not 10 or 13 after cleaning)
"Summary of Eat Fat, Get Thin: by Mark Hyman | Includes Analysis",NOT A BOOK,'B01N9NRQRO,019,Invalid Length (not 10 or 13 after cleaning)
В каждом молчании своя истерика,Ринат Валиуллин,,,Invalid Length (not 10 or 13 after cleaning)
Talon,Carian Cole (Goodreads Author),,,Invalid Length (not 10 or 13 after cleaning)
My Moody Pup: ambKids Academy Learning Tools Read-Understanding Emotions,"Jade Smith, Amb Design (Illustrator)",'B07BFB98H5,07985,Invalid Length (not 10 or 13 after cleaning)
Transcend,Jewel E. Ann (Goodreads Author),,,Invalid Length (not 10 or 13 after cleaning)
Obsession Mine,"Anna Zaires (Goodreads Author), Dima Zales (Goodreads Author)",'B074VG86J9,074869,Invalid Length (not 10 or 13 after cleaning)
The Second Time I Saw You,Pippa Croft,'B00IICN1EO,001,Invalid Length (not 10 or 13 after cleaning)
It All Started With An Apple,Ashley Winters (Goodreads Author),'B00L8DQOKI,008,Invalid Length (not 10 or 13 after cleaning)
Onyx Webb: Episode One: The Story Begins,"Richard Fenton (Goodreads Author), Andrea Waltz (Goodreads Author)",'B00O6DZLG0,0060,Invalid Length (not 10 or 13 after cleaning)
Summit of Seduction,Elena Aitken (Goodreads Author),'B00UA02JRM,0002,Invalid Length (not 10 or 13 after cleaning)
The Breaking Light,Heather Hansen (Goodreads Author),'B01K4TXVWK,014,Invalid Length (not 10 or 13 after cleaning)
Havoc,Jamie Shaw (Goodreads Author),'B01J16RJGQ,0116,Invalid Length (not 10 or 13 after cleaning)
The Girls From Alcyone,Cary Caffrey (Goodreads Author),'B006B9S8R6,006986,Invalid Length (not 10 or 13 after cleaning)
Moon Tortured,McKenzie Hunter (Goodreads Author),,,Invalid Length (not 10 or 13 after cleaning)
Antagonist,R.A. Steffan (Goodreads Author),'B07V2SD4NY,0724,Invalid Length (not 10 or 13 after cleaning)
King of Hades,R'Ocean (Goodreads Author),'B00JPT37O8,00378,Invalid Length (not 10 or 13 after cleaning)
"Our Last Crusade or the Rise of a New World, Vol. 1","Kei Sazane, Ao Nekonabe (Illustrator)",'B07P54242Q,0754242,Invalid Length (not 10 or 13 after cleaning)
Sisters - Free Preview Edition,Raina Telgemeier (Goodreads Author),'B00M3I5ZQ6,00356,Invalid Length (not 10 or 13 after cleaning)
My Champion,Alanea Alder (Goodreads Author),'B01N3QVVSQ,013,Invalid Length (not 10 or 13 after cleaning)
"Moe Kare!!, Vol. 04",Gō Ikeyamada,,,Invalid Length (not 10 or 13 after cleaning)
il cyborg divina :: The Cyborg Divine,L'Poni Baldwin (Goodreads Author),,,Invalid Length (not 10 or 13 after cleaning)
Ashes to Ashes and Cinder to Cinder,Cameron Jace (Goodreads Author),'B0087H2KY2,008722,Invalid Length (not 10 or 13 after cleaning)
Isambard Kingdom Brunel: a graphic biography,"Eugene Byrne, Simon Gurr, Adam Hart-Davis (Introduction)",,,Invalid Length (not 10 or 13 after cleaning)
The Cat Manual,Michael Ray Taylor (Goodreads Author),'B006ZTBJDM,006,Invalid Length (not 10 or 13 after cleaning)
Jealousy,Jenna Galicki (Goodreads Author),,,Invalid Length (not 10 or 13 after cleaning)
Song of the Spirits,"Sarah Lark, D.W. Lovett (Translator)",,,Invalid Length (not 10 or 13 after cleaning)
O My Son,"Darussalam (Editor), Darussalam",,,Invalid Length (not 10 or 13 after cleaning)
Holding Out For Skye,S.R. McKade,'B016UZMMXG,016,Invalid Length (not 10 or 13 after cleaning)
Serenity Falls,"Tiffany Aleman (Goodreads Author), Ashley Poch (Goodreads Author)",,,Invalid Length (not 10 or 13 after cleaning)
Gemini,Penelope Ward (Goodreads Author),'B00D02YHJ0,00020,Invalid Length (not 10 or 13 after cleaning)
Mermaid Mayhem,Rachel M. Humphrey-D'aigle (Goodreads Author),'B0080ANHMK,0080,Invalid Length (not 10 or 13 after cleaning)
Axel,Harper Sloan (Goodreads Author),,,Invalid Length (not 10 or 13 after cleaning)
Ever Shade,Alexia Purdy (Goodreads Author),,,Invalid Length (not 10 or 13 after cleaning)
Alpha Games Volume 4,Terry Bolryder,'B00OCYOKU6,006,Invalid Length (not 10 or 13 after cleaning)
Western Inheritance,E.M. Leya (Goodreads Author),'B008PN1GXO,0081,Invalid Length (not 10 or 13 after cleaning)
Evil in the Beginning,"Gary Williams (Goodreads Author), Vicky Knerly",'B00I36J0BI,00360,Invalid Length (not 10 or 13 after cleaning)
Broken,Teona Bell,'B00OTWAAJQ,00,Invalid Length (not 10 or 13 after cleaning)
Resist,C.D. Reiss (Goodreads Author),'B00ED7LR4E,0074,Invalid Length (not 10 or 13 after cleaning)
Married To A Deadly Bitch 2,Elijah Foreman (Goodreads Author),'B00TPUF9LG,009,Invalid Length (not 10 or 13 after cleaning)
Angels Twice Descending,Cassandra Clare (Goodreads Author),,,Invalid Length (not 10 or 13 after cleaning)
Time Stood Still,London Miller (Goodreads Author),'B00P8571NG,008571,Invalid Length (not 10 or 13 after cleaning)
Zero Recall,Sara King (Goodreads Author),'B00BXXTM9S,009,Invalid Length (not 10 or 13 after cleaning)
Love... From Both Sides,Nick Spalding (Goodreads Author),'B00DO8IJ5I,0085,Invalid Length (not 10 or 13 after cleaning)
VEGAN (Go & Stay) Manual,Anne Peterson (Goodreads Author),'B00UCGD72K,0072,Invalid Length (not 10 or 13 after cleaning)
Ugly As Sin,James Newman (Goodreads Author),'B00H462CUY,00462,Invalid Length (not 10 or 13 after cleaning)
His Secretary: Undone,Melanie Marchande (Goodreads Author),,,Invalid Length (not 10 or 13 after cleaning)
Writing Short Stories to Promote Your Novels,Rayne Hall,'B00IKM65CC,0065,Invalid Length (not 10 or 13 after cleaning)
Spencer,Kerry Heavens (Goodreads Author),'B00X8KTR8K,0088,Invalid Length (not 10 or 13 after cleaning)
Rising Strong: The Reckoning. The Rumble. The Revolution. by Brené Brown | An 8-Minute Summary,Bern Bolo (Goodreads Author),'B015DQEJS4,0154,Invalid Length (not 10 or 13 after cleaning)
Forgotten World,Kate L. Mary (Goodreads Author),,,Invalid Length (not 10 or 13 after cleaning)
My Brother's Keeper,Alanea Alder (Goodreads Author),'B0147DJPN8,01478,Invalid Length (not 10 or 13 after cleaning)
Veiled Innocence,"Ella Frank, Chelsea Hatfield (Reading), J.F. Harding (Reading)",'B00JIV2YA6,0026,Invalid Length (not 10 or 13 after cleaning)
The Wicked + The Divine #5,"Kieron Gillen, Jamie McKelvie (Illustrator), Matt Wilson (Colorist)",,,Invalid Length (not 10 or 13 after cleaning)
Dangerous Lies,Becca Fitzpatrick (Goodreads Author),'B00TBKYK0Q,000,Invalid Length (not 10 or 13 after cleaning)
Matar a Leonardo da Vinci,Christian Gálvez,'B00ISB69NA,0069,Invalid Length (not 10 or 13 after cleaning)
"Astounding Science-Fiction, October 1941","John W. Campbell Jr. (Editor), Anson MacDonald (Pseudonym), Robert A. Heinlein (Contributor), Hubert Rogers (Illustrator), Isaac Asimov (Contributor), Kolliker (Illustrator), L. Sprague de Camp (Contributor), Winston K. Marks (Contributor), more…",,,Invalid Length (not 10 or 13 after cleaning)
The Intelligent Investor: by Benjamin Graham | Summary & Analysis,NOT A BOOK,'B01N4HILM2,0142,Invalid Length (not 10 or 13 after cleaning)
Forever Right Now,Emma Scott (Goodreads Author),'B075YVLXXM,075,Invalid Length (not 10 or 13 after cleaning)
Not Part of the Plan,Lucy Score (Goodreads Author),'B06Y695J64,0669564,Invalid Length (not 10 or 13 after cleaning)
Only the Rain,Randall Silvis,'B06ZY1HXKC,061,Invalid Length (not 10 or 13 after cleaning)
Epoch,Jewel E. Ann (Goodreads Author),,,Invalid Length (not 10 or 13 after cleaning)
The First Time We Met,Pippa Croft,'B00HS983P0,009830,Invalid Length (not 10 or 13 after cleaning)
Super Sons (2017-) #15,"Peter J. Tomasi, Protobúnker (Illustrator), Jorge Jimenez (Illustrator), Alejandro Sanchez (Illustrator), Art Thibert (Illustrator), Carlo Barberi (Illustrator)",'B07B6H7JHX,0767,Invalid Length (not 10 or 13 after cleaning)
Accidental Gifts,Elena Aitken (Goodreads Author),,,Invalid Length (not 10 or 13 after cleaning)
True Love's Ghost,Juliet Lyons (Goodreads Author),'B07H1YQVPW,071,Invalid Length (not 10 or 13 after cleaning)
Aliens In My Garden,Jude Gwynaire (Goodreads Author),'B07F2V6HPP,0726,Invalid Length (not 10 or 13 after cleaning)
Dogs of War,Adrian Tchaikovsky (Goodreads Author),'B06XXJ4P9H,0649,Invalid Length (not 10 or 13 after cleaning)
The Ex-Wife,Jess Ryder,'B07B9X6S7Q,07967,Invalid Length (not 10 or 13 after cleaning)
"Vinland Saga, Volume 1: For Honor and Vengeance",Makoto Yukimura,'B00CCOO6RK,006,Invalid Length (not 10 or 13 after cleaning)
Anthelion,R.A. Steffan (Goodreads Author),'B07NVQBB52,0752,Invalid Length (not 10 or 13 after cleaning)
"¡Adios, America!: The Left's Plan to Turn Our Country into a Third World Hellhole",Ann Coulter,'B00R3L7502,0037502,Invalid Length (not 10 or 13 after cleaning)
Don't Let My Past Be Your Future: A Call to Arms,Harry Leslie Smith,'B06XCP5FLL,065,Invalid Length (not 10 or 13 after cleaning)
Power Study,"Maria V. Snyder (Goodreads Author), Gabra Zackman (Goodreads Author) (Narrator)",,,Invalid Length (not 10 or 13 after cleaning)
I Medici: Un uomo al potere,Matteo Strukul (Goodreads Author),'B01MDRZCSO,01,Invalid Length (not 10 or 13 after cleaning)
Bane,L.J. Shen (Goodreads Author),,,Invalid Length (not 10 or 13 after cleaning)
The Wingman,Natasha Anders (Goodreads Author),'B01KNV4AU6,0146,Invalid Length (not 10 or 13 after cleaning)
My Solace,Alanea Alder (Goodreads Author),'B07P9BG7VC,0797,Invalid Length (not 10 or 13 after cleaning)
A Heart So Fierce and Broken,Brigid Kemmerer (Goodreads Author),,,Invalid Length (not 10 or 13 after cleaning)
Coletânea de Espiritualidade: Tomo 1,Hélio Couto,'B06XKCMHLV,06,Invalid Length (not 10 or 13 after cleaning)
"Moe Kare!!, Vol. 05",Gō Ikeyamada,,,Invalid Length (not 10 or 13 after cleaning)
The Silent Pulpit,Donald Allen Kirch (Goodreads Author),'B004VYR78E,00478,Invalid Length (not 10 or 13 after cleaning)
Beauty Never Dies,Cameron Jace (Goodreads Author),'B008DJBA22,00822,Invalid Length (not 10 or 13 after cleaning)
Clara Morison,Catherine Helen Spence,,,Invalid Length (not 10 or 13 after cleaning)
The Hunger But Mainly Death Games: A Parody,"Bratniss Everclean (Pseudonym), John Bailey Owen, Aaron Geary",'B006BL0O3K,00603,Invalid Length (not 10 or 13 after cleaning)
Messed up,Molly Owens,'B0066YFB0S,00660,Invalid Length (not 10 or 13 after cleaning)
The Hunt is On,Natalie Herzer (Goodreads Author),,,Invalid Length (not 10 or 13 after cleaning)
My Boss's Slave,Kathryn Morgan Parry (Goodreads Author),'B00BE7AJCC,007,Invalid Length (not 10 or 13 after cleaning)
Accidentally on Purpose,L.D. Davis (Goodreads Author),'B007SRWAEW,007,Invalid Length (not 10 or 13 after cleaning)
Les Justes,Albert Camus,,,Invalid Length (not 10 or 13 after cleaning)
"JOHN DONNE COMPLETE WORKS ULTIMATE COLLECTION – All Poems, Love Poetry, Holy Sonnets, Devotions, Meditations, English Poems, Sermons PLUS BIOGRAPHIES and ANNOTATIONS [Annotated]","John Donne, Izaak Walton, Augustus Jessopp, Henry Alford, Darryl Marks (Editor)",'B00FG4G8Q0,00480,Invalid Length (not 10 or 13 after cleaning)
1.4,Mike A. Lancaster (Goodreads Author),'B007XIC2XA,0072,Invalid Length (not 10 or 13 after cleaning)
Wicked Werewolves,Rachel M. Humphrey-D'aigle (Goodreads Author),'B007303PHU,007303,Invalid Length (not 10 or 13 after cleaning)
Faking Mr. Right,Kerry Connor (Goodreads Author),'B008CQ8HZO,0088,Invalid Length (not 10 or 13 after cleaning)
13,Amy Lignor (Goodreads Author),'B00AG5G3VE,0053,Invalid Length (not 10 or 13 after cleaning)
A Place in Time,"Jessica Concha (Goodreads Author), James John Andres (Illustrator)",,,Invalid Length (not 10 or 13 after cleaning)
Urdu Novel: Mohabbat Subha Ka Sitara Hai by Umera Ahmed,"Umera Ahmed, Lubna Ikhlaq (Editor), Muhammad Farrukh Mahmood (Editor), Hasan Umar (Editor)",'B00HFAI6X6,0066,Invalid Length (not 10 or 13 after cleaning)
Hold Us Close,Caisey Quinn (Goodreads Author),,,Invalid Length (not 10 or 13 after cleaning)
The Passion of Patrick MacNeill,Virginia Kantra (Goodreads Author),'B007Z4D9MA,00749,Invalid Length (not 10 or 13 after cleaning)
Knights' Sinner,Bella Jewel,'B00G5IG3RK,0053,Invalid Length (not 10 or 13 after cleaning)
Darkmoon,S.M. Reine (Goodreads Author),'B00B0H3CB6,00036,Invalid Length (not 10 or 13 after cleaning)
Alpha Games Volume 3,Terry Bolryder,'B00NUFESG4,004,Invalid Length (not 10 or 13 after cleaning)
A Little Bit Rock & Roll,E.M. Leya (Goodreads Author),'B009GKUCW6,0096,Invalid Length (not 10 or 13 after cleaning)
Riot,Jamie Begley (Goodreads Author),'B00OSAVSDG,00,Invalid Length (not 10 or 13 after cleaning)
Japanese Tales,Royall Tyler (Goodreads Author) (Translator),,,Invalid Length (not 10 or 13 after cleaning)
My Bestfriend's Man,P. Dotson,'B00RPYHEIU,00,Invalid Length (not 10 or 13 after cleaning)
Infinity Key,Chrysoula Tzavelas (Goodreads Author),'B00GM36D5A,00365,Invalid Length (not 10 or 13 after cleaning)
Pocketful of Sand,Michelle Leighton (Goodreads Author),,,Invalid Length (not 10 or 13 after cleaning)
Born to Endless Night,"Cassandra Clare (Goodreads Author), Sarah Rees Brennan (Goodreads Author)",,,Invalid Length (not 10 or 13 after cleaning)
Ms. Marvel (2014-2015) #1,"G. Willow Wilson (Goodreads Author), Adrian Alphona (Illustrator), Sara Pichelli (Illustrator), Ian Herring (Goodreads Author) (Colorist)",'B00ZNYP440,00440,Invalid Length (not 10 or 13 after cleaning)
The Final Hour,London Miller (Goodreads Author),,,Invalid Length (not 10 or 13 after cleaning)
Fledge,Penny Greenhorn (Goodreads Author),,,Invalid Length (not 10 or 13 after cleaning)
Ultimate House Cleaning Guide: Learn To Keep Your House Clean & Organized,Mary L. Parker,'B00U91YCBI,0091,Invalid Length (not 10 or 13 after cleaning)
Junie B. Jones and Some Sneaky Peeky Spying,"Barbara Park, Denise Brunkus (Illustrator)",,,Invalid Length (not 10 or 13 after cleaning)
God in the Dock: Essays on Theology and Ethics,"C.S. Lewis, Walter Hooper (Editor)",,,Invalid Length (not 10 or 13 after cleaning)
Ambrosia,Erin Noelle (Goodreads Author),,,Invalid Length (not 10 or 13 after cleaning)
Power #1,Claire Adams (Goodreads Author),'B00UW0PTZO,000,Invalid Length (not 10 or 13 after cleaning)
"SWOT For Writing Success - Write More, Write Better, Sell More Books",Rayne Hall,'B00YNJUO64,0064,Invalid Length (not 10 or 13 after cleaning)
The Republican Party that WAS,Byron Goines,,,Invalid Length (not 10 or 13 after cleaning)
"Men of Inked, Volume 1",Chelle Bliss (Goodreads Author),,,Invalid Length (not 10 or 13 after cleaning)
The Young Ancients: Books I-VI,P.S. Power (Goodreads Author),'B00I0J2Y4I,00024,Invalid Length (not 10 or 13 after cleaning)
"Love, in Spanish",Karina Halle (Goodreads Author),,,Invalid Length (not 10 or 13 after cleaning)
Pollen,Jeff Noon,'B009W2HKVE,0092,Invalid Length (not 10 or 13 after cleaning)
The Conqueror,Edison Marshall,,,Invalid Length (not 10 or 13 after cleaning)
"Chicken Diseases: Identification And Management Of Stress, Vices, And Diseases In Chickens",Francis Okumu,'B00V4TZPPG,004,Invalid Length (not 10 or 13 after cleaning)
Under the Lights,Abbi Glines (Goodreads Author),'B013PJVKCO,013,Invalid Length (not 10 or 13 after cleaning)
Once Upon A Time In The West...Country,Tony Hawks,'B00PW5V37M,00537,Invalid Length (not 10 or 13 after cleaning)
Summary of 14th Deadly Sin: by James Patterson | Includes Analysis,NOT A BOOK,'B01D29O6YQ,01296,Invalid Length (not 10 or 13 after cleaning)
I Heart Forever,Lindsey Kelk (Goodreads Author),'B06VVZ8CR8,0688,Invalid Length (not 10 or 13 after cleaning)
Heart of Hope,Lucy Score (Goodreads Author),'B01N6Q09PD,01609,Invalid Length (not 10 or 13 after cleaning)
Vandal,Carian Cole (Goodreads Author),,,Invalid Length (not 10 or 13 after cleaning)
Only If they Could Hear Me Cry: A Personal Reflection of Poverty and Homelessness In America,Raymond Sturgis (Goodreads Author),'B0044XUX9C,00449,Invalid Length (not 10 or 13 after cleaning)
Payback,Eve Rabi (Goodreads Author),'B00CPSGLEE,00,Invalid Length (not 10 or 13 after cleaning)
Reflections,Seanan McGuire (Goodreads Author),,,Invalid Length (not 10 or 13 after cleaning)
Super Sons #8,"Peter J. Tomasi, Alejandro Sanchez (Illustrator), Jorge Jimenez (Illustrator)",'B073JZ2338,0732338,Invalid Length (not 10 or 13 after cleaning)
Tempting Gifts,Elena Aitken (Goodreads Author),'B00MQB7G9O,0079,Invalid Length (not 10 or 13 after cleaning)
Jesus Must Rise!,Rodolfo Martin Vitangcol (Goodreads Author),'B07M7SXX9N,0779,Invalid Length (not 10 or 13 after cleaning)
American War,Omar El Akkad (Goodreads Author),,,Invalid Length (not 10 or 13 after cleaning)
Heir to Edenbrooke,Julianne Donaldson (Goodreads Author),'B0182T9IBW,01829,Invalid Length (not 10 or 13 after cleaning)
Antibody,R.A. Steffan (Goodreads Author),'B07DK61J4T,07614,Invalid Length (not 10 or 13 after cleaning)
The Verde Sanctuary,"L.W. Samuelson, Cynthia C. Samuelson (Editor)",'B00PHONBEQ,00,Invalid Length (not 10 or 13 after cleaning)
Firewalker,Josephine Angelini (Goodreads Author),'B00TDQTPTE,00,Invalid Length (not 10 or 13 after cleaning)
THE JEWISH NAZI,John Vocale (Goodreads Author),,,Invalid Length (not 10 or 13 after cleaning)
These Monstrous Ties,K.V. Rose (Goodreads Author),'B07X13PHQP,0713,Invalid Length (not 10 or 13 after cleaning)
The Only Book a Kid Needs to Read About Coronavirus,"S.G. Jack, Ana Villaranda (Illustrator), Adria Carey (Editor)",'B08KS65PW4,08654,Invalid Length (not 10 or 13 after cleaning)
Everybody Loves a Good Drought,Palagummi Sainath,,,Invalid Length (not 10 or 13 after cleaning)
Сказания о титанах,Яков Голосовкер,,,Invalid Length (not 10 or 13 after cleaning)
"Moe Kare!!, Vol. 06",Gō Ikeyamada,,,Invalid Length (not 10 or 13 after cleaning)
Chasin' Eight,Lorelei James (Goodreads Author),'B0054LY182,0054182,Invalid Length (not 10 or 13 after cleaning)
Ladle Rat Rotten Hut,Cameron Jace (Goodreads Author),'B008NWZFZ2,0082,Invalid Length (not 10 or 13 after cleaning)
The Anatomy of Human Destructiveness,Erich Fromm,'B00BBPWAFQ,00,Invalid Length (not 10 or 13 after cleaning)
The Earl's Inconvenient Wife,Ruth Ann Nordin (Goodreads Author),,,Invalid Length (not 10 or 13 after cleaning)
Her Double Delight,Dixie Lynn Dwyer,,,Invalid Length (not 10 or 13 after cleaning)
البكاء بين يدي زرقاء اليمامة,أمل دنقل,,,Invalid Length (not 10 or 13 after cleaning)
Letters Home: Afghanistan,Teresa Jones (Goodreads Author),'B00DUFRCQC,00,Invalid Length (not 10 or 13 after cleaning)
Of Love and Other Demons by Gabriel Garcia Marquez Summary Study Guide,BookRags,'B00495XQT4,004954,Invalid Length (not 10 or 13 after cleaning)
Nova,Delia Delaney (Goodreads Author),'B00A3TCOXY,003,Invalid Length (not 10 or 13 after cleaning)
A Fire That Burns,Kirsty-Anne Still (Goodreads Author),'B00DOHYSFE,00,Invalid Length (not 10 or 13 after cleaning)
Marco's Redemption,Lynda Chance (Goodreads Author),,,Invalid Length (not 10 or 13 after cleaning)
House of Blades,Will Wight (Goodreads Author),'B00D52X58Y,005258,Invalid Length (not 10 or 13 after cleaning)
Mercy's Pen (The Redemption Series Book 5),Maeve Christopher (Goodreads Author),'B00I36DWXU,0036,Invalid Length (not 10 or 13 after cleaning)
Ghostly Guardian,Rachel M. Humphrey-D'aigle (Goodreads Author),'B0072MW2MS,00722,Invalid Length (not 10 or 13 after cleaning)
Take Me,J. Kenner (Goodreads Author),'B00FO60CH6,00606,Invalid Length (not 10 or 13 after cleaning)
A Dance of Blades,David Dalglish (Goodreads Author),'B00DI7HL6S,0076,Invalid Length (not 10 or 13 after cleaning)
And Then I Met Him,L. Arthur (Goodreads Author),,,Invalid Length (not 10 or 13 after cleaning)
Sins of the Lost,Linda Poitevin (Goodreads Author),'B00AVA4NGQ,004,Invalid Length (not 10 or 13 after cleaning)
Seasons of the Moon Boxed Set,S.M. Reine (Goodreads Author),'B0080SA5S6,008056,Invalid Length (not 10 or 13 after cleaning)
Alpha Games Volume 2,Terry Bolryder,'B00NODENKI,00,Invalid Length (not 10 or 13 after cleaning)
Out Of The Flames,E.M. Leya (Goodreads Author),'B0085A1GCI,00851,Invalid Length (not 10 or 13 after cleaning)
Shallow,Georgia Cates (Goodreads Author),,,Invalid Length (not 10 or 13 after cleaning)
Indisputable Proof,"Gary Williams (Goodreads Author), Vicky Knerly",,,Invalid Length (not 10 or 13 after cleaning)
Submit,C.D. Reiss (Goodreads Author),'B00BW7BA4A,0074,Invalid Length (not 10 or 13 after cleaning)
Faith Has No Color,Shona,'B00TXWJUDO,00,Invalid Length (not 10 or 13 after cleaning)
Searching For Moore,Julie A. Richman (Goodreads Author),,,Invalid Length (not 10 or 13 after cleaning)
Heaven's Prisoners,James Lee Burke,,,Invalid Length (not 10 or 13 after cleaning)
The Fiery Trial,"Cassandra Clare (Goodreads Author), Maureen Johnson (Goodreads Author)",,,Invalid Length (not 10 or 13 after cleaning)
Beautiful Bad Man,Ellen O'Connell (Goodreads Author),,,Invalid Length (not 10 or 13 after cleaning)
Mary Paige,"Becket, Anne Rice (Contributor)",'B00EOXPCZM,00,Invalid Length (not 10 or 13 after cleaning)
"Creative Confidence: Learn It, Develop It & Change Your Life",Megan Coulter (Goodreads Author),'B00UBC35H2,00352,Invalid Length (not 10 or 13 after cleaning)
Exposed,Deborah Bladon (Goodreads Author),,,Invalid Length (not 10 or 13 after cleaning)
Twitter for Writers: The Author's Guide to Tweeting Success,Rayne Hall,'B00KUCPG6G,006,Invalid Length (not 10 or 13 after cleaning)
Bad : Six Sexy Gents Unmasked,"Elle Brace (Goodreads Author), Letty Scott (Goodreads Author), Alexandria Ayers (Goodreads Author), Mel Ryle (Goodreads Author), Kimber Lee (Goodreads Author), Synne Jakobsen (Goodreads Author)",'B014SB928C,014928,Invalid Length (not 10 or 13 after cleaning)
Lost World,Kate L. Mary (Goodreads Author),,,Invalid Length (not 10 or 13 after cleaning)
Democratic Socialism,Byron Goines,,,Invalid Length (not 10 or 13 after cleaning)
The Pocket Watch,Ceci Giltenan (Goodreads Author),'B01803FD1E,018031,Invalid Length (not 10 or 13 after cleaning)
Where I Belong,J. Daniels (Goodreads Author),'B00LD6IYUS,006,Invalid Length (not 10 or 13 after cleaning)
Tombstone,Matt Braun,,,Invalid Length (not 10 or 13 after cleaning)
Wanting My Stepsister,Alexa Riley (Goodreads Author),'B01MXKSZ79,0179,Invalid Length (not 10 or 13 after cleaning)
Summary of Zero to One: by Peter Thiel | Includes Analysis,NOT A BOOK,'B01IAHP4MS,014,Invalid Length (not 10 or 13 after cleaning)
Shumbachena,Nicholas Stanton,,,Invalid Length (not 10 or 13 after cleaning)
India Black and the Shadows of Anarchy,Carol K. Carr (Goodreads Author),'B0099CGJHI,0099,Invalid Length (not 10 or 13 after cleaning)
Breaking the Rules,Lucy Score (Goodreads Author),,,Invalid Length (not 10 or 13 after cleaning)
The Sparrow Conspiracy: Roamer,J.W. Lockwood (Goodreads Author),'B0794HF2SC,07942,Invalid Length (not 10 or 13 after cleaning)
The Veiled Heart,Elsa Holland (Goodreads Author),'B011JZ4M26,011426,Invalid Length (not 10 or 13 after cleaning)
Midnight Springs,Elena Aitken (Goodreads Author),,,Invalid Length (not 10 or 13 after cleaning)
Dirty Rich,Amelia Wilde (Goodreads Author),,,Invalid Length (not 10 or 13 after cleaning)
اقرئي يا بلادي,شادي عبد السلام,,,Invalid Length (not 10 or 13 after cleaning)
Bone Music,Christopher Rice (Goodreads Author),'B07354S1K7,0735417,Invalid Length (not 10 or 13 after cleaning)
Antigen,R.A. Steffan (Goodreads Author),'B07DK4TKHF,074,Invalid Length (not 10 or 13 after cleaning)
Parallel,Elizabeth O'Roark (Goodreads Author),'B07SZ76NXP,0776,Invalid Length (not 10 or 13 after cleaning)
The Pixar Theory,Jon Negroni (Goodreads Author),'B00YHZ1Y40,00140,Invalid Length (not 10 or 13 after cleaning)
The Right Side of History: How Reason and Moral Purpose Made the West Great,Ben Shapiro,'B07CLMXWT9,079,Invalid Length (not 10 or 13 after cleaning)
Vile Intentions,"Savannah Rose (Goodreads Author), Amelia Gates",'B088HGFLT6,0886,Invalid Length (not 10 or 13 after cleaning)
My Angel,Alanea Alder (Goodreads Author),'B071ZSV3X4,07134,Invalid Length (not 10 or 13 after cleaning)
Falling From Grace,S.L. Naeole (Goodreads Author),'B002WC99NS,00299,Invalid Length (not 10 or 13 after cleaning)
Betrothed,Morgan Rice (Goodreads Author),'B005TKRSTM,005,Invalid Length (not 10 or 13 after cleaning)
Medieval Menace,Terri Ann Armstrong (Goodreads Author),,,Invalid Length (not 10 or 13 after cleaning)
A Highlander In Her Past,Maeve Greyson (Goodreads Author),'B00ADZR1K4,0014,Invalid Length (not 10 or 13 after cleaning)
City of the Falling Sky,Joseph Evans (Goodreads Author),'B005E8YZ2M,00582,Invalid Length (not 10 or 13 after cleaning)
The Beckoning Darkness,Nathan Preedy (Goodreads Author),'B00C8V8TQQ,0088,Invalid Length (not 10 or 13 after cleaning)
To Catch a Bad Guy,Marie Astor (Goodreads Author),'B008W1L5IA,00815,Invalid Length (not 10 or 13 after cleaning)
Life and times of the Messengers,Darussalam (Editor),'B00DMF8XNQ,008,Invalid Length (not 10 or 13 after cleaning)
"Last Tangle in Paris (The Redemption Series, #4)",Maeve Christopher (Goodreads Author),'B00EMM42MY,0042,Invalid Length (not 10 or 13 after cleaning)
Supernatural Freak,Louisa Klein (Goodreads Author),,,Invalid Length (not 10 or 13 after cleaning)
Embrace,Rachel M. Humphrey-D'aigle (Goodreads Author),'B005G825YA,005825,Invalid Length (not 10 or 13 after cleaning)
Tangled Extra Scenes,Emma Chase (Goodreads Author),,,Invalid Length (not 10 or 13 after cleaning)
Fifty Shades Duo: Fifty Shades Darker / Fifty Shades Freed,E.L. James (Goodreads Author),'B008BM9IO8,00898,Invalid Length (not 10 or 13 after cleaning)
Entre el valle y las sombras,Isabel Acuña,,,Invalid Length (not 10 or 13 after cleaning)
Honor Redeemed,Loree Lough (Goodreads Author),'B006YWRPF6,0066,Invalid Length (not 10 or 13 after cleaning)
New Moon Summer,S.M. Reine (Goodreads Author),'B009MQWA1K,0091,Invalid Length (not 10 or 13 after cleaning)
The Story of Me,Lesley Jones (Goodreads Author),,,Invalid Length (not 10 or 13 after cleaning)
Music of the Soul,Katie Ashley (Goodreads Author),'B00HL6OHV4,0064,Invalid Length (not 10 or 13 after cleaning)
Uncle,E.M. Leya (Goodreads Author),'B00908HZ8S,009088,Invalid Length (not 10 or 13 after cleaning)
Three Keys to Murder,"Gary Williams (Goodreads Author), Vicky Knerly",,,Invalid Length (not 10 or 13 after cleaning)
24 Hours by Greg Iles Lesson Plans,BookRags,'B008SCOUUS,008,Invalid Length (not 10 or 13 after cleaning)
Number Thirteen,Bella Jewel,,,Invalid Length (not 10 or 13 after cleaning)
Reckless,Priscilla West (Goodreads Author),'B00NO7EREQ,007,Invalid Length (not 10 or 13 after cleaning)
Ripped,Katy Evans (Goodreads Author),'B00EMDPZRO,00,Invalid Length (not 10 or 13 after cleaning)
Tease,C.D. Reiss (Goodreads Author),'B00BL5VCO6,0056,Invalid Length (not 10 or 13 after cleaning)
Savage Drift,Emmy Laybourne (Goodreads Author),,,Invalid Length (not 10 or 13 after cleaning)
Sincere's Rise Out The Hood II,Ms. Venom,'B00TGOSAZI,00,Invalid Length (not 10 or 13 after cleaning)
Arctic Absolution,Lynn Kelling (Goodreads Author),,,Invalid Length (not 10 or 13 after cleaning)
Jacked,Tina Reber (Goodreads Author),'B00QPMO82I,0082,Invalid Length (not 10 or 13 after cleaning)
Bitter of Tongue,"Cassandra Clare (Goodreads Author), Sarah Rees Brennan (Goodreads Author), Torrance Coombs (Narrator)",,,Invalid Length (not 10 or 13 after cleaning)
Sing My Name,Ellen O'Connell (Goodreads Author),'B004DERHUA,004,Invalid Length (not 10 or 13 after cleaning)
Complete Guide For Python Programming: Quick & Easy Guide To Learn Python (Python Programming For Beginners Book 2),James P. Long,'B00S3A30LU,00330,Invalid Length (not 10 or 13 after cleaning)
Joshua,John S. Wilson (Goodreads Author),'B007S0DMT6,00706,Invalid Length (not 10 or 13 after cleaning)
The Sacred Lies of Minnow Bly,Stephanie Oakes (Goodreads Author),'B00O2BKKQ2,0022,Invalid Length (not 10 or 13 after cleaning)
Why Does My Book Not Sell? 20 Simple Fixes: Indie Publishing Success - Sell More Books,Rayne Hall,'B00MT3TKIE,003,Invalid Length (not 10 or 13 after cleaning)
Lindsey's Rescue,Michelle Howard (Goodreads Author),'B014EG4ZFG,0144,Invalid Length (not 10 or 13 after cleaning)
Twisted Bond,Emma Hart (Goodreads Author),,,Invalid Length (not 10 or 13 after cleaning)
Night Journey,Stephen King (Goodreads Author),,,Invalid Length (not 10 or 13 after cleaning)
Summary of Sophie's Choice (Open Road): by William Clark Styron | Includes Analysis,NOT A BOOK,'B0711N1GSM,07111,Invalid Length (not 10 or 13 after cleaning)
The Queen and the Cure,Amy Harmon (Goodreads Author),'B06Y45TD34,064534,Invalid Length (not 10 or 13 after cleaning)
Young Woman Personal Progress,The Church of Jesus Christ of Latter-day Saints,,,Invalid Length (not 10 or 13 after cleaning)
Super Sons #7,"Peter J. Tomasi, Jorge Jimenez (Illustrator), Alejandro Sanchez (Illustrator)",'B072WLYFNB,072,Invalid Length (not 10 or 13 after cleaning)
Bad Judgment,Meghan March (Goodreads Author),,,Invalid Length (not 10 or 13 after cleaning)
Embrace,S.E. Hall (Goodreads Author),'B00FGFY86G,0086,Invalid Length (not 10 or 13 after cleaning)
Antidote,R.A. Steffan (Goodreads Author),'B07BV5L2V9,07529,Invalid Length (not 10 or 13 after cleaning)
Claw 1,Lucian Bane (Goodreads Author),'B01H3Z1W4M,01314,Invalid Length (not 10 or 13 after cleaning)
Intersect,Elizabeth O'Roark (Goodreads Author),'B07S8LFGPW,078,Invalid Length (not 10 or 13 after cleaning)
"Christian Homeschooling Minus the Stress: Homeschool Any Age, Without Stress, and Teach Your Child with God-Given Courage (Christian Homeschooling Series Book 2)",Sue Rumsley,'B083SQVZJG,083,Invalid Length (not 10 or 13 after cleaning)
White Boy in Watts,Karl Wiggins (Goodreads Author),,,Invalid Length (not 10 or 13 after cleaning)
Groupie,C.M. Stunich (Goodreads Author),'B01MYBOL44,0144,Invalid Length (not 10 or 13 after cleaning)
Faked,Karla Sorensen (Goodreads Author),'B0838PFW5C,08385,Invalid Length (not 10 or 13 after cleaning)
Eleventh Angel,T.D. Kaschalk,'B007JWKE94,00794,Invalid Length (not 10 or 13 after cleaning)
Fall: The Last Testament of Lucifer Morningstar,David Scott Hay (Goodreads Author),'B0055SYX1E,00551,Invalid Length (not 10 or 13 after cleaning)
Illusory Love II,Pet Torres (Goodreads Author),,,Invalid Length (not 10 or 13 after cleaning)
The Golden Acorn,Catherine Cooper,'B004EHZDBQ,004,Invalid Length (not 10 or 13 after cleaning)
Miss Perfect,Nicole Dunlap (Goodreads Author),'B00F1H2OHO,0012,Invalid Length (not 10 or 13 after cleaning)
A Piece of Time,Traci Harding (Goodreads Author),'B0061JAC98,006198,Invalid Length (not 10 or 13 after cleaning)
Walt Disney's Ludwig Von Drake (A Little Golden Book),Gina Ingoglia,'B001LPM1PU,0011,Invalid Length (not 10 or 13 after cleaning)
Essence,Joseph DiBartolo (Goodreads Author),'B00DIL4M5W,0045,Invalid Length (not 10 or 13 after cleaning)
Coming Home,Karen Kingsbury (Goodreads Author),'B006BJH6VU,0066,Invalid Length (not 10 or 13 after cleaning)
Catching the Bad Guy,Marie Astor (Goodreads Author),,,Invalid Length (not 10 or 13 after cleaning)
Golden Stories of Accepted Prayers,"Darussalam (Editor), Abdul Malik Mujahid",'B00GIOP548,00548,Invalid Length (not 10 or 13 after cleaning)
In the name of Glori,Maeve Christopher (Goodreads Author),'B00APRCKXI,00,Invalid Length (not 10 or 13 after cleaning)
Holy Frigging Matrimony,Emma Chase (Goodreads Author),,,Invalid Length (not 10 or 13 after cleaning)
Scorched,Melody Anne (Goodreads Author),'B00EV8ETK4,0084,Invalid Length (not 10 or 13 after cleaning)
Magic Dreams,Ilona Andrews (Goodreads Author),,,Invalid Length (not 10 or 13 after cleaning)
The Party,Katie Ashley (Goodreads Author),'B00BG3ELWS,003,Invalid Length (not 10 or 13 after cleaning)
End Zone,Kristen Middleton (Goodreads Author),'B00GP2BZBU,002,Invalid Length (not 10 or 13 after cleaning)
The Agent Next Door,Adrienne Bell (Goodreads Author),,,Invalid Length (not 10 or 13 after cleaning)
Beg,C.D. Reiss (Goodreads Author),'B00AX8R0QG,0080,Invalid Length (not 10 or 13 after cleaning)
Revealing Kia,Airicka Phoenix (Goodreads Author),,,Invalid Length (not 10 or 13 after cleaning)
Body Snatchers,Love Maddox,'B00T727BBI,00727,Invalid Length (not 10 or 13 after cleaning)
Yours,Kim Alan (Goodreads Author),'B00KLOMIUK,00,Invalid Length (not 10 or 13 after cleaning)
Broken City,D.D. Chant (Goodreads Author),'B005GHMH8A,0058,Invalid Length (not 10 or 13 after cleaning)
Secrets of a Charmed Life,Susan Meissner (Goodreads Author),,,Invalid Length (not 10 or 13 after cleaning)
Python Programming For Beginners: Quick And Easy Guide For Python Programmers,James P. Long,'B00QR1KFVK,001,Invalid Length (not 10 or 13 after cleaning)
Ohne Hintern wär ich sexy (German Edition),Sandra Hausser (Goodreads Author),'B00EFLTD6C,006,Invalid Length (not 10 or 13 after cleaning)
His Secret Desire: Billionaire Secrets - Book One,Drew Sinclair (Goodreads Author),'B00R9RZ8E0,00980,Invalid Length (not 10 or 13 after cleaning)
Meet Me in the Dark,J.A. Huss,,,Invalid Length (not 10 or 13 after cleaning)
Until Series,Aurora Rose Reynolds (Goodreads Author),'B00MZHKQVE,00,Invalid Length (not 10 or 13 after cleaning)
Kadicha,Alexandre Najjar,'B006C3M1BA,00631,Invalid Length (not 10 or 13 after cleaning)
Brazil: Insights,Francis Okumu,'B00NISKQFU,00,Invalid Length (not 10 or 13 after cleaning)
Summary of The Murder House: by James Patterson | Includes Analysis,NOT A BOOK,'B01IO37U5W,01375,Invalid Length (not 10 or 13 after cleaning)
Reining Her In,Dani Wyatt (Goodreads Author),,,Invalid Length (not 10 or 13 after cleaning)
Behind the Bars,Brittainy C. Cherry (Goodreads Author),,,Invalid Length (not 10 or 13 after cleaning)
The Burning Sky,Sherry Thomas (Goodreads Author),,,Invalid Length (not 10 or 13 after cleaning)
The Last Second Chance,Lucy Score (Goodreads Author),'B01IWJWAZS,01,Invalid Length (not 10 or 13 after cleaning)
Mo,S. Pearce (Goodreads Author),,,Invalid Length (not 10 or 13 after cleaning)
Il ladro di nebbia,Lavinia Petti,'B00WX990QQ,00990,Invalid Length (not 10 or 13 after cleaning)
Super Sons #6,"Peter J. Tomasi, Alejandro Sanchez (Illustrator), Jorge Jimenez (Illustrator)",'B071S2TW2Z,07122,Invalid Length (not 10 or 13 after cleaning)
Pride,Ibi Zoboi (Goodreads Author),,,Invalid Length (not 10 or 13 after cleaning)
Entice,S.E. Hall (Goodreads Author),,,Invalid Length (not 10 or 13 after cleaning)
An Imperfect Witch,Debora Geary (Goodreads Author),'B00F9AJXYA,009,Invalid Length (not 10 or 13 after cleaning)
Tarnished Crown,Erin Watt (Goodreads Author),,,Invalid Length (not 10 or 13 after cleaning)
Riot House,Callie Hart (Goodreads Author),'B087T4VJX8,08748,Invalid Length (not 10 or 13 after cleaning)
Cabbie with a Dangerous Mind,Karl Wiggins (Goodreads Author),'B0891VF732,0891732,Invalid Length (not 10 or 13 after cleaning)
Devious Lies,Parker S. Huntington (Goodreads Author),'B082RGTTG8,0828,Invalid Length (not 10 or 13 after cleaning)
Cabel's Story,Lisa McMann (Goodreads Author),,,Invalid Length (not 10 or 13 after cleaning)
Bound by the Vampire Queen,Joey W. Hill (Goodreads Author),,,Invalid Length (not 10 or 13 after cleaning)
Beyond Hades,Luke Romyn (Goodreads Author),'B007TS4JQW,0074,Invalid Length (not 10 or 13 after cleaning)
Vindication,Elyse Draper (Goodreads Author),'B00903PC4W,009034,Invalid Length (not 10 or 13 after cleaning)
Tied to the Tracks,Sara Donati (Goodreads Author),,,Invalid Length (not 10 or 13 after cleaning)
Call Me Crazy,Quinn Loftis (Goodreads Author),,,Invalid Length (not 10 or 13 after cleaning)
Alfred Hitchcock Presents: More Stories Not for the Nervous,"Alfred Hitchcock (Editor), Ellis Peters, Allan Ullman, Margaret St. Clair, Miriam Allen deFord, Jack Ritchie, Lucille Fletcher, Robert Arthur, more…",,,Invalid Length (not 10 or 13 after cleaning)
Fame Fortune secrets,Maeve Christopher (Goodreads Author),'B00AF0R61Q,00061,Invalid Length (not 10 or 13 after cleaning)
One Night with Him,K.S. Smith (Goodreads Author),,,Invalid Length (not 10 or 13 after cleaning)
Two Times Lucky,Piper Vaughn (Goodreads Author),,,Invalid Length (not 10 or 13 after cleaning)
"Veiled Target (Veilers, #1)",Robin Bielman (Goodreads Author),'B00JEY8GE0,0080,Invalid Length (not 10 or 13 after cleaning)
Running Wild,Kristen Middleton (Goodreads Author),'B008IMID6K,0086,Invalid Length (not 10 or 13 after cleaning)
Shoe Strings,Christy Hayes (Goodreads Author),'B00538M6Q0,0053860,Invalid Length (not 10 or 13 after cleaning)
Revealed,"P.C. Cast (Goodreads Author), Kristin Cast (Goodreads Author)",'B00CQ5R0IC,0050,Invalid Length (not 10 or 13 after cleaning)
The Long Autumn,"Roger Rheinheimer (Goodreads Author), Crystal Linn (Goodreads Author)",'B00GCGS1R0,0010,Invalid Length (not 10 or 13 after cleaning)
Brutal Precious,Sara Wolf (Goodreads Author),'B00MDOYQI8,008,Invalid Length (not 10 or 13 after cleaning)
The Wedding Trap,Adrienne Bell (Goodreads Author),,,Invalid Length (not 10 or 13 after cleaning)
Completion,Stylo Fantome (Goodreads Author),,,Invalid Length (not 10 or 13 after cleaning)
Finding Kia,Airicka Phoenix (Goodreads Author),,,Invalid Length (not 10 or 13 after cleaning)
Bankroll Squad Augusta,Cole Hart (Goodreads Author),'B00OLETOV2,002,Invalid Length (not 10 or 13 after cleaning)
zersetzt,Lena Sander,'B00FKUFVGS,00,Invalid Length (not 10 or 13 after cleaning)
Divergent Parody: Detergent,Reid Mockery,'B00H2A30A8,002308,Invalid Length (not 10 or 13 after cleaning)
Drawing For Beginners: From Dot To Drawing Shapes And Forms,Renee B. Williams,'B010Y5UD0M,01050,Invalid Length (not 10 or 13 after cleaning)
The Ryn,Serena Chase (Goodreads Author),,,Invalid Length (not 10 or 13 after cleaning)
Writing Deep Point Of View: Professional Techniques for Fiction Authors,Rayne Hall,'B016FLA282,016282,Invalid Length (not 10 or 13 after cleaning)
Always Consumed,Skyla Madi (Goodreads Author),'B00SMGOBI6,006,Invalid Length (not 10 or 13 after cleaning)
Distraction,Aurora Rose Reynolds (Goodreads Author),,,Invalid Length (not 10 or 13 after cleaning)
Victoria's Challenge,M.K. Eidem (Goodreads Author),'B00H0QL8OO,0008,Invalid Length (not 10 or 13 after cleaning)
Fearless,B.B. Reid (Goodreads Author),,,Invalid Length (not 10 or 13 after cleaning)
"Чапаев и Пустота. Жёлтая стрела (Сочинения в 3-х т., Т. 1)",Victor Pelevin,,,Invalid Length (not 10 or 13 after cleaning)
"Summary of Thinking, Fast and Slow: by Daniel Kahneman | Includes Analysis",NOT A BOOK,'B01IYO62VO,0162,Invalid Length (not 10 or 13 after cleaning)
The Bad Guy,Celia Aaron (Goodreads Author),'B0714GZSRH,0714,Invalid Length (not 10 or 13 after cleaning)
Pandora's Lab: Seven Stories of Science Gone Wrong,Paul A. Offit,'B01FBZXSNO,01,Invalid Length (not 10 or 13 after cleaning)
God Damn It Smith - a vigilante justice noir detective action thriller (Hit Man Smith Series Book 1),Mastho Vamsee (Goodreads Author),'B07B46RS2H,07462,Invalid Length (not 10 or 13 after cleaning)
"Onyx Webb: Book Six: Episodes 16, 17, 18","Richard Fenton (Goodreads Author), Andrea Waltz (Goodreads Author)",'B01ISH9C6Y,0196,Invalid Length (not 10 or 13 after cleaning)
Super Sons #5,"Peter J. Tomasi, Alejandro Sanchez (Illustrator), Jorge Jimenez (Illustrator)",'B06XX26KVD,0626,Invalid Length (not 10 or 13 after cleaning)
Before Midnight,Jennifer Blackstream (Goodreads Author),'B00DPYZZXA,00,Invalid Length (not 10 or 13 after cleaning)
الصوت والحجر: أنطولوجيا,"Yves Bonnefoy, إيف بونفوا, محمد بن صالح (ترجمة)",,,Invalid Length (not 10 or 13 after cleaning)
The Epic Fail of Arturo Zamora,Pablo Cartaya (Goodreads Author),,,Invalid Length (not 10 or 13 after cleaning)
The Unbound Empire,Melissa Caruso (Goodreads Author),,,Invalid Length (not 10 or 13 after cleaning)
Hell & High Water,Charlie Cochet (Goodreads Author),'B07Z2XV3YF,0723,Invalid Length (not 10 or 13 after cleaning)
"Woody Notes, and Heat Sneaking up Fast",Danny Winter,,,Invalid Length (not 10 or 13 after cleaning)
Beyond Justice,Joshua Graham (Goodreads Author),'B003UV98BI,00398,Invalid Length (not 10 or 13 after cleaning)
Haunted Moon,K.B. Miller (Goodreads Author),'B007SC0LFM,0070,Invalid Length (not 10 or 13 after cleaning)
Elemental Rising,Maddy Edwards (Goodreads Author),'B007ZVIV2G,0072,Invalid Length (not 10 or 13 after cleaning)
Consequences,Elyse Draper (Goodreads Author),'B0089XKM8U,00898,Invalid Length (not 10 or 13 after cleaning)
In the Dark,Farleigh Greyson (Goodreads Author),'B007JCETHM,007,Invalid Length (not 10 or 13 after cleaning)
My Sparkling Misfortune,"Laura Lond (Goodreads Author), Alla Alekseyeva (Illustrator)",'B004JXVYR2,0042,Invalid Length (not 10 or 13 after cleaning)
Time Mends,Tammy Blackwell (Goodreads Author),'B006S2LXZ0,00620,Invalid Length (not 10 or 13 after cleaning)
The Detox Factor,Traci Harding (Goodreads Author),'B0061JZ0QI,00610,Invalid Length (not 10 or 13 after cleaning)
The Closet (Summerset Tales #1),Jac Wright,'B00D941S28,0094128,Invalid Length (not 10 or 13 after cleaning)
The Becoming,C.J. Graves (Goodreads Author),,,Invalid Length (not 10 or 13 after cleaning)
Killer Cupid,Maeve Christopher (Goodreads Author),'B00A3HTO02,00302,Invalid Length (not 10 or 13 after cleaning)
Twisted,Laura Griffin (Goodreads Author),'B005GG0MEM,0050,Invalid Length (not 10 or 13 after cleaning)
Dream Chaser,Angie Stanton (Goodreads Author),'B006578YE6,0065786,Invalid Length (not 10 or 13 after cleaning)
Fighting to Forgive,J.B. Salsbury (Goodreads Author),'B00EYFQD8U,008,Invalid Length (not 10 or 13 after cleaning)
Amish Forever : A New Journey - Volume 10 - Happiness for All,"Roger Rheinheimer (Goodreads Author), Crystal Linn (Goodreads Author)",'B00KCYR08O,0008,Invalid Length (not 10 or 13 after cleaning)
The Erotic Light,Nina Lane (Goodreads Author),'B00K2DOZV0,0020,Invalid Length (not 10 or 13 after cleaning)
Revenge,Sam Crescent (Goodreads Author),'B00NMY0XG2,0002,Invalid Length (not 10 or 13 after cleaning)
Michael,Luke Hartwell,'B00DMNDI5G,005,Invalid Length (not 10 or 13 after cleaning)
Reparation,Stylo Fantome (Goodreads Author),'B00QPD85SK,0085,Invalid Length (not 10 or 13 after cleaning)
Street Bitches Don't Need Love 2,Alicia Howard (Goodreads Author),'B00T3BVTIE,003,Invalid Length (not 10 or 13 after cleaning)
Stay,Riley Hart (Goodreads Author),'B00JUCHUMK,00,Invalid Length (not 10 or 13 after cleaning)
The Lost Herondale,"Cassandra Clare (Goodreads Author), Robin Wasserman (Goodreads Author), Jack Falahee (Narrator)",,,Invalid Length (not 10 or 13 after cleaning)
Bound by Duty,Cora Reilly (Goodreads Author),,,Invalid Length (not 10 or 13 after cleaning)
Presuppositional Apologetics: Stated and Defended,"Greg L. Bahnsen, Joel McDurmon (Editor)",'B002HJF1TM,0021,Invalid Length (not 10 or 13 after cleaning)
Natural Body Scrubs At Home: Exfoliates To Make Your Skin Smooth And Soft,Megan Coulter (Goodreads Author),'B00VKOAY4C,004,Invalid Length (not 10 or 13 after cleaning)
Odyssee Omnibus 2,Arthur C. Clarke,,,Invalid Length (not 10 or 13 after cleaning)
Justified,"Aurora Rose Reynolds (Goodreads Author), C.A Rose",,,Invalid Length (not 10 or 13 after cleaning)
Jacinda's Challenge,M.K. Eidem (Goodreads Author),'B010VZNFNM,010,Invalid Length (not 10 or 13 after cleaning)
Breaking Love,B.B. Reid (Goodreads Author),,,Invalid Length (not 10 or 13 after cleaning)
Tied Bond,Emma Hart (Goodreads Author),'B019E911M8,0199118,Invalid Length (not 10 or 13 after cleaning)
Precious Diamond when you play for keeps,"AVN, Ashley J. Long (Illustrator)",'B0081UL6BS,00816,Invalid Length (not 10 or 13 after cleaning)
Summary of Shoe Dog: by Phil Knight | Includes Analysis,NOT A BOOK,'B01J0FHZYO,010,Invalid Length (not 10 or 13 after cleaning)
The Devil in Disguise,Cynthia Eden (Goodreads Author),'B01F43C9GK,01439,Invalid Length (not 10 or 13 after cleaning)
No More Secrets,Lucy Score (Goodreads Author),'B01B1R4Z10,011410,Invalid Length (not 10 or 13 after cleaning)
"The Courage to Be Creative: How to Believe in Yourself, Your Dreams and Ideas, and Your Creative Career Path",Doreen Virtue,'B01D3VNUCM,013,Invalid Length (not 10 or 13 after cleaning)
Ink Witch,Lindsey Fairleigh (Goodreads Author),'B01JJITYXW,01,Invalid Length (not 10 or 13 after cleaning)
Super Sons Annual #1,"Peter J. Tomasi, Hi-Fi (Illustrator), Jorge Jimenez (Illustrator), Alejandro Sanchez (Illustrator), Cam Smith (Illustrator), Paul Pelletier (Illustrator)",'B075KMCG4Q,0754,Invalid Length (not 10 or 13 after cleaning)
Still Not Satisfied,S.A. Brown (Goodreads Author),'B07F2NGHVV,072,Invalid Length (not 10 or 13 after cleaning)
Valley of Stars,Ava Miles (Goodreads Author),'B07SLC13FB,0713,Invalid Length (not 10 or 13 after cleaning)
Knocked Up by the CEO,Lilian Monroe (Goodreads Author),,,Invalid Length (not 10 or 13 after cleaning)
The Sleepwalkers: How Europe Went to War in 1914,Christopher Clark,'B008R96NIY,00896,Invalid Length (not 10 or 13 after cleaning)
Top Producer,Laura Wolfe (Goodreads Author),'B087X99DB2,087992,Invalid Length (not 10 or 13 after cleaning)
The Penderwicks at Last,Jeanne Birdsall,'B0776H17DV,077617,Invalid Length (not 10 or 13 after cleaning)
Rack & Ruin,Charlie Cochet (Goodreads Author),'B07Z3ZJV6M,0736,Invalid Length (not 10 or 13 after cleaning)
Six Months in the Gold Mines: From a Journal of Three Years Residence in Upper and Lower California 1847-48-49.,Edward Gould Buffum,'B01CUW5V9A,0159,Invalid Length (not 10 or 13 after cleaning)
"No reino das Sombras: Desvendando o mistério dos mistérios, o segredo do segredo, o oculto e o ocultado",Hélio Couto,'B07MXQLDBX,07,Invalid Length (not 10 or 13 after cleaning)
Lucy Crown,Irwin Shaw,,,Invalid Length (not 10 or 13 after cleaning)
Chance of a Lifetime,Joey W. Hill (Goodreads Author),,,Invalid Length (not 10 or 13 after cleaning)
The Lady Series,Denise Domning (Goodreads Author),,,Invalid Length (not 10 or 13 after cleaning)
The Vampire's Release,S.J. Wright (Goodreads Author),,,Invalid Length (not 10 or 13 after cleaning)
Illusory love,Pet Torres (Goodreads Author),,,Invalid Length (not 10 or 13 after cleaning)
Cloak,James Gough,'B005T634QC,005634,Invalid Length (not 10 or 13 after cleaning)
Fate,Elizabeth Reyes (Goodreads Author),'B009KET11G,00911,Invalid Length (not 10 or 13 after cleaning)
Finding Hart,Ella Fox (Goodreads Author),,,Invalid Length (not 10 or 13 after cleaning)
Abu Bakar as-Siddiq (R.A),"Darussalam (Editor), Molvi Abdul Aziz",'B00GIOAB88,0088,Invalid Length (not 10 or 13 after cleaning)
From Gods,Mary Ting (Goodreads Author),,,Invalid Length (not 10 or 13 after cleaning)
حبيب إلى الأبد,نورا يس,,,Invalid Length (not 10 or 13 after cleaning)
Falling Stars,Sadie Grubor (Goodreads Author),'B008XT3PKM,0083,Invalid Length (not 10 or 13 after cleaning)
Circle of Redemption,"Shauna Allen (Goodreads Author), Susan C. Muller (Goodreads Author), Janet Nash (Goodreads Author)",,,Invalid Length (not 10 or 13 after cleaning)
The Arrangement: The Ferro Family,H.M. Ward (Goodreads Author),,,Invalid Length (not 10 or 13 after cleaning)
My First Fun Golf Steps (My First Travel Books Series),"Anna Othitis (Goodreads Author), John Othitis",'ASIN:B00K1,001,Invalid Length (not 10 or 13 after cleaning)
Scars and Songs,Christine Zolendz (Goodreads Author),'B00DDTN9S0,0090,Invalid Length (not 10 or 13 after cleaning)
The Unofficial Zack Warren Fan Club,J.C. Isabella (Goodreads Author),,,Invalid Length (not 10 or 13 after cleaning)
Wide Awake,Shelly Crane (Goodreads Author),,,Invalid Length (not 10 or 13 after cleaning)
Amish Forever - The Complete Series (Helping Hands Press Book 13),"Roger Rheinheimer (Goodreads Author), Crystal Linn (Goodreads Author)",'B00IZL5ORA,005,Invalid Length (not 10 or 13 after cleaning)
The Contract,Scarlett Edwards,'B00JA3UH6K,0036,Invalid Length (not 10 or 13 after cleaning)
Separation,Stylo Fantome (Goodreads Author),'B00NRCDS66,0066,Invalid Length (not 10 or 13 after cleaning)
Avow,Chelsea Fine (Goodreads Author),,,Invalid Length (not 10 or 13 after cleaning)
Cowboy and the Crow,Sedonia Guillone (Goodreads Author),,,Invalid Length (not 10 or 13 after cleaning)
The Fall of Gods,Con Template (Goodreads Author),,,Invalid Length (not 10 or 13 after cleaning)
Digital Photography,Renee B. Williams,'B010KLYK68,01068,Invalid Length (not 10 or 13 after cleaning)
Three Days,"J.S. Cooper (Goodreads Author), Helen Cooper (Goodreads Author)",'B00IA9TB2G,0092,Invalid Length (not 10 or 13 after cleaning)
Liability,"C.A Rose, Aurora Rose Reynolds (Goodreads Author)",,,Invalid Length (not 10 or 13 after cleaning)
Coin Heist,Elisa Ludwig,'B00JAGN4JO,004,Invalid Length (not 10 or 13 after cleaning)
Summary of The Obstacle Is the Way: by Ryan Holiday | Includes Analysis,NOT A BOOK,'B01J0DWFAA,010,Invalid Length (not 10 or 13 after cleaning)
A Wish Made Of Glass,Ashlee Willis (Goodreads Author),'B013TCYJPW,013,Invalid Length (not 10 or 13 after cleaning)
With Us,Layla Frost (Goodreads Author),'B01MZ28O3P,01283,Invalid Length (not 10 or 13 after cleaning)
"SELF-DISCIPLINE: ACHIEVE YOUR GOALS AND GAIN SUCCESS IN LIFE THROUGH THE MASTERY OF SELF DISCIPLINE (Self Help, Habits, Procrastination, Self Control, Productivity, Habits)",Floyd Callahan,'B07BRHLQS3,073,Invalid Length (not 10 or 13 after cleaning)
Super Sons #1,"Peter J. Tomasi, Chris Burnham, Chris Burnham (Writer), Jorge Jimenez (Illustrator), Alejandro Sanchez (Illustrator), Dennis Culver (Goodreads Author), Alejandro Sanchez (Colors)",'B01MSLOM5T,015,Invalid Length (not 10 or 13 after cleaning)
"Whiskey in a Teacup: What Growing Up in the South Taught Me About Life, Love, and Baking Biscuits",Reese Witherspoon,'B07CL96ZWB,0796,Invalid Length (not 10 or 13 after cleaning)
Mirador de la Memoria,Ewa Miendlarzewska (Goodreads Author),'B07F2T769S,072769,Invalid Length (not 10 or 13 after cleaning)
Sacred Texts of the World,Grant Hardy,'B00NTQBVAA,00,Invalid Length (not 10 or 13 after cleaning)
The Girl on the Glider,"Brian Keene (Goodreads Author), Keith Minnion (Artist)",,,Invalid Length (not 10 or 13 after cleaning)
The Witch Boy,Molly Ostertag,,,Invalid Length (not 10 or 13 after cleaning)
Possessive Playboy,"Sloane Howell (Goodreads Author), Alex Wolf (Goodreads Author)",'B07YN35YFR,0735,Invalid Length (not 10 or 13 after cleaning)
Pine & Boof: The Lucky Leaf,Ross Burach,,,Invalid Length (not 10 or 13 after cleaning)
Soul of the Blade,Brenda J. Pierson (Goodreads Author),'B00OBQTBW2,002,Invalid Length (not 10 or 13 after cleaning)
Thick & Thin,Charlie Cochet (Goodreads Author),'B081Y78TMR,08178,Invalid Length (not 10 or 13 after cleaning)
"Cooking with Pooh: Yummy Tummy Cookie Cutter Treats, with Four Cookie Cutters",Marlene Brown,,,Invalid Length (not 10 or 13 after cleaning)
Anxiety,Danny Winter,'B07YVH2K2X,0722,Invalid Length (not 10 or 13 after cleaning)
Tallowwood,N.R. Walker,'B07YB6LCVK,076,Invalid Length (not 10 or 13 after cleaning)
California Coast Trails; A Horseback Ride from Mexico to Oregon,J. Smeaton Chase,'B01M75070X,0175070,Invalid Length (not 10 or 13 after cleaning)
3rd Degree,"James Patterson (Goodreads Author), Andrew Gross (Goodreads Author)",,,Invalid Length (not 10 or 13 after cleaning)
Sanctuary,"Robert Lynn Asprin (Editor), Poul Anderson, James R. Odbert, Walter Velez, Vonda N. McIntyre, Marion Zimmer Bradley, Lynn Abbey (Goodreads Author), Philip José Farmer, more…",,,Invalid Length (not 10 or 13 after cleaning)
Make A Joyful Sound: The Romance of Mabel Hubbard and Alexander Graham Bell,Helen Elmira Waite,,,Invalid Length (not 10 or 13 after cleaning)
False Pretenses,Kathy Herman,'B005MTBIU0,0050,Invalid Length (not 10 or 13 after cleaning)
Caught Screaming,Otep Shamaya,,,Invalid Length (not 10 or 13 after cleaning)
The Cat Who Lived High,Lilian Jackson Braun,,,Invalid Length (not 10 or 13 after cleaning)
Madison's Life Lessons,Gracen Miller,,,Invalid Length (not 10 or 13 after cleaning)
Guard Your Tongue: A Practical Guide to the Laws of Loshon Hora (Gossip and Slander),Zelig Pliskin,,,Invalid Length (not 10 or 13 after cleaning)
"Hatter M: The Looking Glass Wars - Deep Travel Symposium: Questions, Answers, and Revelations","Frank Beddor (Goodreads Author), Liz Cavalier, Ben Templesmith (Illustrator)",'B004GFHPAS,004,Invalid Length (not 10 or 13 after cleaning)
The Seasons Series,Denise Domning (Goodreads Author),,,Invalid Length (not 10 or 13 after cleaning)
Why Marx Was Right,Terry Eagleton,,,Invalid Length (not 10 or 13 after cleaning)
"Three Novels of World War II: The Rising Tide, The Steel Wave, No Less Than Victory",Jeff Shaara,'B005U3ZT80,005380,Invalid Length (not 10 or 13 after cleaning)
The Quran and Modern Science,Zakir Naik,,,Invalid Length (not 10 or 13 after cleaning)
Chaos,Christine O'Neil,'B00E718YVA,00718,Invalid Length (not 10 or 13 after cleaning)
The Nathaniel Hawthorne Short Story Collection: 88 Short Stories,Nathaniel Hawthorne,'B00AM106HE,00106,Invalid Length (not 10 or 13 after cleaning)
Annihilate Me Vol. 1,Christina Ross (Goodreads Author),'B00CJGUHR4,004,Invalid Length (not 10 or 13 after cleaning)
Turn,Sara's Girl,,,Invalid Length (not 10 or 13 after cleaning)
El instante en que te vi,María Laura Gamberro,,,Invalid Length (not 10 or 13 after cleaning)
Skybound,Wendy Beck (Goodreads Author),'B00M5ST00G,00500,Invalid Length (not 10 or 13 after cleaning)
Chasing McCree,J.C. Isabella (Goodreads Author),'B007UASYB0,0070,Invalid Length (not 10 or 13 after cleaning)
Disputed Barricade,Fitzroy Maclean,,,Invalid Length (not 10 or 13 after cleaning)
"The Other Man: A West Coast Novel, Book 4",Jasmine Haynes (Goodreads Author),,,Invalid Length (not 10 or 13 after cleaning)
Infatuate,Aimee Agresti (Goodreads Author),'B008LQ26N4,008264,Invalid Length (not 10 or 13 after cleaning)
Degradation,Stylo Fantome (Goodreads Author),'B00M029T4O,000294,Invalid Length (not 10 or 13 after cleaning)
Marriage: Seven Principles of Making Marriage Work,Megan Coulter (Goodreads Author),'B010E6Y65E,010665,Invalid Length (not 10 or 13 after cleaning)
The Absolutely True Story of Us,Melanie Marchande (Goodreads Author),'B00SK9ZMEC,009,Invalid Length (not 10 or 13 after cleaning)
Sweet Obsession,J. Daniels (Goodreads Author),,,Invalid Length (not 10 or 13 after cleaning)
In China With Green Day,Aaron Cometbus,,,Invalid Length (not 10 or 13 after cleaning)
Celeb Crush,Nicole Christie,'B00U7N8WNW,0078,Invalid Length (not 10 or 13 after cleaning)
Nobody Knows,Kyra Lennon (Goodreads Author),,,Invalid Length (not 10 or 13 after cleaning)
Everywhere We Go,"Dougie Brimson (Goodreads Author), Eddy Brimson",'B006JPLIYW,006,Invalid Length (not 10 or 13 after cleaning)
Summary of Contagious: by Jonah Berger | Includes Analysis,NOT A BOOK,'B01J0FI04I,01004,Invalid Length (not 10 or 13 after cleaning)
The Wulver's Rose,Hayden Wand (Goodreads Author),'B015ZRAN2M,0152,Invalid Length (not 10 or 13 after cleaning)
Someone Else's Fairytale,E.M. Tippetts (Goodreads Author),,,Invalid Length (not 10 or 13 after cleaning)
Undercover Love,Lucy Score (Goodreads Author),,,Invalid Length (not 10 or 13 after cleaning)
How to save 4 Figures this Year: Life Changing Techniques that will save you Money,Kenneth Bellard,'B01CXB7O3E,0173,Invalid Length (not 10 or 13 after cleaning)
Reginald Bones 3,Lucian Bane (Goodreads Author),'B06XCWGXJQ,06,Invalid Length (not 10 or 13 after cleaning)
Lady in White,Denise Domning (Goodreads Author),,,Invalid Length (not 10 or 13 after cleaning)
Unbroken Hart,Ella Fox (Goodreads Author),,,Invalid Length (not 10 or 13 after cleaning)
A Day in the Life of a Muslim Child,Abdul Malik Mujahid,'B00GIOXDVK,00,Invalid Length (not 10 or 13 after cleaning)
Seduced,Melody Anne (Goodreads Author),,,Invalid Length (not 10 or 13 after cleaning)
The Forsaken,"June Gray (Goodreads Author), Wilette Youkey (Goodreads Author)",'B00LLNR7C4,0074,Invalid Length (not 10 or 13 after cleaning)
Die for Her,Amy Plum (Goodreads Author),'B009NFH6OG,0096,Invalid Length (not 10 or 13 after cleaning)
Amish Forever - Volume 10 - Ava's Admirers,"Roger Rheiheimer, Crystal Linn (Goodreads Author)",'B00ALYN7F0,0070,Invalid Length (not 10 or 13 after cleaning)
The Dark Prince,S.L. Jennings (Goodreads Author),'B00BSVNYT4,004,Invalid Length (not 10 or 13 after cleaning)
The Queen and I,Sue Townsend,,,Invalid Length (not 10 or 13 after cleaning)
Loyalty and Lies,L.A. Cotton (Goodreads Author),,,Invalid Length (not 10 or 13 after cleaning)
Love Among The Stars,Nick Spalding (Goodreads Author),'B00UFVKDYW,00,Invalid Length (not 10 or 13 after cleaning)
Bring Him Back,Scott Mariani (Goodreads Author),'B00HCQBB9O,009,Invalid Length (not 10 or 13 after cleaning)
Golf is a Game for Everyone,Timothy W.Davies,'B0065AO30M,006530,Invalid Length (not 10 or 13 after cleaning)
Anti Inflammatory Diet: Know Everything About Inflammation & Ways To Control It,Cheryl Barnhart,'B00ZVDSJ0E,000,Invalid Length (not 10 or 13 after cleaning)
Where We Belong,J. Daniels (Goodreads Author),'B0145COWD4,01454,Invalid Length (not 10 or 13 after cleaning)
Broken: Round One,Skyla Madi (Goodreads Author),'B00S2798Q0,0027980,Invalid Length (not 10 or 13 after cleaning)
Protecting Melody,Susan Stoker (Goodreads Author),,,Invalid Length (not 10 or 13 after cleaning)
Summary of Lean In: by Sheryl Sandberg | Includes Analysis,NOT A BOOK,'B01J0G7GII,0107,Invalid Length (not 10 or 13 after cleaning)
Perfectly Oblivious,Robin Daniels (Goodreads Author),'B072PYZG59,07259,Invalid Length (not 10 or 13 after cleaning)
The Stars in the Sky,Leslie McAdam (Goodreads Author),'B01A3QTJA2,0132,Invalid Length (not 10 or 13 after cleaning)
Super Sons #2,"Peter J. Tomasi, Jorge Jimenez (Illustrator)",'B01N6H9BFK,0169,Invalid Length (not 10 or 13 after cleaning)
It Was Time to Turn Back: A Short Story,RuGranger (Goodreads Author),'B0757YZHTK,0757,Invalid Length (not 10 or 13 after cleaning)
Oblivion,Jennifer L. Armentrout (Goodreads Author),'B0191KMHDM,0191,Invalid Length (not 10 or 13 after cleaning)
Damien Prescott,Sandi Lynn (Goodreads Author),'B07PGLLBWJ,07,Invalid Length (not 10 or 13 after cleaning)
Unorthodox,K.V. Rose (Goodreads Author),'B086Z1H1HJ,08611,Invalid Length (not 10 or 13 after cleaning)
Keeper of the Lost Cities Set,Shannon Messenger (Goodreads Author),'B01FZFVDJG,01,Invalid Length (not 10 or 13 after cleaning)
Soul Symmetry,J.L. Weil (Goodreads Author),'B01IW6STYM,016,Invalid Length (not 10 or 13 after cleaning)
Astral Attack & Defense,Marcelo Ramos Motta,,,Invalid Length (not 10 or 13 after cleaning)
Howl,"Jody Morse (Goodreads Author), Jayme Morse (Goodreads Author)",'B006Q1L7MM,00617,Invalid Length (not 10 or 13 after cleaning)
Death Magic,Eileen Wilks (Goodreads Author),'B0052RDJXG,0052,Invalid Length (not 10 or 13 after cleaning)
The Warrior's Game,Denise Domning (Goodreads Author),'B007SA1GFS,0071,Invalid Length (not 10 or 13 after cleaning)
How to make most of Ramadan,"Darussalam (Editor), Darussalam",'B00GKMZ5VG,005,Invalid Length (not 10 or 13 after cleaning)
Dare The Devil,"Elaine Raco Chase (Goodreads Author), Destiny Landon (Narrator), Lee James (Narrator)",,,Invalid Length (not 10 or 13 after cleaning)
Peter Pan & Alice in Wonderland,"Josette Frank, J.M. Barrie, Lewis Carroll",,,Invalid Length (not 10 or 13 after cleaning)
Land of Shadows,Jeff Gunzel (Goodreads Author),'B008QQ60BI,00860,Invalid Length (not 10 or 13 after cleaning)
Scrap Metal,Harper Fox,'B006H9B70U,006970,Invalid Length (not 10 or 13 after cleaning)
Guess Who I Pulled Last Night?,Nikki Ashton (Goodreads Author),'B00C7FH7J8,00778,Invalid Length (not 10 or 13 after cleaning)
Biker Bound,Ellie R. Hunter (Goodreads Author),'B00OPAZPBK,00,Invalid Length (not 10 or 13 after cleaning)
For Real,Alexis Hall (Goodreads Author),,,Invalid Length (not 10 or 13 after cleaning)
The Armada Legacy,Scott Mariani (Goodreads Author),,,Invalid Length (not 10 or 13 after cleaning)
DIY Ideas At Home: Make Best Out Of Waste,Megan Coulter (Goodreads Author),'B00V6QC9DI,0069,Invalid Length (not 10 or 13 after cleaning)
Tennessee Williams: Eight Plays (Book Club Edition),"Tennessee Williams, Harold Clurman",,,Invalid Length (not 10 or 13 after cleaning)
Ripple,Tui Allen (Goodreads Author),'B005O8J5YA,00585,Invalid Length (not 10 or 13 after cleaning)
The Vanishing Houseboat,Mildred A. Wirt,'B004UJ9K5S,00495,Invalid Length (not 10 or 13 after cleaning)
"England, My England","Dougie Brimson (Goodreads Author), Eddy Brimson",'B006JT5E2K,00652,Invalid Length (not 10 or 13 after cleaning)
Summary of Station Eleven: by Emily St. John Mandel | Includes Analysis,NOT A BOOK,'B01J5CGT1W,0151,Invalid Length (not 10 or 13 after cleaning)
I Temporarily Do,"Ellie Cahill (Goodreads Author), Liz Czukas (Goodreads Author)",'B0744NDPD4,07444,Invalid Length (not 10 or 13 after cleaning)
All the Waters of the Earth,Leslie McAdam (Goodreads Author),,,Invalid Length (not 10 or 13 after cleaning)
"Don't Hire a Software Developer Until You Read this Book: The handbook for tech startups & entrepreneurs (from idea, to build, to product launch and everything in between.)",K.N. Kukoyi (Goodreads Author),'B01LY5C1IK,0151,Invalid Length (not 10 or 13 after cleaning)
Devoured,Jason Brant (Goodreads Author),'B00DPK3D0G,0030,Invalid Length (not 10 or 13 after cleaning)
Super Sons #4,"Peter J. Tomasi, Alejandro Sanchez (Illustrator), Jorge Jimenez (Illustrator)",'B06WWRDWMJ,06,Invalid Length (not 10 or 13 after cleaning)
Method,Kate Stewart (Goodreads Author),'B07QYBJ8T5,0785,Invalid Length (not 10 or 13 after cleaning)
L'amour dure trois ans,Frédéric Beigbeder,,,Invalid Length (not 10 or 13 after cleaning)
El huracán y la mariposa,Yolanda Guerrero,'B072F4RRCB,0724,Invalid Length (not 10 or 13 after cleaning)
The Wasteland,K.A. Knight (Goodreads Author),'B07H45CQ4C,07454,Invalid Length (not 10 or 13 after cleaning)
Black Crow,J.L. Weil (Goodreads Author),'B01CYQFBP6,016,Invalid Length (not 10 or 13 after cleaning)
God is Just: A Defense of the Old Testament Civil Laws,Steve C. Halbrook,,,Invalid Length (not 10 or 13 after cleaning)
"Hatter M, Volume 1: The Looking Glass Wars","Frank Beddor (Goodreads Author), Liz Cavalier, Ben Templesmith (Illustrator)",,,Invalid Length (not 10 or 13 after cleaning)
The Warrior's Wife,Denise Domning (Goodreads Author),'B006H6BDRA,0066,Invalid Length (not 10 or 13 after cleaning)
Sweet Sofie,Elizabeth Reyes (Goodreads Author),'B005FYO462,005462,Invalid Length (not 10 or 13 after cleaning)
Miss Nobody,Nicole Dunlap (Goodreads Author),'B009BGNZ4W,0094,Invalid Length (not 10 or 13 after cleaning)
Unexpected Circumstances,Savage7289,,,Invalid Length (not 10 or 13 after cleaning)
Be Steadfast,"Darussalam (Editor), Darussalam",'B00FQJBBW6,006,Invalid Length (not 10 or 13 after cleaning)
"Better Date than Never Boxed Set: Vol. #1, Books 1-3",Susan Hatler (Goodreads Author),'B00DJHU8D0,0080,Invalid Length (not 10 or 13 after cleaning)
Falling into Infinity,Layne Harper (Goodreads Author),'B00DAJLNN6,006,Invalid Length (not 10 or 13 after cleaning)
ATLAS,Isaac Hooke (Goodreads Author),,,Invalid Length (not 10 or 13 after cleaning)
Taking the Lead: Lessons from a Life in Motion,Derek Hough,'B00EXOFDXS,00,Invalid Length (not 10 or 13 after cleaning)
Hell is the Absence of God,"Ted Chiang, James Trimarco (Narrator)",,,Invalid Length (not 10 or 13 after cleaning)
Depth Charging Ice Planet Goth,Andrez Bergen (Goodreads Author),,,Invalid Length (not 10 or 13 after cleaning)
Three Plays: The Cherry Orchard / Three Sisters / Ivanov,"Anton Chekhov, Elisaveta Fen (Translator)",,,Invalid Length (not 10 or 13 after cleaning)
The True Story of Bonnie and Clyde,"Emma Parker, Jan I. Fortune (Editor), Nell Barrow Cowan",,,Invalid Length (not 10 or 13 after cleaning)
The Walking Dead #1,"Robert Kirkman, Tony Moore (Contributor)",'B00CHCUR9I,009,Invalid Length (not 10 or 13 after cleaning)
Passenger 13,Scott Mariani (Goodreads Author),'B005AX3WSY,0053,Invalid Length (not 10 or 13 after cleaning)
Bedding The Billionaire,Kendra Little,'B00AQJRYWC,00,Invalid Length (not 10 or 13 after cleaning)
His,Aubrey Dark (Goodreads Author),'B00OOAXT28,0028,Invalid Length (not 10 or 13 after cleaning)
Of Letting Go,Le-an Lai Lacaba (Goodreads Author),,,Invalid Length (not 10 or 13 after cleaning)
Assumption,Aurora Rose Reynolds (Goodreads Author),,,Invalid Length (not 10 or 13 after cleaning)
Незнайка в Солнечном Городе,Nikolay Nosov,,,Invalid Length (not 10 or 13 after cleaning)
Pleasure,Lucia Jordan,'B00RXZXOWQ,00,Invalid Length (not 10 or 13 after cleaning)
Capital Punishment,"Dougie Brimson (Goodreads Author), Eddy Brimson",'B006JTBXQQ,006,Invalid Length (not 10 or 13 after cleaning)
"The Bourbon Kid Trilogy: The Book with no Name, The Eye of the Moon, The Devil's Graveyard (3 in 1 e-book bundle)",Anonymous,'B00BUREA5I,005,Invalid Length (not 10 or 13 after cleaning)
How To Keep your Girlfriend Happy - Keep your Relationship to the level You Desire,Lalit Kumar Singh,'B075NTRCXB,075,Invalid Length (not 10 or 13 after cleaning)
Super Sons #3,"Peter J. Tomasi, Alejandro Sanchez (Illustrator), Jorge Jimenez (Illustrator)",'B01MS7CNIE,017,Invalid Length (not 10 or 13 after cleaning)
The Island of Sea Women,Lisa See (Goodreads Author),,,Invalid Length (not 10 or 13 after cleaning)
While You Were Spying,Shana Galen (Goodreads Author),,,Invalid Length (not 10 or 13 after cleaning)
Creativity: Flow and the Psychology of Discovery and Invention,Mihaly Csikszentmihalyi,'B000TG1X9C,00019,Invalid Length (not 10 or 13 after cleaning)
La mejor madre del mundo,Nuria Labari,'B07MJRBWJM,07,Invalid Length (not 10 or 13 after cleaning)
White Raven,J.L. Weil (Goodreads Author),'B00UZKSFHK,00,Invalid Length (not 10 or 13 after cleaning)
هكذا علمتني الحياة,مصطفى السباعي,,,Invalid Length (not 10 or 13 after cleaning)
Haven,Hope Collier (Goodreads Author),'B005MYAA2W,0052,Invalid Length (not 10 or 13 after cleaning)
A Long Way Home,Margaret Brownley (Goodreads Author),'B007J5C1PG,00751,Invalid Length (not 10 or 13 after cleaning)
A Tale of Two Goblins,H.P. Mallory (Goodreads Author),'B004TAS3BK,0043,Invalid Length (not 10 or 13 after cleaning)
Shadowmagic,John Lenahan,,,Invalid Length (not 10 or 13 after cleaning)
Romero,Elizabeth Reyes (Goodreads Author),,,Invalid Length (not 10 or 13 after cleaning)
Rapture (A Been So Long Prequel),Adrienne Thompson (Goodreads Author),,,Invalid Length (not 10 or 13 after cleaning)
The Triskele,Lowri Thomas (Goodreads Author),,,Invalid Length (not 10 or 13 after cleaning)
Winning Over Skylar,Julianna Morris,'B00FTQIAA2,002,Invalid Length (not 10 or 13 after cleaning)
The Charmed,Christine Wenrick (Goodreads Author),'B0092GJGGC,0092,Invalid Length (not 10 or 13 after cleaning)
Listed: Volume VI,Noelle Adams (Goodreads Author),'B00BUCCA8C,008,Invalid Length (not 10 or 13 after cleaning)
Always,Lindsay Paige (Goodreads Author),'B00E36YS8W,00368,Invalid Length (not 10 or 13 after cleaning)
... dein Freund und Mörder,Mila Roth (Goodreads Author),'B00NC73VE0,00730,Invalid Length (not 10 or 13 after cleaning)
The Gifts Of Imperfection: A Complete Guide to Live Life on Your Own Conditions,Megan Coulter (Goodreads Author),'B00YWEJKQ0,000,Invalid Length (not 10 or 13 after cleaning)
The Other Man,R.K. Lilley (Goodreads Author),,,Invalid Length (not 10 or 13 after cleaning)
Mine,Aubrey Dark (Goodreads Author),'B00OYUN3QA,003,Invalid Length (not 10 or 13 after cleaning)
The Housewife Assassin's Handbook,Josie Brown (Goodreads Author),,,Invalid Length (not 10 or 13 after cleaning)
Less Than Three,Le-an Lai Lacaba (Goodreads Author),'B00IAJURRO,00,Invalid Length (not 10 or 13 after cleaning)
Friends Without Benefits,Penny Reid (Goodreads Author),,,Invalid Length (not 10 or 13 after cleaning)
Catacomb,Madeleine Roux (Goodreads Author),'B00QQNWECW,00,Invalid Length (not 10 or 13 after cleaning)
Island of Legends,Lisa McMann (Goodreads Author),'B00IBHSECA,00,Invalid Length (not 10 or 13 after cleaning)
The Complete Poems of Henry Wadsworth Longfellow,Henry Wadsworth Longfellow,'B0084761KO,0084761,Invalid Length (not 10 or 13 after cleaning)
Quitting My Full Time Job To Raise Quails: How I Made A Fortune And What You Can Learn From My Experience,Francis Okumu,'B01JIJN7VW,017,Invalid Length (not 10 or 13 after cleaning)
Rose Red,Caroline Lee (Goodreads Author),'B01JPEZV2S,012,Invalid Length (not 10 or 13 after cleaning)
Summary of Spark Joy: by Marie Kondo | Includes Analysis,NOT A BOOK,'B01K0VOZPO,010,Invalid Length (not 10 or 13 after cleaning)
Murder in Midwinter,Fleur Hitchcock,,,Invalid Length (not 10 or 13 after cleaning)
"How To Survive Life’s Perfect Storms: A Guide to Managing Personal, Career and Relationship Transitions","Klara Gubacs-Collins, G.P. Walsh (Foreword)",'B07CKW8FF1,0781,Invalid Length (not 10 or 13 after cleaning)
Baby Mine,Kennedy Fox (Goodreads Author),'B07J1VJJ56,07156,Invalid Length (not 10 or 13 after cleaning)
Preacher Dom,Lucian Bane (Goodreads Author),'B07DLWZBQG,07,Invalid Length (not 10 or 13 after cleaning)
Birthday Boy,"David Baddiel, Jim Field (Illustrator)",'B071PCX8M6,07186,Invalid Length (not 10 or 13 after cleaning)
Eastendbutchers Short Story Collection: Tales With Meat On The Bone,Joe Lawrence,'B07LG7BHGH,077,Invalid Length (not 10 or 13 after cleaning)
Éloge de la folie,"Erasme, Gustave Lejeal (Translator)",'B01CL2R5N4,01254,Invalid Length (not 10 or 13 after cleaning)
Overkill: Snippets of Demonica Life,Larissa Ione (Goodreads Author),,,Invalid Length (not 10 or 13 after cleaning)
The Breed Next Door,Lora Leigh,'B002HUU0A6,00206,Invalid Length (not 10 or 13 after cleaning)
White Space,Ilsa J. Bick (Goodreads Author),'B00EMX82IS,0082,Invalid Length (not 10 or 13 after cleaning)
Great Hexpectations,H.P. Mallory (Goodreads Author),'B0060QST0Q,00600,Invalid Length (not 10 or 13 after cleaning)
Valkyrie The Vampire Princess,Pet Torres (Goodreads Author),,,Invalid Length (not 10 or 13 after cleaning)
Who We Are,"S.Q. Williams, Shanora Williams (Goodreads Author)",'B00FA2B9S0,00290,Invalid Length (not 10 or 13 after cleaning)
Golden Stories of Sayida Khadija (R.A),"Abdul Malik Mujahid, Darussalam (Editor)",'B00FQJANNO,00,Invalid Length (not 10 or 13 after cleaning)
Холодные берега,"Sergei Lukyanenko, Sergei Lukyanenko",,,Invalid Length (not 10 or 13 after cleaning)
With This Collar,Sierra Cartwright (Goodreads Author),'B00BHJ6X8Q,0068,Invalid Length (not 10 or 13 after cleaning)
Unlocked,Maya Cross (Goodreads Author),'B00EMLEY5U,005,Invalid Length (not 10 or 13 after cleaning)
Behold the Stars,Susan Fanetti (Goodreads Author),'B00H5R8QQ6,00586,Invalid Length (not 10 or 13 after cleaning)
Forever In Time,Nicky Charles (Goodreads Author),'B00JCXEDS6,006,Invalid Length (not 10 or 13 after cleaning)
Broken Hearts,"Roger Rheinheimer (Goodreads Author), Crystal Linn (Goodreads Author)",,,Invalid Length (not 10 or 13 after cleaning)
A Shropshire Lad and Last Poems: For the Love of Moses,"A.E. Housman, Keith Hale",'B00DP0FYCG,000,Invalid Length (not 10 or 13 after cleaning)
I'm Yours,Lindsay Paige (Goodreads Author),'B0067MZ2MQ,00672,Invalid Length (not 10 or 13 after cleaning)
The Song of Albion Collection,Stephen R. Lawhead,'B00KQ2G85I,00285,Invalid Length (not 10 or 13 after cleaning)
Exceptional,Jess Petosa (Goodreads Author),,,Invalid Length (not 10 or 13 after cleaning)
Owned,"M. Never (Goodreads Author), Perfectly Publishable (Illustrator)",,,Invalid Length (not 10 or 13 after cleaning)
Monsters in the Dark,Pepper Winters (Goodreads Author),'B00UIPVOMK,00,Invalid Length (not 10 or 13 after cleaning)
Love Hacked,Penny Reid (Goodreads Author),,,Invalid Length (not 10 or 13 after cleaning)
Miss Santa Claus of the Pullman,Annie Fellows Johnston,'B00AQMA9XA,009,Invalid Length (not 10 or 13 after cleaning)
"Labour Day: Origin, Meaning, And Trivia",Francis Okumu,'B00W6HAYA6,0066,Invalid Length (not 10 or 13 after cleaning)
Briar Rose,Caroline Lee (Goodreads Author),'B01LY3LXT2,0132,Invalid Length (not 10 or 13 after cleaning)
Lumbersexual,Leslie McAdam (Goodreads Author),'B01HKQU16E,0116,Invalid Length (not 10 or 13 after cleaning)
Sirenhawk Book 2: Misborn of the Wilding River,L.E. Parr (Goodreads Author),'B078GQ7NZN,0787,Invalid Length (not 10 or 13 after cleaning)
Batman: Prelude to the Wedding: Nightwing vs. Hush #1,"Tim Seeley (Goodreads Author), Otto Schmidt (Illustrator), Tamra Bonvillain (Illustrator), Rafael Albuquerque (Illustrator), Dave McCaig (Illustrator), Travis Moore (Goodreads Author) (Illustrator)",'B07D2XCLFN,072,Invalid Length (not 10 or 13 after cleaning)
Baby Yours,Kennedy Fox (Goodreads Author),'B07QS8BHWH,078,Invalid Length (not 10 or 13 after cleaning)
Bones Brothers,Lucian Bane (Goodreads Author),'B074V6DRBB,0746,Invalid Length (not 10 or 13 after cleaning)
His Virgin Queen,MINK (Goodreads Author),'B083TFRHSQ,083,Invalid Length (not 10 or 13 after cleaning)
HIGHER CAUSE,"John Hunt, Susanne Clark (Illustrator), B.K. Marcus (Editor)",'B00BBOO6VS,006,Invalid Length (not 10 or 13 after cleaning)
The Sacred and the Profane: The Nature of Religion,"Mircea Eliade, Willard R. Trask (Translator)",,,Invalid Length (not 10 or 13 after cleaning)
Deadly Dreams,Sarah Dieng (Goodreads Author),,,Invalid Length (not 10 or 13 after cleaning)
The Cage,Megan Shepherd (Goodreads Author),'B00N7Z49DY,00749,Invalid Length (not 10 or 13 after cleaning)
"Far from the Tree: Parents, Children, and the Search for Identity",Andrew Solomon,,,Invalid Length (not 10 or 13 after cleaning)
Chasing Forever,Pamela Ann (Goodreads Author),,,Invalid Length (not 10 or 13 after cleaning)
Double Occupancy,Elaine Raco Chase (Goodreads Author),'B005FCDT8I,0058,Invalid Length (not 10 or 13 after cleaning)
Agents Under Fire,Dana Marton (Goodreads Author),'B006Q2V2J4,006224,Invalid Length (not 10 or 13 after cleaning)
Butch,Sam Crescent (Goodreads Author),'B00M7LK8XY,0078,Invalid Length (not 10 or 13 after cleaning)
The Weight of Snow: New & Selected Poems,B.L. Bruce (Goodreads Author),,,Invalid Length (not 10 or 13 after cleaning)
The Course of True Love [and First Dates],Cassandra Clare (Goodreads Author),,,Invalid Length (not 10 or 13 after cleaning)
Our Happily Ever After,Lindsay Paige (Goodreads Author),'B00HTU6ZUS,006,Invalid Length (not 10 or 13 after cleaning)
Avenger,Heather Burch (Goodreads Author),'B00AP6080G,006080,Invalid Length (not 10 or 13 after cleaning)
Ella,Caroline Lee (Goodreads Author),'B01C85DOQG,0185,Invalid Length (not 10 or 13 after cleaning)
Summary of Getting Things Done: by David Allen | Includes Analysis,NOT A BOOK,'B01M0LNZAR,010,Invalid Length (not 10 or 13 after cleaning)
Entranced,Jessica Sorensen (Goodreads Author),,,Invalid Length (not 10 or 13 after cleaning)
All About the D,"Lex Martin (Goodreads Author), Leslie McAdam (Goodreads Author)",,,Invalid Length (not 10 or 13 after cleaning)
Misborn of the Snowy Reaches,L.E. Parr (Goodreads Author),'B073RSM3BH,0733,Invalid Length (not 10 or 13 after cleaning)
Batman: Prelude to the Wedding: Robin vs. Ra's Al Ghul #1,"Tim Seeley (Goodreads Author), Otto Schmidt (Illustrator), Jordie Bellaire (Illustrator), Rafael Albuquerque (Illustrator), Dave McCaig (Illustrator), Andrew Hennessy (Illustrator), Mick Gray (Illustrator), Brad Walker (Illustrator)",'B07BVZMRBG,07,Invalid Length (not 10 or 13 after cleaning)
Das Lied von Eis und Feuer 10: Ein Tanz mit Drachen,George R.R. Martin,,,Invalid Length (not 10 or 13 after cleaning)
Working for Bigfoot,"Jim Butcher (Goodreads Author), Vincent Chong (Illustrator)",'B00ZXPSA7C,007,Invalid Length (not 10 or 13 after cleaning)
Blackwing Beast,T.S. Joyce (Goodreads Author),'B01M4IYQH3,0143,Invalid Length (not 10 or 13 after cleaning)
Flawed: (A Psychological Dark Romance),Felicity Brandon (Goodreads Author),'B07QWMBY2B,072,Invalid Length (not 10 or 13 after cleaning)
Brooding YA Hero: Becoming a Main Character (Almost) as Awesome as Me,"Carrie Ann DiRisio (Goodreads Author), Linnea Gear (Illustrator)",'B071VN1GMR,0711,Invalid Length (not 10 or 13 after cleaning)
Sadistic Games: The Complete Series,Lucian Bane (Goodreads Author),'B07PS6Y3XV,0763,Invalid Length (not 10 or 13 after cleaning)
Bronson,Shanna Handel (Goodreads Author),'B07TWZQLJQ,07,Invalid Length (not 10 or 13 after cleaning)
I Was Hitler's Chauffeur : The Memoir of Erich Kempka,Erich Kempka,'B00USAEKEE,00,Invalid Length (not 10 or 13 after cleaning)
A Touch of Darkness,Scarlett St. Clair (Goodreads Author),,,Invalid Length (not 10 or 13 after cleaning)
Assassin,"Douglas R. Casey, John F. Hunt (Goodreads Author)",'B08L21KD86,082186,Invalid Length (not 10 or 13 after cleaning)
Deadly Desires,Sarah Dieng (Goodreads Author),,,Invalid Length (not 10 or 13 after cleaning)
Wolfe's Hope,Lora Leigh,,,Invalid Length (not 10 or 13 after cleaning)
Gods and Heroes of Ancient Greece,"Gustav Schwab (Editor), Werner Wilhelm Jaeger (Introduction)",,,Invalid Length (not 10 or 13 after cleaning)
The Stepmother,Caroline Lee (Goodreads Author),'B01IRU6RI8,0168,Invalid Length (not 10 or 13 after cleaning)
Summary of You Can Heal Your Life: by Louise L. Hay | Includes Analysis,NOT A BOOK,'B01LZAS79A,0179,Invalid Length (not 10 or 13 after cleaning)
A House of Mysteries,Bella Forrest (Goodreads Author),'B06Y1FB17V,06117,Invalid Length (not 10 or 13 after cleaning)
Team Player,"Adriana Locke (Goodreads Author), Charleigh Rose (Goodreads Author), Ella Fox (Goodreads Author), Emma Scott (Goodreads Author), Kate Stewart (Goodreads Author), Kennedy Ryan (Goodreads Author), L.J. Shen (Goodreads Author), Mandi Beck (Goodreads Author), more…",'B07891C4C6,0789146,Invalid Length (not 10 or 13 after cleaning)
Loving Taylor (Loving Bad Book 4),Regan Ure (Goodreads Author),'B079ZP7HGL,0797,Invalid Length (not 10 or 13 after cleaning)
Le Mythe de la virilité,Olivia Gazalé,'B075YZJNJ6,0756,Invalid Length (not 10 or 13 after cleaning)
Blackwing Wolf,T.S. Joyce (Goodreads Author),'B01LXXRVAP,01,Invalid Length (not 10 or 13 after cleaning)
Fallen: (A Psychological Dark Romance),Felicity Brandon (Goodreads Author),'B07SPDB27L,0727,Invalid Length (not 10 or 13 after cleaning)
Angels: What the Bible Really Says About God’s Heavenly Host,Michael S. Heiser,'B07GJWPXC3,073,Invalid Length (not 10 or 13 after cleaning)
Carter,Shanna Handel (Goodreads Author),'B07WCCYMG3,073,Invalid Length (not 10 or 13 after cleaning)
Switch,Ingrid Law (Goodreads Author),,,Invalid Length (not 10 or 13 after cleaning)
Ashes (The Wings Trilogy: Adam Book 3),Angelina J. Steffort (Goodreads Author),'B07R697H2F,076972,Invalid Length (not 10 or 13 after cleaning)
The Game of Love and Death,Martha Brockenbrough (Goodreads Author),'B00OBOAITE,00,Invalid Length (not 10 or 13 after cleaning)
A Spoonful of Murder,Robin Stevens (Goodreads Author),'B06W5TZRLK,065,Invalid Length (not 10 or 13 after cleaning)
Bitter Frost,Kailin Gow (Goodreads Author),,,Invalid Length (not 10 or 13 after cleaning)
The Trouble with Spells,Lacey Weatherford (Goodreads Author),'B004RRB2WW,0042,Invalid Length (not 10 or 13 after cleaning)
Bitterroot Crossing,Tess Oliver (Goodreads Author),'B004IE9XQQ,0049,Invalid Length (not 10 or 13 after cleaning)
Love is Darkness,Caroline Hanson (Goodreads Author),'B005JMJ046,005046,Invalid Length (not 10 or 13 after cleaning)
Christmas Showdown,Mackenzie McKade,'B006HA4WHO,0064,Invalid Length (not 10 or 13 after cleaning)
Tweets from Tahrir,"Nadia Idle (Editor), Alex Nunns (Editor)",,,Invalid Length (not 10 or 13 after cleaning)
Chasing Paradise,Pamela Ann (Goodreads Author),,,Invalid Length (not 10 or 13 after cleaning)
Umar Bin Abdul Aziz,Darussalam,'B00FQLPSNM,00,Invalid Length (not 10 or 13 after cleaning)
Depraved 2,Bryan Smith (Goodreads Author),'B00HRNR25E,0025,Invalid Length (not 10 or 13 after cleaning)
Almost Priest,Lydia Michaels (Goodreads Author),'B00DU10GW8,00108,Invalid Length (not 10 or 13 after cleaning)
Devil's Kiss: Widowmakers MC,Celia Loren,'B00LKSISBO,00,Invalid Length (not 10 or 13 after cleaning)
Waiting on the Sidelines,Ginger Scott (Goodreads Author),,,Invalid Length (not 10 or 13 after cleaning)
So fern wie ein Stern,Amanda Frost (Goodreads Author),'B00K86F2S6,008626,Invalid Length (not 10 or 13 after cleaning)
Landry Park,Bethany Hagen (Goodreads Author),'B00DGZI8YG,008,Invalid Length (not 10 or 13 after cleaning)
Becoming the Good Girl's Husband,Letty Scott (Goodreads Author),'B00PLM30HW,0030,Invalid Length (not 10 or 13 after cleaning)
The Billionaire's First Christmas,Holly Rayner (Goodreads Author),'B00QSO9J36,00936,Invalid Length (not 10 or 13 after cleaning)
Easy Kisses,Kristen Pro(Goodreads Author),'B016QYDE5Q,0165,Invalid Length (not 10 or 13 after cleaning)
Rapunzelle,Caroline Lee (Goodreads Author),'B01J6A46NQ,01646,Invalid Length (not 10 or 13 after cleaning)
Mars Trilogy,Kim Stanley Robinson,,,Invalid Length (not 10 or 13 after cleaning)
Rebellion: The Inside Story of Football's Protest Movement,Dougie Brimson (Goodreads Author),'B00U58U1F6,005816,Invalid Length (not 10 or 13 after cleaning)
Summary of The Purpose Driven Life: by Rick Warren | Includes Analysis,NOT A BOOK,'B01LXCL50K,0150,Invalid Length (not 10 or 13 after cleaning)
The Lake House,Kate Morton (Goodreads Author),,,Invalid Length (not 10 or 13 after cleaning)
A Gift of Three,Bella Forrest (Goodreads Author),'B06XJD1SZD,061,Invalid Length (not 10 or 13 after cleaning)
The Bad Boy Stole My Bra,Cherry_Cola_X,,,Invalid Length (not 10 or 13 after cleaning)
Bilbo the Clown Fights Evil,"T. Thornton Gray (Goodreads Author), Hmd_gfx's Gigs (Illustrator), Jorden Harris (Illustrator), Dustin Gray (Illustrator)",'B01M0DFP1I,0101,Invalid Length (not 10 or 13 after cleaning)
Red Hood and the Outlaws: Rebirth #1,"Scott Lobdell, Dexter Soy (Illustrator)",'B01EGRPT9E,019,Invalid Length (not 10 or 13 after cleaning)
Rome's Sacred Flame,Robert Fabbri,,,Invalid Length (not 10 or 13 after cleaning)
Safe Distance,Megan Green (Goodreads Author),'B01075HQCM,01075,Invalid Length (not 10 or 13 after cleaning)
Blackwing Dragon,T.S. Joyce (Goodreads Author),'B01JN8X0QA,0180,Invalid Length (not 10 or 13 after cleaning)
Forbidden: (A Psychological Dark Romance),Felicity Brandon (Goodreads Author),'B07TTV57VH,0757,Invalid Length (not 10 or 13 after cleaning)
What Does God Want?,Michael S. Heiser,'B07K31MS5M,07315,Invalid Length (not 10 or 13 after cleaning)
Cajun Gumbo: Lucian Bane’s Cajun Recipes,Lucian Bane (Goodreads Author),'B07FPPB3P1,0731,Invalid Length (not 10 or 13 after cleaning)
Don't Read the Comments,Eric Smith (Goodreads Author),,,Invalid Length (not 10 or 13 after cleaning)
Wife,Penelope Sky,'B07WMFXGRD,07,Invalid Length (not 10 or 13 after cleaning)
Fire (The Wings Trilogy: Adam Book 2),Angelina J. Steffort (Goodreads Author),'B07MDXSW1D,071,Invalid Length (not 10 or 13 after cleaning)
The Epic Love Story of Doug and Stephen,Valerie Z. Lewis (Goodreads Author),'B004W8DA30,004830,Invalid Length (not 10 or 13 after cleaning)
The Sword in the Stone (Little Golden Book),Carl Memling,,,Invalid Length (not 10 or 13 after cleaning)
Chasing Beautiful,Pamela Ann (Goodreads Author),,,Invalid Length (not 10 or 13 after cleaning)
Guardian Agent,Dana Marton (Goodreads Author),'B0056NU4BG,00564,Invalid Length (not 10 or 13 after cleaning)
The Man Who Ended History: A Documentary,Ken Liu (Goodreads Author),,,Invalid Length (not 10 or 13 after cleaning)
Breaking Beautiful,Amanda Bennett (Goodreads Author),'B00AU8688U,008688,Invalid Length (not 10 or 13 after cleaning)
Shades,Nicole James (Goodreads Author),'B00OYWP438,00438,Invalid Length (not 10 or 13 after cleaning)
The Wolf Within,Cynthia Eden (Goodreads Author),'B00A8NGHE2,0082,Invalid Length (not 10 or 13 after cleaning)
Werewolves Be Damned,Stacey Kennedy (Goodreads Author),'B00CBFZVU6,006,Invalid Length (not 10 or 13 after cleaning)
Year of the Black Rainbow,"Claudio Sánchez, Peter David",,,Invalid Length (not 10 or 13 after cleaning)
Easy Melody,Kristen Pro(Goodreads Author),,,Invalid Length (not 10 or 13 after cleaning)
Finding Yourself: How To Tap Into Your Potential And Live The Life You Were Created For,Francis Okumu,'B00UKGZZPE,00,Invalid Length (not 10 or 13 after cleaning)
Little Red,Caroline Lee (Goodreads Author),'B01DJZ7G5E,0175,Invalid Length (not 10 or 13 after cleaning)
Summary of The War of Art: by Steven Pressfield | Includes Analysis,NOT A BOOK,'B01LYLEN9Q,019,Invalid Length (not 10 or 13 after cleaning)
A Tip of Balance,Bella Forrest (Goodreads Author),'B073YZZ6HX,0736,Invalid Length (not 10 or 13 after cleaning)
Two Little Boys,L.M. Krier (Goodreads Author),'B00YHBMGMI,00,Invalid Length (not 10 or 13 after cleaning)
Dark Harmony,Laura Thalassa (Goodreads Author),'B07HMD24BP,0724,Invalid Length (not 10 or 13 after cleaning)
Swear,Adriana Locke (Goodreads Author),,,Invalid Length (not 10 or 13 after cleaning)
"Gimme Love, Gimme Hope, Gimme Shelter: The True Inspiration Behind the Movie Gimme Shelter",Kathy DiFiore,'B00J412TR8,004128,Invalid Length (not 10 or 13 after cleaning)
Paranormal Soul Pyre Trilogy,Charlie Purple (Goodreads Author),'B0792FH26Y,079226,Invalid Length (not 10 or 13 after cleaning)
Batman: Prelude to the Wedding: Batgirl vs. Riddler #1,"Tim Seeley (Goodreads Author), Jordie Bellaire (Illustrator), Rafael Albuquerque (Illustrator), Dave McCaig (Illustrator), José Marzán Jr. (Illustrator), Minkyu Jung (Illustrator)",'B07D5MW6BZ,0756,Invalid Length (not 10 or 13 after cleaning)
Blackwing Defender,T.S. Joyce (Goodreads Author),'B01LQM6M7A,0167,Invalid Length (not 10 or 13 after cleaning)
Claw 2,Lucian Bane (Goodreads Author),'B01HUHU30W,0130,Invalid Length (not 10 or 13 after cleaning)
Marco's Girl,MINK (Goodreads Author),'B0852SCMGY,0852,Invalid Length (not 10 or 13 after cleaning)
Den of Vipers,K.A. Knight (Goodreads Author),'B08818YQB5,088185,Invalid Length (not 10 or 13 after cleaning)
Husband,Penelope Sky,'B07XT5ZCWG,075,Invalid Length (not 10 or 13 after cleaning)
Spark (The Wings Trilogy: Adam Book 1),Angelina J. Steffort (Goodreads Author),'B07GTB4GXL,074,Invalid Length (not 10 or 13 after cleaning)
Speculator,"Douglas R. Casey, John F. Hunt (Goodreads Author)",'B01L83YEX6,01836,Invalid Length (not 10 or 13 after cleaning)
The North China Lover,"Marguerite Duras, Leigh Hafrey (Translator)",,,Invalid Length (not 10 or 13 after cleaning)
Conflict of Interest,Jae (Goodreads Author),'B001GSJT8E,0018,Invalid Length (not 10 or 13 after cleaning)
Thicker Than Water,"Jayme Morse (Goodreads Author), Jody Morse (Goodreads Author)",'B005XKWQ18,00518,Invalid Length (not 10 or 13 after cleaning)
Don't Fear the Reaper,Michelle Muto (Goodreads Author),'B005P4534O,0054534,Invalid Length (not 10 or 13 after cleaning)
Edge of Destiny,J. Robert King,'B003VPWXLU,003,Invalid Length (not 10 or 13 after cleaning)
Golden Stories of Umar Ibn Al-Khatab,"Abdul Malik Mujahid, Darussalam",'B00DMI6XN0,0060,Invalid Length (not 10 or 13 after cleaning)
The Last Harvest,Kim Liggett (Goodreads Author),'B01FQQ41RA,0141,Invalid Length (not 10 or 13 after cleaning)
Revealed,Evangeline Anderson (Goodreads Author),'B007DCYR3O,0073,Invalid Length (not 10 or 13 after cleaning)
Crash,Nicole James (Goodreads Author),'B00J0KYFSO,000,Invalid Length (not 10 or 13 after cleaning)
Night Sins,Tami Hoag (Goodreads Author),,,Invalid Length (not 10 or 13 after cleaning)
The Capture,Erika Wilde (Goodreads Author),'B00OHNUKXI,00,Invalid Length (not 10 or 13 after cleaning)
Elements of Chemistry: Heat,Penny Reid (Goodreads Author),,,Invalid Length (not 10 or 13 after cleaning)
Rio de Janeiro: Everything You Need To Know,Francis Okumu,'B00WS18D1M,00181,Invalid Length (not 10 or 13 after cleaning)
Beauty,Caroline Lee (Goodreads Author),'B01DL9M1OO,0191,Invalid Length (not 10 or 13 after cleaning)
The Art of Breathing,T.J. Klune (Goodreads Author),,,Invalid Length (not 10 or 13 after cleaning)
The Day of St. Anthony's Fire,John G. Fuller,,,Invalid Length (not 10 or 13 after cleaning)
A Shield of Glass,Bella Forrest (Goodreads Author),'B074M16KPS,07416,Invalid Length (not 10 or 13 after cleaning)
The Emperor of Evening Stars,Laura Thalassa (Goodreads Author),'B075ZZDK42,07542,Invalid Length (not 10 or 13 after cleaning)
Battle of the Sexes,Adriana Locke (Goodreads Author),,,Invalid Length (not 10 or 13 after cleaning)
24 Colors,Kozue Chiba,,,Invalid Length (not 10 or 13 after cleaning)
Untamed Delights,Suzanne Wright (Goodreads Author),'B07MW42RFH,0742,Invalid Length (not 10 or 13 after cleaning)
Beta,Jasinda Wilder (Goodreads Author),'B00M0ZN2P8,00028,Invalid Length (not 10 or 13 after cleaning)
His Deadly Darling,MINK (Goodreads Author),'B083DHPHYT,083,Invalid Length (not 10 or 13 after cleaning)
First,Penelope Sky,'B0826PM175,0826175,Invalid Length (not 10 or 13 after cleaning)
The Secret Girl,C.M. Stunich (Goodreads Author),'B07S7JSLT3,0773,Invalid Length (not 10 or 13 after cleaning)
Plato and a Platypus Walk Into a Bar: Understanding Philosophy Through Jokes,"Thomas Cathcart, Daniel Klein",,,Invalid Length (not 10 or 13 after cleaning)
Caravan of Dreams,Idries Shah,,,Invalid Length (not 10 or 13 after cleaning)
Pursued,Evangeline Anderson (Goodreads Author),'B008DQLQ6A,0086,Invalid Length (not 10 or 13 after cleaning)
"Contes des mille et une nuits, Intégrale Volumes 1 à 9","Anonymous, Antoine Galland (Translator)",'B008R94E44,0089444,Invalid Length (not 10 or 13 after cleaning)
Dark Light,S.L. Jennings (Goodreads Author),,,Invalid Length (not 10 or 13 after cleaning)
Revive,Nina Levine (Goodreads Author),,,Invalid Length (not 10 or 13 after cleaning)
Ahh! Sims.,Carl Sims,'B005MRAZII,005,Invalid Length (not 10 or 13 after cleaning)
La interpretadora de sueños,Rafeal R. Costa,'B007HO9CVU,0079,Invalid Length (not 10 or 13 after cleaning)
Finally Us,Harper Bentley (Goodreads Author),,,Invalid Length (not 10 or 13 after cleaning)
The Invitation,Erika Wilde (Goodreads Author),'B00HS8YDKA,008,Invalid Length (not 10 or 13 after cleaning)
Shatter,"Jocelynn Drake (Goodreads Author), Rinda Elliott (Goodreads Author)",'B01B36VVDO,0136,Invalid Length (not 10 or 13 after cleaning)
Easy Love,Kristen Pro(Goodreads Author),'B00ROFITIE,00,Invalid Length (not 10 or 13 after cleaning)
"Flower Farming: Sales, Markets, Funding, And Investing",Francis Okumu,'B00Z3FJ7BU,0037,Invalid Length (not 10 or 13 after cleaning)
What Would Lizzy Bennet Do?,Katie Oliver (Goodreads Author),'B0175WV0BI,01750,Invalid Length (not 10 or 13 after cleaning)
A Tide of War,Bella Forrest (Goodreads Author),'B01MYFS2H8,0128,Invalid Length (not 10 or 13 after cleaning)
Swink,Adriana Locke (Goodreads Author),,,Invalid Length (not 10 or 13 after cleaning)
Silver,Chris Wooding,,,Invalid Length (not 10 or 13 after cleaning)
Wild Country,Anne Bishop,'B07DMZB97R,0797,Invalid Length (not 10 or 13 after cleaning)
Reginald Bones: BOX SET 1-3,Lucian Bane (Goodreads Author),'B06XVJLHK1,061,Invalid Length (not 10 or 13 after cleaning)
Sacrificed to the Beast,Jessa Kane,'B07V6Q6B8R,07668,Invalid Length (not 10 or 13 after cleaning)
Lover,Penelope Sky,'B07ZMVV2GV,072,Invalid Length (not 10 or 13 after cleaning)
Break Me,K.V. Rose (Goodreads Author),'B07WGTHN8S,078,Invalid Length (not 10 or 13 after cleaning)
"Black (The Wings Trilogy, #2)",Angelina J. Steffort (Goodreads Author),'B0774H9KJG,07749,Invalid Length (not 10 or 13 after cleaning)
Savor,Megan Duncan (Goodreads Author),'B005QJ6P9K,00569,Invalid Length (not 10 or 13 after cleaning)
Wild Irish Ride,Jennifer Saints (Goodreads Author),'B0043GX2FW,00432,Invalid Length (not 10 or 13 after cleaning)
LOVING OUR PARENTS,"Abdul Malik Mujahid, Darussalam",'B00DMFMR4M,004,Invalid Length (not 10 or 13 after cleaning)
Kiss & Ride,September Roberts (Goodreads Author),'B00I8ZGCXI,008,Invalid Length (not 10 or 13 after cleaning)
Just Ella,Annette K. Larsen (Goodreads Author),,,Invalid Length (not 10 or 13 after cleaning)
Teryosha,"Aleksey Nikolayevich Tolstoy (Adaptor), Olga Shartse (Translator), Yulian Korovin (Illustrator)",'B0006EKUFU,0006,Invalid Length (not 10 or 13 after cleaning)
Fall into You,Roni Loren (Goodreads Author),,,Invalid Length (not 10 or 13 after cleaning)
Vampire Box Set 8 Books,H.T. Night (Goodreads Author),'B00A6KCFU2,0062,Invalid Length (not 10 or 13 after cleaning)
Satan's Property,Celia Loren,'B00KEFN9W2,0092,Invalid Length (not 10 or 13 after cleaning)
Am dreizehnten Tag,Regina Mengel,'B00EVQZ3HE,003,Invalid Length (not 10 or 13 after cleaning)
Finding Us,Harper Bentley (Goodreads Author),,,Invalid Length (not 10 or 13 after cleaning)
Turning Curse,A.C. Harrah (Goodreads Author),,,Invalid Length (not 10 or 13 after cleaning)
Take Me to Paradise,Olivia Cunning (Goodreads Author),'B00PF1A0PY,0010,Invalid Length (not 10 or 13 after cleaning)
Fractured,Sydney Landon (Goodreads Author),'B00P2QYR5Q,0025,Invalid Length (not 10 or 13 after cleaning)
Quails 101: The Most Asked Questions And Answers On Quail Farming,Francis Okumu,'B00VZ2YQWA,002,Invalid Length (not 10 or 13 after cleaning)
The Trouble With Emma,Katie Oliver (Goodreads Author),'B018QIKVWY,018,Invalid Length (not 10 or 13 after cleaning)
Kicking Off: Why hooliganism and racism are killing football,Dougie Brimson (Goodreads Author),'B0050SS4KU,00504,Invalid Length (not 10 or 13 after cleaning)
A Passage of Threats,Bella Forrest (Goodreads Author),'B071GRHW4M,0714,Invalid Length (not 10 or 13 after cleaning)
My Roommate's Girl,Julianna Keyes (Goodreads Author),'B07287FQ79,0728779,Invalid Length (not 10 or 13 after cleaning)
Switch,Adriana Locke (Goodreads Author),,,Invalid Length (not 10 or 13 after cleaning)
Fierce Obsessions,Suzanne Wright (Goodreads Author),'B01MXUSM1E,011,Invalid Length (not 10 or 13 after cleaning)
Fighting Absolution,Kate McCarthy (Goodreads Author),'B07V5XK9HH,0759,Invalid Length (not 10 or 13 after cleaning)
Wanted By The Devil,Joanna Blake (Goodreads Author),'B07258Y1F8,0725818,Invalid Length (not 10 or 13 after cleaning)
Secret,Penelope Sky,'B086J1XMMG,0861,Invalid Length (not 10 or 13 after cleaning)
Devour,Megan Duncan (Goodreads Author),'B00BLUJIHY,00,Invalid Length (not 10 or 13 after cleaning)
The Word of Promise Complete Audio Bible: NKJV,"Anonymous, Marcia Gay Harden (narrator), Stacy Keach (narrator), Malcom McDowell (narrator), Jon Voight (narrator), Gary Sinese (narrator), Max von Sydow (narrator), Marisa Tomei (narrator), more…",'B003UC45I8,003458,Invalid Length (not 10 or 13 after cleaning)
Legacy,Clifford Riley,'B0065NQ8G6,006586,Invalid Length (not 10 or 13 after cleaning)
Obsession,Ivory Quinn (Goodreads Author),'B00C1RJ8PS,0018,Invalid Length (not 10 or 13 after cleaning)
A Love like This,Kahlen Aymes (Goodreads Author),,,Invalid Length (not 10 or 13 after cleaning)
The Spinoza Trilogy,J.R. Rain (Goodreads Author),'B00B7XVBOS,007,Invalid Length (not 10 or 13 after cleaning)
Rae of Hope,W.J. May (Goodreads Author),'B00B1NNFR0,0010,Invalid Length (not 10 or 13 after cleaning)
Discovering Us,Harper Bentley (Goodreads Author),'B00FOH0RMK,000,Invalid Length (not 10 or 13 after cleaning)
James Potter and the Morrigan Web,G. Norman Lippert (Goodreads Author),,,Invalid Length (not 10 or 13 after cleaning)
Sinners at the Altar,Olivia Cunning (Goodreads Author),'B00IEMYYVM,00,Invalid Length (not 10 or 13 after cleaning)
Who Needs Mr Willoughby?,Katie Oliver (Goodreads Author),'B018QIKVRO,018,Invalid Length (not 10 or 13 after cleaning)
Surviving the Storm,Shay Savage (Goodreads Author),'B00OE9I6NQ,0096,Invalid Length (not 10 or 13 after cleaning)
A Ride of Peril,Bella Forrest (Goodreads Author),'B0719W3HL5,071935,Invalid Length (not 10 or 13 after cleaning)
The Journal CEO Magazine: A Personal Journaling Magazine,The Journal CEO Magazine,'B01NB93UGW,0193,Invalid Length (not 10 or 13 after cleaning)
Muffin (House of Assignation SEries),Kimmie Thomas (Goodreads Author),'B07D5LL52T,07552,Invalid Length (not 10 or 13 after cleaning)
Savage Urges,Suzanne Wright (Goodreads Author),'B018IAZMY2,0182,Invalid Length (not 10 or 13 after cleaning)
The Unmapped Sea,"Maryrose Wood (Goodreads Author), Eliza Wheeler (Goodreads Author) (Illustrator)",'B00M6ZQK2Y,0062,Invalid Length (not 10 or 13 after cleaning)
Lie,Penelope Sky,'B086721YR4,0867214,Invalid Length (not 10 or 13 after cleaning)
Indulge,Megan Duncan (Goodreads Author),'B006M7J97A,006797,Invalid Length (not 10 or 13 after cleaning)
The Fires of Calderon,Lindsay Cummings (Goodreads Author),'B00HLIVWLA,00,Invalid Length (not 10 or 13 after cleaning)
Alex,Lauren Oliver (Goodreads Author),'B00MMG18TM,0018,Invalid Length (not 10 or 13 after cleaning)
The Collected Works of Horatio Alger: 57 Novels Complete in One Volume (Unexpurgated Edition) (Halcyon Classics),Horatio Alger Jr.,'B002HMCIBI,002,Invalid Length (not 10 or 13 after cleaning)
How He Really Feels,Lisa Suzanne (Goodreads Author),,,Invalid Length (not 10 or 13 after cleaning)
Smash Into You,Shelly Crane (Goodreads Author),,,Invalid Length (not 10 or 13 after cleaning)
The Duke in Denial,Alexandra Ainsworth (Goodreads Author),,,Invalid Length (not 10 or 13 after cleaning)
Wicked Sexy Liar,Christina Lauren (Goodreads Author),'B012OS8XLI,0128,Invalid Length (not 10 or 13 after cleaning)
Crossroads,Riley Hart (Goodreads Author),'B012BTIZPY,012,Invalid Length (not 10 or 13 after cleaning)
Danger,Fiona Davenport (Goodreads Author),'B01FSMFL12,0112,Invalid Length (not 10 or 13 after cleaning)
Lassoing the Virgin Mail-Order Bride,Alexa Riley (Goodreads Author),'B01D3D5YE2,01352,Invalid Length (not 10 or 13 after cleaning)
Once Upon a Dream,Megan Derr (Goodreads Author),'B01MDN4FX8,0148,Invalid Length (not 10 or 13 after cleaning)
A Meet of Tribes,Bella Forrest (Goodreads Author),'B072HNLRPP,072,Invalid Length (not 10 or 13 after cleaning)
Why I'm Yours,"S. Moose (Goodreads Author), C.A. Harms (Goodreads Author)",'B0769DFVDZ,0769,Invalid Length (not 10 or 13 after cleaning)
The Perception,Adriana Locke (Goodreads Author),'B00U4VA4X8,00448,Invalid Length (not 10 or 13 after cleaning)
Crown of Death,Keary Taylor (Goodreads Author),'B076ZQRGC7,0767,Invalid Length (not 10 or 13 after cleaning)
All the Lies,S.T. Abby,'B01MTZDCUN,01,Invalid Length (not 10 or 13 after cleaning)
Dark Muse Rider,Lucian Bane (Goodreads Author),'B01I4JB9D0,01490,Invalid Length (not 10 or 13 after cleaning)
Mummy the Curse,White Wolf Publishing,,,Invalid Length (not 10 or 13 after cleaning)
Forever,Penelope Sky,'B0826R1BCK,08261,Invalid Length (not 10 or 13 after cleaning)
Memoir of the repentant people,"محمد عبدالرحمن العريفي, Darussalam",'B00DMI6RTA,006,Invalid Length (not 10 or 13 after cleaning)
Honeysuckle and Jasmine,Liz Grace Davis (Goodreads Author),,,Invalid Length (not 10 or 13 after cleaning)
Junie B. Jones and the Yucky Blucky Fruitcake,"Barbara Park, Denise Brunkus (Illustrator)",,,Invalid Length (not 10 or 13 after cleaning)
Dead Girls Society,Michelle Krys (Goodreads Author),'B01BRFLLQS,01,Invalid Length (not 10 or 13 after cleaning)
Ink Mage,Victor Gischler,'B00EOSI8JE,008,Invalid Length (not 10 or 13 after cleaning)
Zeke's Past Returns,"Crystal Linn (Goodreads Author), Roger Rheinheimer (Goodreads Author)",'B00F1JDK2U,0012,Invalid Length (not 10 or 13 after cleaning)
The Dresden Files Collection 1-6,Jim Butcher (Goodreads Author),'B004GB1I3C,00413,Invalid Length (not 10 or 13 after cleaning)
The Daughters of Avalon (Seven Sisters of Avalon),Katrina Rasbold,'B00GP3NO9U,0039,Invalid Length (not 10 or 13 after cleaning)
A Day of Fire: A Novel of Pompeii,"Stephanie Dray (Goodreads Author), Ben Kane, E. Knight (Goodreads Author), Sophie Perinot (Goodreads Author), Kate Quinn (Goodreads Author), Vicky Alvear Shecter (Goodreads Author), Michelle Moran (Goodreads Author) (Introduction)",'B00NI5CBXI,005,Invalid Length (not 10 or 13 after cleaning)
Tuning Hearts ( A Piano Tuner's Tale ),Philip Shapiro (Goodreads Author),'B006M6NLN4,00664,Invalid Length (not 10 or 13 after cleaning)
The Marriage Diaries,Erika Wilde (Goodreads Author),'B00F2QMFGE,002,Invalid Length (not 10 or 13 after cleaning)
The Sunhitcher,Tomi Astikainen (Goodreads Author),,,Invalid Length (not 10 or 13 after cleaning)
Learning to Feel,N.R. Walker,'B011K7CPHC,0117,Invalid Length (not 10 or 13 after cleaning)
A Throne of Fire,Bella Forrest (Goodreads Author),'B01MY8RZZS,018,Invalid Length (not 10 or 13 after cleaning)
Breaking Dragon,Jordan Marie (Goodreads Author),'B00RW1B9VO,0019,Invalid Length (not 10 or 13 after cleaning)
A Man At Twilight,Vibert Miller (Goodreads Author),'B07DB16YYQ,0716,Invalid Length (not 10 or 13 after cleaning)
Worth Fighting For,Kirsty Moseley (Goodreads Author),,,Invalid Length (not 10 or 13 after cleaning)
Carnal Secrets,Suzanne Wright (Goodreads Author),'B00E8PUYEU,008,Invalid Length (not 10 or 13 after cleaning)
Journey to the Crystal Cave,"Poppy Green, Jennifer A. Bell (Illustrator)",'B071CK11X8,071118,Invalid Length (not 10 or 13 after cleaning)
Second,Penelope Sky,'B0826Q9FL4,082694,Invalid Length (not 10 or 13 after cleaning)
Collected Fictions,Gordon Lish,,,Invalid Length (not 10 or 13 after cleaning)
Wicked Knight,Tierney O'Malley (Goodreads Author),'B0070PIXXE,0070,Invalid Length (not 10 or 13 after cleaning)
Perception,Lee Strauss (Goodreads Author),,,Invalid Length (not 10 or 13 after cleaning)
Lost Highlander,Cassidy Cayman (Goodreads Author),'B00DQ33F4G,00334,Invalid Length (not 10 or 13 after cleaning)
America's Great Depression,"Murray N. Rothbard, Paul Johnson (Foreword)",,,Invalid Length (not 10 or 13 after cleaning)
The Last Survivor,Andy McDermott,'B00QTUMJJ0,000,Invalid Length (not 10 or 13 after cleaning)
Wicked Chemistry: Original Weeping Willow Stories (Wicked Willow Series #1),Sandra Madera (Goodreads Author),,,Invalid Length (not 10 or 13 after cleaning)
Cain's Identity,Tina Folsom (Goodreads Author),'B00N9HDOWM,009,Invalid Length (not 10 or 13 after cleaning)
Fall with Me,Jennifer L. Armentrout (Goodreads Author),,,Invalid Length (not 10 or 13 after cleaning)
Князь Серебряный,"Aleksey Konstantinovich Tolstoy, Алексей Константинович Толстой",,,Invalid Length (not 10 or 13 after cleaning)
A Rip of Realms,Bella Forrest (Goodreads Author),'B01MZ5FQ2J,0152,Invalid Length (not 10 or 13 after cleaning)
Play Dead,Angela Marsons (Goodreads Author),'B01D3TD9VQ,0139,Invalid Length (not 10 or 13 after cleaning)
"Rhythm, Chord & Malykhin",Mariana Zapata (Goodreads Author),'B014B2YYTA,0142,Invalid Length (not 10 or 13 after cleaning)
Windwitch,Susan Dennard (Goodreads Author),,,Invalid Length (not 10 or 13 after cleaning)
The Divided Earth,Faith Erin Hicks (Goodreads Author),,,Invalid Length (not 10 or 13 after cleaning)
Sidetracked,S.T. Abby,'B01N5C6HP9,01569,Invalid Length (not 10 or 13 after cleaning)
Wicked Cravings,Suzanne Wright (Goodreads Author),'B009XDDVMO,009,Invalid Length (not 10 or 13 after cleaning)
A Bright Moon For Fools,Jasper Gibson,'B00C6BFD9O,0069,Invalid Length (not 10 or 13 after cleaning)
Sadistic Games: Book 1 & 2,Lucian Bane (Goodreads Author),,,Invalid Length (not 10 or 13 after cleaning)
Les Miserables,Jennifer Bassett,,,Invalid Length (not 10 or 13 after cleaning)
Fifty Shades of Alice Through the Looking Glass,Melinda DuChamp (Goodreads Author),'B008ZDQHDS,008,Invalid Length (not 10 or 13 after cleaning)
Fast According to Sunna,"Muhammad Zulfiqar, Darussalam",'B00EUH6KF8,0068,Invalid Length (not 10 or 13 after cleaning)
Unbreakable: an Autobiography,M.C. Mary Kom,,,Invalid Length (not 10 or 13 after cleaning)
Nothing But Trouble,Lisa Mondello (Goodreads Author),'B005O549IA,005549,Invalid Length (not 10 or 13 after cleaning)
SURVIVOR,Philip Shapiro (Goodreads Author),'B006WNP1BM,0061,Invalid Length (not 10 or 13 after cleaning)
The Year I Met August,Renea Porter (Goodreads Author),'B01EZF84XA,0184,Invalid Length (not 10 or 13 after cleaning)
A Power of Old,Bella Forrest (Goodreads Author),'B01N5A9I7O,01597,Invalid Length (not 10 or 13 after cleaning)
Sleep then my Princess,O.N. Stefan (Goodreads Author),'B016G5T7AG,01657,Invalid Length (not 10 or 13 after cleaning)
The Little Android,Marissa Meyer (Goodreads Author),,,Invalid Length (not 10 or 13 after cleaning)
Love Letters & Home,Danni Roan (Goodreads Author),'B075TXM27K,07527,Invalid Length (not 10 or 13 after cleaning)
Last Dance,James Crow,'B07VM7L4TS,0774,Invalid Length (not 10 or 13 after cleaning)
"The Complete Stories of Sherlock Holmes, Volume 1","Arthur Conan Doyle, Charlton Griffin (Narrator)",'B002UF5KO4,00254,Invalid Length (not 10 or 13 after cleaning)
Dearest Ivie,J.R. Ward (Goodreads Author),'B0796F4874,07964874,Invalid Length (not 10 or 13 after cleaning)
Sneaker World,B.R. Snow (Goodreads Author),'B007DVLIQO,007,Invalid Length (not 10 or 13 after cleaning)
Fifty Shades of Alice in Wonderland,Melinda DuChamp (Goodreads Author),'B008O9ALXA,0089,Invalid Length (not 10 or 13 after cleaning)
Hot Number,Carly Phillips (Goodreads Author),,,Invalid Length (not 10 or 13 after cleaning)
The Home Court Advantage,N.M. Silber (Goodreads Author),,,Invalid Length (not 10 or 13 after cleaning)
Glass Hearts,Autumn Doughton (Goodreads Author),,,Invalid Length (not 10 or 13 after cleaning)
Wicked Love,Sandra Madera (Goodreads Author),,,Invalid Length (not 10 or 13 after cleaning)
Freifahrtschein,Mila Roth (Goodreads Author),,,Invalid Length (not 10 or 13 after cleaning)
The Friend Zone,Kristen Callihan (Goodreads Author),'B00WTQDFDM,00,Invalid Length (not 10 or 13 after cleaning)
Mistystar's Omen,Erin Hunter,,,Invalid Length (not 10 or 13 after cleaning)
The Power,Jennifer L. Armentrout (Goodreads Author),'B013BOZ25Y,01325,Invalid Length (not 10 or 13 after cleaning)
Pleasure Extraordinaire: Complete Collection,Liv Bennett (Goodreads Author),'B00L8H2AJI,0082,Invalid Length (not 10 or 13 after cleaning)
Clash,C.A. Harms (Goodreads Author),'B01CQ0ODDG,010,Invalid Length (not 10 or 13 after cleaning)
An Empire of Stones,Bella Forrest (Goodreads Author),'B01MXEDXFT,01,Invalid Length (not 10 or 13 after cleaning)
The Queen's Army,Marissa Meyer (Goodreads Author),,,Invalid Length (not 10 or 13 after cleaning)
Lost Girls,Angela Marsons (Goodreads Author),'B01408LTV6,014086,Invalid Length (not 10 or 13 after cleaning)
Level 6: Anna Karenina (Pearson English Graded Readers),Leo Tolstoy,'B016BYE8CY,0168,Invalid Length (not 10 or 13 after cleaning)
Sacrifice,Adriana Locke (Goodreads Author),,,Invalid Length (not 10 or 13 after cleaning)
Unraveling Destiny,Amelia Hutchins (Goodreads Author),'B075XC4PND,0754,Invalid Length (not 10 or 13 after cleaning)
Find Your Happy: A Kids Self Love book,"Patricia May, Snezana Grncaroska (Illustrator)",'B07C6PRLK2,0762,Invalid Length (not 10 or 13 after cleaning)
The Woodlands,Lauren Nicolle Taylor (Goodreads Author),'B00EPF5LSW,005,Invalid Length (not 10 or 13 after cleaning)
"The Complete Stories of Sherlock Holmes, Volume 3","Arthur Conan Doyle, Charlton Griffin (Narrator)",,,Invalid Length (not 10 or 13 after cleaning)
Desecrating Solomon The Trilogy,Lucian Bane (Goodreads Author),'B01NA8GOO2,0182,Invalid Length (not 10 or 13 after cleaning)
Mirage,Kristi Cook (Goodreads Author),'B005C73YUY,00573,Invalid Length (not 10 or 13 after cleaning)
Death Blows,D.D. Barant (Goodreads Author),'B003DX0HX6,00306,Invalid Length (not 10 or 13 after cleaning)
Hot Stuff,Carly Phillips (Goodreads Author),,,Invalid Length (not 10 or 13 after cleaning)
Defender,Robert J. Crane,'B0057OAXQ0,00570,Invalid Length (not 10 or 13 after cleaning)
Trouble with Puppy Mills,"Crystal Linn (Goodreads Author), Roger Rheinheimer (Goodreads Author)",'B00DZZAMI2,002,Invalid Length (not 10 or 13 after cleaning)
A Dictionary of English Synonymes and Synonymous or Parallel Expressions Designed as a Practical Guide to Aptness and Variety of Phraseology,Richard Soule,'B006QPY108,006108,Invalid Length (not 10 or 13 after cleaning)
Денискины рассказы,"Victor Dragunsky, Виктор Драгунский",,,Invalid Length (not 10 or 13 after cleaning)
That Thing Between Eli & Gwen,J.J. McAvoy,,,Invalid Length (not 10 or 13 after cleaning)
The God of Great Reversals: The Gospel in the Book of Esther,Timothy Cain (Goodreads Author),'B01ALBD96E,0196,Invalid Length (not 10 or 13 after cleaning)
A King of Shadow,Bella Forrest (Goodreads Author),'B01M741K42,0174142,Invalid Length (not 10 or 13 after cleaning)
Glitches,Marissa Meyer (Goodreads Author),,,Invalid Length (not 10 or 13 after cleaning)
Michael Morpurgo Collection,Michael Morpurgo,,,Invalid Length (not 10 or 13 after cleaning)
Wherever It Leads,Adriana Locke (Goodreads Author),,,Invalid Length (not 10 or 13 after cleaning)
Forever Violet,Jessica Sorensen (Goodreads Author),,,Invalid Length (not 10 or 13 after cleaning)
The Librarian,Belle Winters (Goodreads Author),'B0784GMG3P,07843,Invalid Length (not 10 or 13 after cleaning)
Lila and Ethan: Forever and Always,Jessica Sorensen (Goodreads Author),'B00GG0H4PW,0004,Invalid Length (not 10 or 13 after cleaning)
God is Speaking are you Listening?,Lola Love,'B073VY3X8D,07338,Invalid Length (not 10 or 13 after cleaning)
Girl Against the Universe,Paula Stokes (Goodreads Author),'B014DUHP5U,0145,Invalid Length (not 10 or 13 after cleaning)
Lure of Oblivion,Suzanne Wright (Goodreads Author),'B0728KYT76,072876,Invalid Length (not 10 or 13 after cleaning)
Guts,Raina Telgemeier (Goodreads Author),,,Invalid Length (not 10 or 13 after cleaning)
Polished,Alyssa Turner (Goodreads Author),'B07DLDG3KV,073,Invalid Length (not 10 or 13 after cleaning)
Has Man a Future?,Bertrand Russell,,,Invalid Length (not 10 or 13 after cleaning)
Hard Mated,Jennifer Ashley (Goodreads Author),'B008ZXE8N4,00884,Invalid Length (not 10 or 13 after cleaning)
The Mage Winds,Mercedes Lackey,'B00SQLLFPE,00,Invalid Length (not 10 or 13 after cleaning)
Hot Item,Carly Phillips (Goodreads Author),,,Invalid Length (not 10 or 13 after cleaning)
"Lee's Lieutenants: A Study In Command, Volume III: Gettysburg to Appomattox",Douglas Southall Freeman,,,Invalid Length (not 10 or 13 after cleaning)
New Beginnings,"Crystal Linn (Goodreads Author), Roger Rheinheimer (Goodreads Author)",'B00CLZR1T0,0010,Invalid Length (not 10 or 13 after cleaning)
A Tangle of Hearts,Bella Forrest (Goodreads Author),'B06Y357YY8,063578,Invalid Length (not 10 or 13 after cleaning)
Lucky Number Eleven,Adriana Locke (Goodreads Author),,,Invalid Length (not 10 or 13 after cleaning)
Good Intentions,Brenda K. Davies (Goodreads Author),'B01EEROA2I,012,Invalid Length (not 10 or 13 after cleaning)
When Friendship Followed Me Home,Paul Griffin (Goodreads Author),,,Invalid Length (not 10 or 13 after cleaning)
Force of Temptation,Suzanne Wright (Goodreads Author),,,Invalid Length (not 10 or 13 after cleaning)
Her Blind Master (Blind Series Book 1),Lucian Bane (Goodreads Author),'B07JM3KTPB,073,Invalid Length (not 10 or 13 after cleaning)
Into the Lion's Den,Linda Fairstein (Goodreads Author),'B01BK0WT66,01066,Invalid Length (not 10 or 13 after cleaning)
Tristan: With the Tristran of Thomas,"Gottfried von Straßburg, Thomas of Brittany, A.T. Hatto (Translator)",,,Invalid Length (not 10 or 13 after cleaning)
Heart of Change,Roxy Harte (Goodreads Author),,,Invalid Length (not 10 or 13 after cleaning)
Bound in Sin,Cynthia Eden (Goodreads Author),,,Invalid Length (not 10 or 13 after cleaning)
Τα Ποιήματα 1897-1933,"Constantinos P. Cavafy, Κ.Π. Καβάφης",,,Invalid Length (not 10 or 13 after cleaning)
Don't Become Angry,Darussalam,'B00EUC8IM6,0086,Invalid Length (not 10 or 13 after cleaning)
Осенние визиты,"Sergei Lukyanenko, Sergei Lukyanenko",,,Invalid Length (not 10 or 13 after cleaning)
Lee's Lieutenants: A Study In Command,Douglas Southall Freeman,,,Invalid Length (not 10 or 13 after cleaning)
Valentine Blunders,"Crystal Linn (Goodreads Author), Roger Rheinheimer (Goodreads Author)",'B00BNFHXL0,000,Invalid Length (not 10 or 13 after cleaning)
Red Moon Secrets,C.M. Owens (Goodreads Author),'B00L2FQEVG,002,Invalid Length (not 10 or 13 after cleaning)
Das Geheimnis des Feuers,Pia Hepke,'B00JDP41M6,00416,Invalid Length (not 10 or 13 after cleaning)
Wisdom From My Internet,Michael Z. Williamson,'B00QZV08SW,0008,Invalid Length (not 10 or 13 after cleaning)
Kage Unleashed,Maris Black (Goodreads Author),,,Invalid Length (not 10 or 13 after cleaning)
A Race of Trials,Bella Forrest (Goodreads Author),'B01M1L9AF8,01198,Invalid Length (not 10 or 13 after cleaning)
Three Trials,Kristy Cunning,'B077X6ZFN7,07767,Invalid Length (not 10 or 13 after cleaning)
Gegen das Glück hat das Schicksal keine Chance,Estelle Laure (Goodreads Author),,,Invalid Length (not 10 or 13 after cleaning)
Map to the Stars,Jen Malone (Goodreads Author),'B00PFXLEU2,002,Invalid Length (not 10 or 13 after cleaning)
The Someday Birds,Sally J. Pla (Goodreads Author),'B01F1WX5LW,0115,Invalid Length (not 10 or 13 after cleaning)
Spiral of Need,Suzanne Wright (Goodreads Author),'B00X3N0NDU,0030,Invalid Length (not 10 or 13 after cleaning)
Edens Guardians (Terratellus Trilogy #2),Sandy Johnson (Goodreads Author),'B07DH3TS6Y,0736,Invalid Length (not 10 or 13 after cleaning)
Reparation: A Spiritual Journey,Maria Hall (Goodreads Author),'B0157GSUPS,0157,Invalid Length (not 10 or 13 after cleaning)
Ruin The Turning,Lucian Bane (Goodreads Author),'B07BZ21DMD,0721,Invalid Length (not 10 or 13 after cleaning)
The Great Treehouse War,Lisa Graff,,,Invalid Length (not 10 or 13 after cleaning)
"Sir Gawain and the Green Knight, Pearl, and Sir Orfeo","Unknown, J.R.R. Tolkien (Translator), Christopher Tolkien (Editor)",,,Invalid Length (not 10 or 13 after cleaning)
Rizq And Lawful Earnings,Darussalam,'B00EUF29O6,00296,Invalid Length (not 10 or 13 after cleaning)
The Semplica-Girl Diaries (short story),"George Saunders, Martin Ansin (Illustrator)",,,Invalid Length (not 10 or 13 after cleaning)
Poison's Kiss,C.M. Owens (Goodreads Author),'B00JCA3F88,00388,Invalid Length (not 10 or 13 after cleaning)
Just Another Sucker,James Hadley Chase,,,Invalid Length (not 10 or 13 after cleaning)
For a New Liberty: The Libertarian Manifesto,Murray N. Rothbard,,,Invalid Length (not 10 or 13 after cleaning)
Short and Tall,"Ellie B. Morris, Kate Milner (Goodreads Author)",'B007SHM34O,00734,Invalid Length (not 10 or 13 after cleaning)
Sweet Destruction,Paige Weaver (Goodreads Author),'B00J5O4AK8,00548,Invalid Length (not 10 or 13 after cleaning)
Lawless,"T.M. Frazier (Goodreads Author), Sylvie Del Cotto (Translator)",,,Invalid Length (not 10 or 13 after cleaning)
The Purchase of the North Pole,Jules Verne,,,Invalid Length (not 10 or 13 after cleaning)
Kage,Maris Black (Goodreads Author),,,Invalid Length (not 10 or 13 after cleaning)
A Sword of Chance,Bella Forrest (Goodreads Author),'B01LSZTW7M,017,Invalid Length (not 10 or 13 after cleaning)
Written in the Scars,Adriana Locke (Goodreads Author),'B01M5DL5IJ,0155,Invalid Length (not 10 or 13 after cleaning)
Four Psychos,Kristy Cunning,'B0777KNG89,077789,Invalid Length (not 10 or 13 after cleaning)
Mission: Her Safety,Anna Hackett (Goodreads Author),'B07RXQ2B72,07272,Invalid Length (not 10 or 13 after cleaning)
Eden's Children,Sandy Johnson (Goodreads Author),'B07D616QBZ,07616,Invalid Length (not 10 or 13 after cleaning)
Sadistic Games 5&6,Lucian Bane (Goodreads Author),'B07MLXMKL1,071,Invalid Length (not 10 or 13 after cleaning)
The Delirium Brief,Charles Stross (Goodreads Author),'B01LM09RDM,0109,Invalid Length (not 10 or 13 after cleaning)
Someone to Watch Over Me,Lisa Kleypas (Goodreads Author),,,Invalid Length (not 10 or 13 after cleaning)
Lucas,D.B. Reynolds (Goodreads Author),,,Invalid Length (not 10 or 13 after cleaning)
Perfectly Damaged,E.L. Montes (Goodreads Author),'B00K8H6C34,008634,Invalid Length (not 10 or 13 after cleaning)
Nerd Girl,Sue Lee (Goodreads Author),,,Invalid Length (not 10 or 13 after cleaning)
Whispered Music,Rachel Van Dyken (Goodreads Author),'B0095MV88C,009588,Invalid Length (not 10 or 13 after cleaning)
Vanished,T.K. Leigh (Goodreads Author),,,Invalid Length (not 10 or 13 after cleaning)
Wild Reckless,Ginger Scott (Goodreads Author),,,Invalid Length (not 10 or 13 after cleaning)
New Blood,Karly Kirkpatrick (Goodreads Author),,,Invalid Length (not 10 or 13 after cleaning)
Harry Styles and the New York Apocalypse,G.B. Hope (Goodreads Author),'B00ZWZTQP8,008,Invalid Length (not 10 or 13 after cleaning)
The Evil That Men Do,Hugh Pentecost,'B0000CN8GG,00008,Invalid Length (not 10 or 13 after cleaning)
Magic Bleeds - Awake,"Gordon Andrews, Ilona Andrews (Goodreads Author)",'B0051VHMGI,0051,Invalid Length (not 10 or 13 after cleaning)
No Turning Back,"Tiffany Snow (Goodreads Author), Angela Dawe (Narrator)",'B00EF5FIG2,0052,Invalid Length (not 10 or 13 after cleaning)
Gabriel's Mate,Tina Folsom (Goodreads Author),,,Invalid Length (not 10 or 13 after cleaning)
My Fairly Dangerous Godmother,Janette Rallison (Goodreads Author),'B00VRDHFSO,00,Invalid Length (not 10 or 13 after cleaning)
The Lion and the Crow,Eli Easton (Goodreads Author),'B00S8U0TT6,00806,Invalid Length (not 10 or 13 after cleaning)
A Game of Risk,Bella Forrest (Goodreads Author),'B01H7MVOMG,017,Invalid Length (not 10 or 13 after cleaning)
Sugar,Mandi Beck (Goodreads Author),'B075FRX67X,07567,Invalid Length (not 10 or 13 after cleaning)
The Mindful Betrayal,Aarica Dee Koliyah,,,Invalid Length (not 10 or 13 after cleaning)
Act of Mercy,Mandy M. Roth (Goodreads Author),,,Invalid Length (not 10 or 13 after cleaning)
Ruined,Lucian Bane (Goodreads Author),'B07D9LDL7C,0797,Invalid Length (not 10 or 13 after cleaning)
Torchwood: The House of the Dead,"James Goss, John Barrowman (Goodreads Author) (Narrator), Eve Myles (Narrator), Gareth David-Lloyd (Narrator)",,,Invalid Length (not 10 or 13 after cleaning)
No Longer at Ease,Chinua Achebe,,,Invalid Length (not 10 or 13 after cleaning)
Song of the Fireflies,J.A. Redmerski (Goodreads Author),,,Invalid Length (not 10 or 13 after cleaning)
Upon a Midnight Dream,Rachel Van Dyken (Goodreads Author),'B0086XN6A4,008664,Invalid Length (not 10 or 13 after cleaning)
After the Fall,Kate Hart (Goodreads Author),'B01HW6UKTK,016,Invalid Length (not 10 or 13 after cleaning)
Angel Kin,Tricia Skinner,'B00JI09FIG,0009,Invalid Length (not 10 or 13 after cleaning)
Switched,Cassie Mae (Goodreads Author),'B00DTELN9G,009,Invalid Length (not 10 or 13 after cleaning)
Messenger,Stephen Arseneault (Goodreads Author),'B00DSD8ZDK,008,Invalid Length (not 10 or 13 after cleaning)
Thanksgiving Surprises,"Roger Rheinheimer (Goodreads Author), Crystal Linn (Goodreads Author)",'B00H4GZ954,004954,Invalid Length (not 10 or 13 after cleaning)
Vampire in Denial,Dale Mayer (Goodreads Author),,,Invalid Length (not 10 or 13 after cleaning)
Soulless,"T.M. Frazier (Goodreads Author), Sylvie Del Cotto (Translator)",,,Invalid Length (not 10 or 13 after cleaning)
Unruly Magic,Camilla Chafer (Goodreads Author),,,Invalid Length (not 10 or 13 after cleaning)
The Blue Geranium: A Short Story,Agatha Christie,'B00C9AO94M,00994,Invalid Length (not 10 or 13 after cleaning)
A Dawn of Guardians,Bella Forrest (Goodreads Author),'B01KMRM98G,0198,Invalid Length (not 10 or 13 after cleaning)
Twisted,Mandi Beck (Goodreads Author),'B072QB45L6,072456,Invalid Length (not 10 or 13 after cleaning)
Tactical Magik,Mandy M. Roth (Goodreads Author),'B00HNYRHSE,00,Invalid Length (not 10 or 13 after cleaning)
Sadistic Games 7 & 8,Lucian Bane (Goodreads Author),'B07PDRM8PK,078,Invalid Length (not 10 or 13 after cleaning)
Blood Truth,J.R. Ward (Goodreads Author),'B07NLHS3RK,073,Invalid Length (not 10 or 13 after cleaning)
A Taste of Midnight,Lara Adrian (Goodreads Author),'B00640YZ1U,006401,Invalid Length (not 10 or 13 after cleaning)
Half Share,Nathan Lowell (Goodreads Author),,,Invalid Length (not 10 or 13 after cleaning)
The Clue of the Velvet Mask,Carolyn Keene,,,Invalid Length (not 10 or 13 after cleaning)
Plebs,Jim Goforth (Goodreads Author),'B00HXKDSQS,00,Invalid Length (not 10 or 13 after cleaning)
Anybody's Daughter,Pamela Samuels Young (Goodreads Author),'B00GC7UI8E,0078,Invalid Length (not 10 or 13 after cleaning)
Leave Me Breathless,Cherrie Lynn (Goodreads Author),'B008Z436F4,0084364,Invalid Length (not 10 or 13 after cleaning)
Dearest Clementine,Lex Martin (Goodreads Author),,,Invalid Length (not 10 or 13 after cleaning)
Never Ever,Sara Saedi (Goodreads Author),'B0167WQU8K,01678,Invalid Length (not 10 or 13 after cleaning)
Kaleb,Nicole Edwards (Goodreads Author),'B00IWTWAMM,00,Invalid Length (not 10 or 13 after cleaning)
Ava's Surprise,"Roger Rheinheimer (Goodreads Author), Crystal Linn (Goodreads Author)",'B00I0HTO8Y,0008,Invalid Length (not 10 or 13 after cleaning)
بغلة العرش,خيري شلبي,,,Invalid Length (not 10 or 13 after cleaning)
An Hour of Need,Bella Forrest (Goodreads Author),'B01G4KWR1O,0141,Invalid Length (not 10 or 13 after cleaning)
Stoned,Mandi Beck (Goodreads Author),'B01IBZFPEQ,01,Invalid Length (not 10 or 13 after cleaning)
My Dad is a Loser,Jim Smith (Goodreads Author),'B00871VY5Y,008715,Invalid Length (not 10 or 13 after cleaning)
Administrative Control,Mandy M. Roth (Goodreads Author),'B00JZWDCCC,00,Invalid Length (not 10 or 13 after cleaning)
Amaury's Hellion,Tina Folsom (Goodreads Author),'B003UNLBT8,0038,Invalid Length (not 10 or 13 after cleaning)
The Secret Zoo: The Final Fight,Bryan Chick (Goodreads Author),'B06Y1CD6P2,06162,Invalid Length (not 10 or 13 after cleaning)
Full Share,Nathan Lowell (Goodreads Author),,,Invalid Length (not 10 or 13 after cleaning)
Description of Paradise in the Glorious Qur'an,"Abdul Halim Ibn Muhammad Nassae As-Salafi, Darussalam",'B00D2Z3FXE,0023,Invalid Length (not 10 or 13 after cleaning)
Honor and Obey,Teresa Mummert (Goodreads Author),,,Invalid Length (not 10 or 13 after cleaning)
Amish Friendship Bread (Amish Grace: An Amish of Lancaster County Saga),"Ruth Price, Rachel Stoltzfus (Introduction)",'B00IAZCNXY,00,Invalid Length (not 10 or 13 after cleaning)
Immortal Dreams,"C.M. Owens (Goodreads Author), Chrissy Peebles",'B00JOJ8UI2,0082,Invalid Length (not 10 or 13 after cleaning)
Shadows,Cheree Alsop (Goodreads Author),,,Invalid Length (not 10 or 13 after cleaning)
DSM,"M.J. Winn (Goodreads Author), Michael Winn",,,Invalid Length (not 10 or 13 after cleaning)
One Long Embrace,Tina Folsom (Goodreads Author),,,Invalid Length (not 10 or 13 after cleaning)
Magic Rising,Camilla Chafer (Goodreads Author),,,Invalid Length (not 10 or 13 after cleaning)
A Spell of Time,Bella Forrest (Goodreads Author),'B00SDNAMYK,00,Invalid Length (not 10 or 13 after cleaning)
The Devil's Fool,Rachel McClellan (Goodreads Author),'B00VTY1WNA,001,Invalid Length (not 10 or 13 after cleaning)
Rebellion,Kass Morgan (Goodreads Author),,,Invalid Length (not 10 or 13 after cleaning)
Act of Surrender,Mandy M. Roth (Goodreads Author),'B00KFMRU5Q,005,Invalid Length (not 10 or 13 after cleaning)
Judgment Road,Christine Feehan (Goodreads Author),,,Invalid Length (not 10 or 13 after cleaning)
A Reginald Bones Xmas: Bones Brothers 2,Lucian Bane (Goodreads Author),,,Invalid Length (not 10 or 13 after cleaning)
Where Winter Finds You,J.R. Ward (Goodreads Author),'B07QCQG4S4,0744,Invalid Length (not 10 or 13 after cleaning)
The Boys of Summer,Roger Kahn,,,Invalid Length (not 10 or 13 after cleaning)
September Roses,"André Maurois, Gerard Hopkins (Translator)",,,Invalid Length (not 10 or 13 after cleaning)
"Selected Poems, 1923-1958",E.E. Cummings,,,Invalid Length (not 10 or 13 after cleaning)
Ruth's Dilemma,June Bryan Belfie (Goodreads Author),'B00BB3KGEU,003,Invalid Length (not 10 or 13 after cleaning)
Dementia,Jaid Black,,,Invalid Length (not 10 or 13 after cleaning)
Until Alex,J. Nathan (Goodreads Author),,,Invalid Length (not 10 or 13 after cleaning)
Arcane Magic,Camilla Chafer (Goodreads Author),,,Invalid Length (not 10 or 13 after cleaning)
A Chase of Prey,Bella Forrest (Goodreads Author),'B00TOWSVS8,008,Invalid Length (not 10 or 13 after cleaning)
The Devil's Angel,Rachel McClellan (Goodreads Author),'B00XKCY2OA,002,Invalid Length (not 10 or 13 after cleaning)
If It Weren't For You: Do You Have What It Takes To Forgive?,"Dorothea Neamonitos (Goodreads Author), Vassia Sarri (Illustrator), Christina Boys (Editor)",,,Invalid Length (not 10 or 13 after cleaning)
Broken Communication,Mandy M. Roth (Goodreads Author),,,Invalid Length (not 10 or 13 after cleaning)
The Cobalt Prince,"Mark Siegel (Goodreads Author), Alexis Siegel, Xanthe Bouma (Illustrator), Matt Rockefeller (Illustrator), Boya Sun (Illustrator)",,,Invalid Length (not 10 or 13 after cleaning)
The Jackal,J.R. Ward (Goodreads Author),'B081B9FNQC,0819,Invalid Length (not 10 or 13 after cleaning)
Payment in Blood,Elizabeth George (Goodreads Author),,,Invalid Length (not 10 or 13 after cleaning)
The Book of Lost Souls,Michelle Muto (Goodreads Author),'B004QWZ8LO,0048,Invalid Length (not 10 or 13 after cleaning)
GHOSTED,Laura Sue Gardner (Goodreads Author),'B0083WGY8Y,00838,Invalid Length (not 10 or 13 after cleaning)
Angels' Pawn,Nalini Singh (Goodreads Author),'B001TJ1O4W,00114,Invalid Length (not 10 or 13 after cleaning)
The Always War,Margaret Peterson Haddix,,,Invalid Length (not 10 or 13 after cleaning)
Day of the Giants,Lester del Rey,,,Invalid Length (not 10 or 13 after cleaning)
The Spider Sapphire Mystery,Carolyn Keene,,,Invalid Length (not 10 or 13 after cleaning)
The Seduction of Sebastian St. James,Rachel Van Dyken (Goodreads Author),'B006PHASZE,006,Invalid Length (not 10 or 13 after cleaning)
The Emotion Thesaurus: A Writer's Guide to Character Expression,"Angela Ackerman (Goodreads Author), Becca Puglisi (Goodreads Author)",'B00822WM2M,008222,Invalid Length (not 10 or 13 after cleaning)
Emma's Choice,June Bryan Belfie (Goodreads Author),'B00BOQITCU,00,Invalid Length (not 10 or 13 after cleaning)
Skin,D.M. Samson (Goodreads Author),'B0092DG7BC,00927,Invalid Length (not 10 or 13 after cleaning)
Endless Magic,Camilla Chafer (Goodreads Author),,,Invalid Length (not 10 or 13 after cleaning)
He Who Dares,Derek 'Del Boy' Trotter,'B00YPF8ZGC,008,Invalid Length (not 10 or 13 after cleaning)
A Turn of Tides,Bella Forrest (Goodreads Author),'B00VZ9LDH4,0094,Invalid Length (not 10 or 13 after cleaning)
Shadowed,Dani Pettrey (Goodreads Author),'B01M0G4CLX,0104,Invalid Length (not 10 or 13 after cleaning)
The World We Live In A Poetry Book On Societal Issues Part 2,Jamell Crouthers,,,Invalid Length (not 10 or 13 after cleaning)
Act of Submission,Mandy M. Roth (Goodreads Author),'B00VRSEREO,00,Invalid Length (not 10 or 13 after cleaning)
Sadistic Games Book 11 & 12: Sadistic Games,Lucian Bane (Goodreads Author),'B07S6S4L68,076468,Invalid Length (not 10 or 13 after cleaning)
The Five: The Untold Lives of the Women Killed by Jack the Ripper,Hallie Rubenhold (Goodreads Author),,,Invalid Length (not 10 or 13 after cleaning)
The Reckoning,Michelle Leighton (Goodreads Author),'B0061G3JJQ,00613,Invalid Length (not 10 or 13 after cleaning)
Love Me If You Dare,"Kate Laurens, Lauren Hawkeye (Goodreads Author)",,,Invalid Length (not 10 or 13 after cleaning)
Story Of Cole Younger: Being an Autobiography of the Missouri Guerrilla C (Borealis Books),"Cole Younger, Marley Brant (Goodreads Author)",'B002MGW0X0,00200,Invalid Length (not 10 or 13 after cleaning)
Silver,Cheree Alsop (Goodreads Author),'B006N52WVQ,00652,Invalid Length (not 10 or 13 after cleaning)
Enslaved by the Ocean,Bella Jewel,,,Invalid Length (not 10 or 13 after cleaning)
Virgin Widow,Anne O'Brien (Goodreads Author),,,Invalid Length (not 10 or 13 after cleaning)
Witch's Bell 1,Odette C. Bell,,,Invalid Length (not 10 or 13 after cleaning)
A Dawn of Strength,Bella Forrest (Goodreads Author),'B00X7WTOSM,007,Invalid Length (not 10 or 13 after cleaning)
The Cassandra Sanction,Scott Mariani (Goodreads Author),'B012T976YW,012976,Invalid Length (not 10 or 13 after cleaning)
Fairy Tales Every Child Should Know,Hamilton Wright Mabie,'B0083ZL5EY,00835,Invalid Length (not 10 or 13 after cleaning)
Cuentos de angustias y paisajes,Carlos Salazar Herrera,,,Invalid Length (not 10 or 13 after cleaning)
Act of Command,Mandy M. Roth (Goodreads Author),'B017Y87K3U,017873,Invalid Length (not 10 or 13 after cleaning)
The Queen,Lucian Bane (Goodreads Author),'B07RZVFDWG,07,Invalid Length (not 10 or 13 after cleaning)
"The Splendid and the Vile: A Saga of Churchill, Family, and Defiance During the Blitz",Erik Larson (Goodreads Author),'B07TRVW6VX,076,Invalid Length (not 10 or 13 after cleaning)
The Reaping of Norah Bentley,Eva Truesdale (Goodreads Author),'B0055LI0G0,005500,Invalid Length (not 10 or 13 after cleaning)
Broken Visions,Jessica Sorensen (Goodreads Author),,,Invalid Length (not 10 or 13 after cleaning)
The Last True Love Story,Brendan Kiely (Goodreads Author),'B01BKR487M,01487,Invalid Length (not 10 or 13 after cleaning)
Waiting for Belinda,June Bryan Belfie (Goodreads Author),'B00FF85X86,008586,Invalid Length (not 10 or 13 after cleaning)
A Dark Kiss of Rapture,Sylvia Day (Goodreads Author),'B005TLKZR8,0058,Invalid Length (not 10 or 13 after cleaning)
Witch's Bell 2,Odette C. Bell,,,Invalid Length (not 10 or 13 after cleaning)
Stealing Christmas,Alexa Riley (Goodreads Author),'B01MSSJ5TC,015,Invalid Length (not 10 or 13 after cleaning)
A Fall of Secrets,Bella Forrest (Goodreads Author),'B00YUY3YNC,003,Invalid Length (not 10 or 13 after cleaning)
A Handful of Sunshine,Vikram Bhatt,'B0727RZRYN,0727,Invalid Length (not 10 or 13 after cleaning)
Damage Report,Mandy M. Roth (Goodreads Author),'B00XYR9IE0,0090,Invalid Length (not 10 or 13 after cleaning)
Stopping Time,Melissa Marr (Goodreads Author),'B003E6M6Z4,003664,Invalid Length (not 10 or 13 after cleaning)
Fire with Fire,Penelope King,'B006284PBO,006284,Invalid Length (not 10 or 13 after cleaning)
"Unleash Me, Vol. 1",Christina Ross (Goodreads Author),'B00IDHIGBM,00,Invalid Length (not 10 or 13 after cleaning)
The Forgotten Ones,Laura Howard (Goodreads Author),'B00CKXODRG,00,Invalid Length (not 10 or 13 after cleaning)
The Diary of Bink Cummings: Vol 2,Bink Cummings (Goodreads Author),,,Invalid Length (not 10 or 13 after cleaning)
Witch's Bell 3,Odette C. Bell,,,Invalid Length (not 10 or 13 after cleaning)
Ghost Riders,Alexa Riley (Goodreads Author),'B01MXOUGPC,01,Invalid Length (not 10 or 13 after cleaning)
An End of Night,Bella Forrest (Goodreads Author),'B0108T2MEY,01082,Invalid Length (not 10 or 13 after cleaning)
Tongue Twisters for Kids,Riley Weber,'B008YYLYVS,008,Invalid Length (not 10 or 13 after cleaning)
The Girl I Love,Amit Nangia (Goodreads Author),'B07BLKWB96,0796,Invalid Length (not 10 or 13 after cleaning)
The Dragon Shifter’s Duty,Mandy M. Roth (Goodreads Author),'B01J5CH344,015344,Invalid Length (not 10 or 13 after cleaning)
Sadistic Games Book 9&10,Lucian Bane (Goodreads Author),'B07S61RRNH,0761,Invalid Length (not 10 or 13 after cleaning)
The Borrowers Afield,"Mary Norton, Beth Krush (Illustrator), Joe Krush (Illustrator)",,,Invalid Length (not 10 or 13 after cleaning)
Ravenwood,Nathan Lowell (Goodreads Author),,,Invalid Length (not 10 or 13 after cleaning)
The Last Stormdancer,Jay Kristoff (Goodreads Author),,,Invalid Length (not 10 or 13 after cleaning)
Real Life Lesson From Quran,"Muhammad Bilal Lakhani, Darussalam",'B00DMFMM7Y,007,Invalid Length (not 10 or 13 after cleaning)
Fearless,Rachel Van Dyken (Goodreads Author),'B00ICQX196,00196,Invalid Length (not 10 or 13 after cleaning)
An Unforgivable Secret,Jennifer Spredemann (Goodreads Author),'B00D9YO0KA,0090,Invalid Length (not 10 or 13 after cleaning)
A Quest of Heroes,Morgan Rice (Goodreads Author),'B00AFROVQC,00,Invalid Length (not 10 or 13 after cleaning)
Gabriel's Inferno Trilogy,Sylvain Reynard (Goodreads Author),'B00HDMS0Z0,0000,Invalid Length (not 10 or 13 after cleaning)
A Wind of Change,Bella Forrest (Goodreads Author),'B011YRN9PA,0119,Invalid Length (not 10 or 13 after cleaning)
The Struggles and Growth of a Man Part 2,Jamell Crouthers,,,Invalid Length (not 10 or 13 after cleaning)
Wait for It,Mariana Zapata (Goodreads Author),'B01N2RJFW1,0121,Invalid Length (not 10 or 13 after cleaning)
Area of Influence,Mandy M. Roth (Goodreads Author),,,Invalid Length (not 10 or 13 after cleaning)
Owner's Share,Nathan Lowell (Goodreads Author),,,Invalid Length (not 10 or 13 after cleaning)
For This Life Only,Stacey Kade (Goodreads Author),'B01BKR478M,01478,Invalid Length (not 10 or 13 after cleaning)
A Lancaster Amish Storm 1:1,Ruth Price,'B00MU3PU5K,0035,Invalid Length (not 10 or 13 after cleaning)
The Scandalous Sisterhood of Prickwillow Place,Julie Berry (Goodreads Author),'B00IQOFT9Y,009,Invalid Length (not 10 or 13 after cleaning)
Magic of Thieves,C. Greenwood (Goodreads Author),'B00AEJG2KY,002,Invalid Length (not 10 or 13 after cleaning)
The Fury of the Fae,Bernie Morris (Goodreads Author),'B00J9YXNOI,009,Invalid Length (not 10 or 13 after cleaning)
Paid For,Alexa Riley (Goodreads Author),'B01M7X00VD,01700,Invalid Length (not 10 or 13 after cleaning)
A Hero of Realms,Bella Forrest (Goodreads Author),'B016R5CILA,0165,Invalid Length (not 10 or 13 after cleaning)
The Struggles and Growth of a Man,Jamell Crouthers,,,Invalid Length (not 10 or 13 after cleaning)
Isolated Maneuver,Mandy M. Roth (Goodreads Author),'B06XGPX765,06765,Invalid Length (not 10 or 13 after cleaning)
"Determined to Believe: The Sovereignty of God, Freedom, Faith and Human Responsibility",John C. Lennox,'B076WYN3ZD,0763,Invalid Length (not 10 or 13 after cleaning)
The Illustrated A Brief History of Time/The Universe in a Nutshell,Stephen Hawking,,,Invalid Length (not 10 or 13 after cleaning)
South of Surrender,Laura Kaye (Goodreads Author),'B00B6U18FY,00618,Invalid Length (not 10 or 13 after cleaning)
South Coast,Nathan Lowell (Goodreads Author),,,Invalid Length (not 10 or 13 after cleaning)
Otherwise Known as Sheila the Great,Judy Blume (Goodreads Author),,,Invalid Length (not 10 or 13 after cleaning)
After The Ending,"Lindsey Fairleigh (Goodreads Author), Lindsey Pogue (Goodreads Author)",,,Invalid Length (not 10 or 13 after cleaning)
Tutti i difetti che amo di te,Anna Premoli (Goodreads Author),'B00KRFEMDE,00,Invalid Length (not 10 or 13 after cleaning)
Witch's Bell 6,Odette C. Bell,'B00HPEMVLU,00,Invalid Length (not 10 or 13 after cleaning)
Halloween Treats,Alexa Riley (Goodreads Author),'B01M7SDXTO,017,Invalid Length (not 10 or 13 after cleaning)
A Vial of Life,Bella Forrest (Goodreads Author),'B017UIZWNE,017,Invalid Length (not 10 or 13 after cleaning)
Separation Zone,Mandy M. Roth (Goodreads Author),'B00QL65B2Y,00652,Invalid Length (not 10 or 13 after cleaning)
"Lucian Bane Books Checklist: Reading Order of Dom Wars Series, Mercy Series, Ruin Series, Reginald Bones Series and List of All Lucian Bane Books",Phoenix Zayden,'B084M6WZ3K,08463,Invalid Length (not 10 or 13 after cleaning)
One for the Money,Jeaniene Frost (Goodreads Author),'B01HOYA9BO,019,Invalid Length (not 10 or 13 after cleaning)
Sarah's Song,Karen Kingsbury (Goodreads Author),,,Invalid Length (not 10 or 13 after cleaning)
Love is Fear,Caroline Hanson (Goodreads Author),'B006M6XV1Q,00661,Invalid Length (not 10 or 13 after cleaning)
Be Patient and Paradise Will Be Yours,"Darussalam, Darussalam",'B00E39SE4S,00394,Invalid Length (not 10 or 13 after cleaning)
Sweet,Tammara Webber (Goodreads Author),'B00T6G47SA,00647,Invalid Length (not 10 or 13 after cleaning)
Summerland,Elin Hilderbrand (Goodreads Author),'B005SCSBWO,005,Invalid Length (not 10 or 13 after cleaning)
Winter Falls,Nicole Maggi (Goodreads Author),,,Invalid Length (not 10 or 13 after cleaning)
Three Blind Mice and Other Stories,Agatha Christie,,,Invalid Length (not 10 or 13 after cleaning)
The Virgin Cowboy,Alexa Riley (Goodreads Author),'B01MDKB8R8,0188,Invalid Length (not 10 or 13 after cleaning)
Shielding Lily,Alexa Riley (Goodreads Author),'B01LY4Z0Z8,01408,Invalid Length (not 10 or 13 after cleaning)
The Naked Salon,Lisa Conway,,,Invalid Length (not 10 or 13 after cleaning)
A Rainy Night in G minor (Songdog Book 1),Peg Lewis (Goodreads Author),'B07K2KW7NC,0727,Invalid Length (not 10 or 13 after cleaning)
Act of Passion,Mandy M. Roth (Goodreads Author),'B077LDKJPJ,077,Invalid Length (not 10 or 13 after cleaning)
Dead Game,Claire Kinton (Goodreads Author),'B00500PYH4,005004,Invalid Length (not 10 or 13 after cleaning)
Unicorn Bait,S.A. Hunter (Goodreads Author),'B004UWU9IM,0049,Invalid Length (not 10 or 13 after cleaning)
Double Share,Nathan Lowell (Goodreads Author),,,Invalid Length (not 10 or 13 after cleaning)
Haunted Sites of London,Richard Holland (Goodreads Author),'B009SL89IM,00989,Invalid Length (not 10 or 13 after cleaning)
Raging Love,Jennifer Foor (Goodreads Author),'B00A2WKJUC,002,Invalid Length (not 10 or 13 after cleaning)
A Christmas Bond,Lee Tobin McClain (Goodreads Author),'B00PBUEP2S,002,Invalid Length (not 10 or 13 after cleaning)
Notorious Nineteen,Janet Evanovich (Goodreads Author),,,Invalid Length (not 10 or 13 after cleaning)
Elsker,S.T. Bende (Goodreads Author),'B00KE627N8,006278,Invalid Length (not 10 or 13 after cleaning)
Remember When,T. Torrest (Goodreads Author),,,Invalid Length (not 10 or 13 after cleaning)
Exiled,RaShelle Workman (Goodreads Author),'B005S5LSU8,00558,Invalid Length (not 10 or 13 after cleaning)
Gad's Hall / The Haunting of Gad's Hall,Norah Lofts,,,Invalid Length (not 10 or 13 after cleaning)
"The Doors of His Face, the Lamps of His Mouth",Roger Zelazny,,,Invalid Length (not 10 or 13 after cleaning)
Within These Walls,J.L. Berg (Goodreads Author),,,Invalid Length (not 10 or 13 after cleaning)
Roping The Virgin,Alexa Riley (Goodreads Author),'B01LWONZGV,01,Invalid Length (not 10 or 13 after cleaning)
A Flight of Souls,Bella Forrest (Goodreads Author),'B01AKBJ0B8,0108,Invalid Length (not 10 or 13 after cleaning)
Passive Income Generating Methods: Passive Income Generating Junkie,Brandon Gates,'B07516N1R1,0751611,Invalid Length (not 10 or 13 after cleaning)
Midnight Echoes,Mandy M. Roth (Goodreads Author),'B01N0M4SE1,01041,Invalid Length (not 10 or 13 after cleaning)
Where Is God When It Hurts?,Philip Yancey (Goodreads Author),,,Invalid Length (not 10 or 13 after cleaning)
A Sliver of Shadow,Allison Pang (Goodreads Author),'B005GG0KTY,0050,Invalid Length (not 10 or 13 after cleaning)
"Making Comics: Storytelling Secrets of Comics, Manga and Graphic Novels",Scott McCloud (Goodreads Author),,,Invalid Length (not 10 or 13 after cleaning)
"Walt Disney - Eeyore, Be Happy (A Little Golden Book)","Don Ferguson, Walt Disney Company (Illustrations)",,,Invalid Length (not 10 or 13 after cleaning)
Stockholm Syndrome,Richard Rider (Goodreads Author),,,Invalid Length (not 10 or 13 after cleaning)
Mr. Beautiful,R.K. Lilley (Goodreads Author),'B00OIMWFNQ,00,Invalid Length (not 10 or 13 after cleaning)
The Warrior,"Joyce Swann (Goodreads Author), Stefan Swann (Illustrator)",,,Invalid Length (not 10 or 13 after cleaning)
Fledgling,Natasha S. Brown (Goodreads Author),,,Invalid Length (not 10 or 13 after cleaning)
The Neptune Challenge,Polly Holyoke (Goodreads Author),,,Invalid Length (not 10 or 13 after cleaning)
The Blue Woods,Nicole Maggi (Goodreads Author),,,Invalid Length (not 10 or 13 after cleaning)
L'amore non è mai una cosa semplice,Anna Premoli (Goodreads Author),'B015X2ZQ7G,01527,Invalid Length (not 10 or 13 after cleaning)
The Wanted Virgin,Alexa Riley (Goodreads Author),'B01LX3D197,013197,Invalid Length (not 10 or 13 after cleaning)
A Bridge of Stars,Bella Forrest (Goodreads Author),'B01BNSXXDI,01,Invalid Length (not 10 or 13 after cleaning)
"Misao, The Big Mama And Fukumaru The Cat Goodbye Hello (Japanese and English Edition)",Miyoko Ihara,,,Invalid Length (not 10 or 13 after cleaning)
The Stolen Child,Brian McGilloway,'B004ULYBJQ,004,Invalid Length (not 10 or 13 after cleaning)
Passive Income: How to Get Started Selling on Amazon,Brandon Gates,'B07M8SBSW9,0789,Invalid Length (not 10 or 13 after cleaning)
Expecting Darkness,Mandy M. Roth (Goodreads Author),,,Invalid Length (not 10 or 13 after cleaning)
Cuts Like an Angel: The Complete Series,"Mason Sabre (Goodreads Author), Lucian Bane (Goodreads Author)",'B07PRQ78RB,0778,Invalid Length (not 10 or 13 after cleaning)
Covenant's End,Ari Marmell (Goodreads Author),'B00MKZ0N7I,0007,Invalid Length (not 10 or 13 after cleaning)
Annihilate Me: Holiday,Christina Ross (Goodreads Author),'B00FZ2EU5E,0025,Invalid Length (not 10 or 13 after cleaning)
Fraternizing,C.C. Brown (Goodreads Author),'B00FN7W9JA,0079,Invalid Length (not 10 or 13 after cleaning)
Cowboy Heat,Sable Hunter (Goodreads Author),'B0047T7ES6,004776,Invalid Length (not 10 or 13 after cleaning)
The Snow Angel,Lulu Taylor,'B00LB89UXS,0089,Invalid Length (not 10 or 13 after cleaning)
12 Days of Christmas: Naughty or Nice?,"Eva Simone (Goodreads Author), Lilliana Anderson (Goodreads Author), Lucian Bane (Goodreads Author), Tommy Crown (Goodreads Author), Ella Dominguez (Goodreads Author), Megan Fields (Goodreads Author), Danielle Jamie (Goodreads Author), Brandace Morrow (Goodreads Author), more…",,,Invalid Length (not 10 or 13 after cleaning)
The Case Book of Irene Adler,San Cassimally,'B0097VVC4G,00974,Invalid Length (not 10 or 13 after cleaning)
Annihilate Me Vol. 4,Christina Ross (Goodreads Author),'B00FZ2EBSK,002,Invalid Length (not 10 or 13 after cleaning)
Phenomenal X,Michelle A. Valentine (Goodreads Author),,,Invalid Length (not 10 or 13 after cleaning)
Рубашка,Евгений Гришковец,,,Invalid Length (not 10 or 13 after cleaning)
Innocence Defied,Lainey Reese (Goodreads Author),'B00C6ZTN64,00664,Invalid Length (not 10 or 13 after cleaning)
A Trail of Echoes,Bella Forrest (Goodreads Author),'B014B0BG4I,01404,Invalid Length (not 10 or 13 after cleaning)
My Mum Is A Loser,Jim Smith (Goodreads Author),'B009359K04,00935904,Invalid Length (not 10 or 13 after cleaning)
"Mindfulness: Yoga And Meditation, Simple Beginners Guide To Stress Relief And Happiness",George M. Posi (Goodreads Author),'B07MB3DF6N,0736,Invalid Length (not 10 or 13 after cleaning)
Strategic Vulnerability,Mandy M. Roth (Goodreads Author),,,Invalid Length (not 10 or 13 after cleaning)
Shadows of the Past,Carmen Stefanescu (Goodreads Author),,,Invalid Length (not 10 or 13 after cleaning)
Blood,Tara Maya (Goodreads Author),'B00BG04GLM,0004,Invalid Length (not 10 or 13 after cleaning)
Lana,R.K. Lilley (Goodreads Author),'B00BS48IR4,00484,Invalid Length (not 10 or 13 after cleaning)
Wide Open,Shelly Crane (Goodreads Author),,,Invalid Length (not 10 or 13 after cleaning)
After the Bridge,Cassandra Clare (Goodreads Author),,,Invalid Length (not 10 or 13 after cleaning)
Реки,Евгений Гришковец,,,Invalid Length (not 10 or 13 after cleaning)
A Clan of Novaks,Bella Forrest (Goodreads Author),'B01CPM6DEW,016,Invalid Length (not 10 or 13 after cleaning)
Procrastination: How To Stop Wasting Your Time And Be More Productive,George M. Posi (Goodreads Author),'B07MDP8DTP,078,Invalid Length (not 10 or 13 after cleaning)
The Umbrella Academy: Apocalypse Suite #1,"Gerard Way, Gabriel Bá (Illustrator)",'B01663Z6BM,016636,Invalid Length (not 10 or 13 after cleaning)
Consume,Shelly Crane (Goodreads Author),'B0084HAYF2,00842,Invalid Length (not 10 or 13 after cleaning)
Branding the Virgin,Alexa Riley (Goodreads Author),'B01KIS5D7S,0157,Invalid Length (not 10 or 13 after cleaning)
A Web of Lies,Bella Forrest (Goodreads Author),'B01EK79WXY,0179,Invalid Length (not 10 or 13 after cleaning)
Always Know What To Say - Easy Ways To Approach And Talk To Anyone,Peter W. Murphy (Goodreads Author),'B006YTTVHO,006,Invalid Length (not 10 or 13 after cleaning)
Emperor of Rome,Robert Fabbri,,,Invalid Length (not 10 or 13 after cleaning)
The Perfect First,Maya Hughes (Goodreads Author),'B07R1T5L3D,07153,Invalid Length (not 10 or 13 after cleaning)
Funny Bones,"Kate Temple, Jol Temple, Oliver Phommavanh",'B07VRB4HC1,0741,Invalid Length (not 10 or 13 after cleaning)
Wide Spaces,Shelly Crane (Goodreads Author),'B00G2MBE78,00278,Invalid Length (not 10 or 13 after cleaning)
Devour,Shelly Crane (Goodreads Author),'B006287MG4,0062874,Invalid Length (not 10 or 13 after cleaning)
Free Falling,Susan Kiernan-Lewis (Goodreads Author),'B007NZLQAS,007,Invalid Length (not 10 or 13 after cleaning)
Love Stage!! 1,"Eiki Eiki, Taishi Zaou, 蔵王 大志",,,Invalid Length (not 10 or 13 after cleaning)
Funny Jokes (FREE Joke Book Download Included!): 125+ Hilarious Jokes (Funny and Hilarious Joke Book for Children),Johnny B. Laughing,'B00KV3VBXQ,003,Invalid Length (not 10 or 13 after cleaning)
Schattentochter,Maya Shepherd (Goodreads Author),'B019JZ07MC,01907,Invalid Length (not 10 or 13 after cleaning)
A World of New,Bella Forrest (Goodreads Author),'B01DMQ0WWY,010,Invalid Length (not 10 or 13 after cleaning)
Iron Fey: The Iron King / Winter's Passage / The Iron Daughter / The Iron Queen / Summer's Crossing / The Iron Knight / Iron's Prophecy / The Lost Prince ... Traitor (Mills & Boon e-Book Collections),Julie Kagawa (Goodreads Author),'B00I0X1S6Y,00016,Invalid Length (not 10 or 13 after cleaning)
Immortal Ops,Mandy M. Roth (Goodreads Author),,,Invalid Length (not 10 or 13 after cleaning)
Eternally North,Tillie Cole (Goodreads Author),'B00CO73GA8,00738,Invalid Length (not 10 or 13 after cleaning)
A Cool Million,Nathanael West,,,Invalid Length (not 10 or 13 after cleaning)
Wing,Tara Maya (Goodreads Author),'B009OUY6FM,0096,Invalid Length (not 10 or 13 after cleaning)
Annihilate Me Vol. 3,Christina Ross (Goodreads Author),'B00CJGUKRQ,00,Invalid Length (not 10 or 13 after cleaning)
The Last Praetorian,Mike Smith (Goodreads Author),'B00A0M85KK,00085,Invalid Length (not 10 or 13 after cleaning)
Taken,Jacqui Rose (Goodreads Author),'B006FH2WFS,0062,Invalid Length (not 10 or 13 after cleaning)
Schattenchance,Maya Shepherd (Goodreads Author),'B01KX5Z448,015448,Invalid Length (not 10 or 13 after cleaning)
Taking the Fall: The Complete Series,Alexa Riley (Goodreads Author),'B00YW684CY,00684,Invalid Length (not 10 or 13 after cleaning)
David Jason: The Autobiography,David Jason,,,Invalid Length (not 10 or 13 after cleaning)
A Touch of Truth,Bella Forrest (Goodreads Author),'B01FAZL2Z6,0126,Invalid Length (not 10 or 13 after cleaning)
Kindle Fire Apps Top 100 Must Haves + Fire HD,Dustin Kaban,'B00CGANJVY,00,Invalid Length (not 10 or 13 after cleaning)
The Talon Saga Volume 1: Talon / Rogue / Soldier / Legion,Julie Kagawa (Goodreads Author),'B079K3H84Q,079384,Invalid Length (not 10 or 13 after cleaning)
You are the Best Wife,Ajay K. Pandey (Goodreads Author),'B01F3ZO566,013566,Invalid Length (not 10 or 13 after cleaning)
Wolf's Surrender,Mandy M. Roth (Goodreads Author),'B01D6J7946,0167946,Invalid Length (not 10 or 13 after cleaning)
Endgame,Chloe Walsh (Goodreads Author),'B06Y2FRW8R,0628,Invalid Length (not 10 or 13 after cleaning)
The Billionaire's Forever,Ava Claire (Goodreads Author),'B00EVL9HH6,0096,Invalid Length (not 10 or 13 after cleaning)
Skin Deep,J.M. Stone (Goodreads Author),'B00CJ1ICH6,0016,Invalid Length (not 10 or 13 after cleaning)
Come to Me Recklessly,A.L. Jackson (Goodreads Author),'B00KWG5Y6W,0056,Invalid Length (not 10 or 13 after cleaning)
The Billionaire and His Castaway,Alexa Riley (Goodreads Author),'B01HH82GHM,0182,Invalid Length (not 10 or 13 after cleaning)
A Twist of Fates,Bella Forrest (Goodreads Author),'B01I282KUY,01282,Invalid Length (not 10 or 13 after cleaning)
Blood of Eden trilogie,"Julie Kagawa (Goodreads Author), Karin de Haas (Translator), Angelique Verheijen (Translator)",'B06XX3VCYJ,063,Invalid Length (not 10 or 13 after cleaning)
The Sky of Endless Blue,Ava Miles (Goodreads Author),'B07GJY7T9F,0779,Invalid Length (not 10 or 13 after cleaning)
Taming Eric,"J.A. Melville (Goodreads Author), Bianca E. Eberle (Illustrator)",'B00G2EUA9E,0029,Invalid Length (not 10 or 13 after cleaning)
The Wrong Billionaire's Bed,Jessica Clare (Goodreads Author),'B009NY47D0,009470,Invalid Length (not 10 or 13 after cleaning)
Undertow,Elizabeth O'Roark (Goodreads Author),'B00EP6TCHC,006,Invalid Length (not 10 or 13 after cleaning)
Frey,Melissa Wright (Goodreads Author),'B005EIO02C,00502,Invalid Length (not 10 or 13 after cleaning)
Choose Me,Heidi McLaughlin (Goodreads Author),,,Invalid Length (not 10 or 13 after cleaning)
Lying,"Sam Harris, Annaka Harris (Goodreads Author) (Editor)",'B005N0KL5G,00505,Invalid Length (not 10 or 13 after cleaning)
Three,Kristen Simmons (Goodreads Author),'B00EGJ6L3Q,0063,Invalid Length (not 10 or 13 after cleaning)
Restless Waters,Jessica Park (Goodreads Author),'B014J9OJ2C,01492,Invalid Length (not 10 or 13 after cleaning)
Riding Him,Alexa Riley (Goodreads Author),'B01IO0EWGA,010,Invalid Length (not 10 or 13 after cleaning)
A Day of Glory,Bella Forrest (Goodreads Author),'B01J520D0U,015200,Invalid Length (not 10 or 13 after cleaning)
A Child's Book of Saints,"William Canton, Thomas Heath Robinson (Illustrator)",'B0082POQ1Y,00821,Invalid Length (not 10 or 13 after cleaning)
Keto Diet: 100 Low Carb Recipes for Weight Loss,Gabriel Kellison,'B07MPP4GRH,074,Invalid Length (not 10 or 13 after cleaning)
Troubles and Treats,Tara Sivec (Goodreads Author),'B00AFZ7Q6G,0076,Invalid Length (not 10 or 13 after cleaning)
Love Among Lavender,Ava Miles (Goodreads Author),'B07PJ1J6JZ,0716,Invalid Length (not 10 or 13 after cleaning)
Wildest Dreams,Kristen Ashley (Goodreads Author),'B005HH1HVM,0051,Invalid Length (not 10 or 13 after cleaning)
Wicked Bite,Jeaniene Frost (Goodreads Author),'B07H56593Q,0756593,Invalid Length (not 10 or 13 after cleaning)
Natasha's Awakening,J.A. Melville (Goodreads Author),'B00DRFTQ96,0096,Invalid Length (not 10 or 13 after cleaning)
The Tinkerer's Daughter,Jamie Sedgwick (Goodreads Author),,,Invalid Length (not 10 or 13 after cleaning)
East End Jubilee,Carol Rivers (Goodreads Author),'B007IL4PNM,0074,Invalid Length (not 10 or 13 after cleaning)
Without Me,Chelle Bliss (Goodreads Author),,,Invalid Length (not 10 or 13 after cleaning)
The Enemy,Christopher Hitchens,'B0050W9FZO,00509,Invalid Length (not 10 or 13 after cleaning)
Verity Sparks and the Scarlet Hand,Susan Green,'B00YDLLXWG,00,Invalid Length (not 10 or 13 after cleaning)
Pulling His Trigger,Alexa Riley (Goodreads Author),'B01FTEBDZC,01,Invalid Length (not 10 or 13 after cleaning)
A Bond of Blood,Bella Forrest (Goodreads Author),'B00R1OU3O6,00136,Invalid Length (not 10 or 13 after cleaning)
The Witch of Endor: Vampires,Robert Kenneth Wheeler Jr.,'B078RX29TT,07829,Invalid Length (not 10 or 13 after cleaning)
Shelter for Koren,Susan Stoker (Goodreads Author),'B07DVPCZTQ,07,Invalid Length (not 10 or 13 after cleaning)
To the Far Blue Mountains,Louis L'Amour,,,Invalid Length (not 10 or 13 after cleaning)
The Secret History of a Teenage Vampire,Will Hill (Goodreads Author),,,Invalid Length (not 10 or 13 after cleaning)
Promises After Dark,Sadie Matthews (Goodreads Author),'B009ZW9DNY,0099,Invalid Length (not 10 or 13 after cleaning)
Collide,Shelly Crane (Goodreads Author),'B0055Q8HDG,00558,Invalid Length (not 10 or 13 after cleaning)
The White Tree,Edward W. Robertson (Goodreads Author),'B004O0U8BI,00408,Invalid Length (not 10 or 13 after cleaning)
Three French Hens,Lynsay Sands (Goodreads Author),'B007ED709A,007709,Invalid Length (not 10 or 13 after cleaning)
The Revolution of Ivy,Amy Engel (Goodreads Author),,,Invalid Length (not 10 or 13 after cleaning)
Enshrine,Chelle Bliss (Goodreads Author),,,Invalid Length (not 10 or 13 after cleaning)
Die Augen des Iriden,"Maja Loewe, Timo Kümmel (Illustrator)",'B00Z6K6KCG,0066,Invalid Length (not 10 or 13 after cleaning)
A Shade of Doubt,Bella Forrest (Goodreads Author),'B00UO6Z8N4,00684,Invalid Length (not 10 or 13 after cleaning)
The Secret of the Long-Lost Cousin-Free Sample Story: Can You Solve the Mystery #1-Free Sample Story (Can you solve the mystery?),M. Masters,'B00BHGG78A,0078,Invalid Length (not 10 or 13 after cleaning)
"From Zero to Success: How to Make Cash From Blogging, How to Start a Blog and A Secret Guide to Monetising a Blog for Beginners.",James Phillips,'B07HXVF27W,0727,Invalid Length (not 10 or 13 after cleaning)
Claiming Sarah,Susan Stoker (Goodreads Author),'B07MZW6VQN,076,Invalid Length (not 10 or 13 after cleaning)
"Barbarians: How The Baby Boomers, Immigration, and Islam Screwed my Generation",Lauren Southern,'B01MU30NB0,01300,Invalid Length (not 10 or 13 after cleaning)
Until the Sun Falls from the Sky,Kristen Ashley (Goodreads Author),'B007CKQ2KS,0072,Invalid Length (not 10 or 13 after cleaning)
Broken Juliet,Leisa Rayven (Goodreads Author),'B00Q4TH25W,00425,Invalid Length (not 10 or 13 after cleaning)
Whiskey Prince,Toni Aleo (Goodreads Author),'B00LRQ6N48,00648,Invalid Length (not 10 or 13 after cleaning)
Mr and Mrs,Alexa Riley (Goodreads Author),'B01E4AF6VO,0146,Invalid Length (not 10 or 13 after cleaning)
Alfred Hitchcock's Get Me to the Wake on Time,"Alfred Hitchcock (Editor), Gil Brewer, Arthur Porges, Donald Honig, Richard Hardwick, H.A. DeRosso, C.B. Gilford, Ray Russell, more…",,,Invalid Length (not 10 or 13 after cleaning)
Secrets At Maple Syrup Farm,Rebecca Raisin (Goodreads Author),'B00OQD8HNY,008,Invalid Length (not 10 or 13 after cleaning)
A Shade of Novak,Bella Forrest (Goodreads Author),'B00QVNQXTC,00,Invalid Length (not 10 or 13 after cleaning)
Maker of Sunshine: Only for Love (Lewis Family Book 1),G. Nichelle (Goodreads Author),'B07N42Y25H,074225,Invalid Length (not 10 or 13 after cleaning)
Justice For Hope,Susan Stoker (Goodreads Author),'B079LJ9GM2,07992,Invalid Length (not 10 or 13 after cleaning)
Hendrix,"Chelsea Camaron (Goodreads Author), M.J. Fields (Goodreads Author)",'B00UDCMF80,0080,Invalid Length (not 10 or 13 after cleaning)
The Tea Girl of Hummingbird Lane,Lisa See (Goodreads Author),'B01HMXRVL8,018,Invalid Length (not 10 or 13 after cleaning)
Taboo,Tara Maya (Goodreads Author),'B004TZ1I4E,00414,Invalid Length (not 10 or 13 after cleaning)
Revolution,Shelly Crane (Goodreads Author),'B0096DLEPW,0096,Invalid Length (not 10 or 13 after cleaning)
Becoming the Whiskey Princess,Toni Aleo (Goodreads Author),'B00TEU4CQU,004,Invalid Length (not 10 or 13 after cleaning)
Growling For Mine,Alexa Riley (Goodreads Author),,,Invalid Length (not 10 or 13 after cleaning)
Grimm's Fairy Stories,"Jacob Grimm, Wilhelm Grimm, Johnny Gruelle (Illustrator), Robert Emmett Owen (Illustrator)",'B0082UXYTE,0082,Invalid Length (not 10 or 13 after cleaning)
Rescuing Mary,Susan Stoker (Goodreads Author),'B076T3FFKX,0763,Invalid Length (not 10 or 13 after cleaning)
The Rational Bible: Exodus,Dennis Prager,'B075Y3X51R,075351,Invalid Length (not 10 or 13 after cleaning)
Cole,Megan O'Brien (Goodreads Author),'B00ILKTBSI,00,Invalid Length (not 10 or 13 after cleaning)
Watchers,S.T. Boston (Goodreads Author),'B00BFWHZQ4,004,Invalid Length (not 10 or 13 after cleaning)
Retribution,Gemma James (Goodreads Author),'B00CBP5WA0,0050,Invalid Length (not 10 or 13 after cleaning)
Хождение по мукам,Aleksey Nikolayevich Tolstoy,,,Invalid Length (not 10 or 13 after cleaning)
Catalyst,Shelly Crane (Goodreads Author),,,Invalid Length (not 10 or 13 after cleaning)
Fitness Confidential,Vinnie Tortorich,,,Invalid Length (not 10 or 13 after cleaning)
Hell's Ink,Nicole Reed (Goodreads Author),'B00SK8QRYW,008,Invalid Length (not 10 or 13 after cleaning)
Ruin & Rule,Pepper Winters (Goodreads Author),'B00QKQJH8E,008,Invalid Length (not 10 or 13 after cleaning)
Kalte Erinnerung,Patricia Walter,'B01HDNN35U,0135,Invalid Length (not 10 or 13 after cleaning)
Green Lake,S.K. Epperson (Goodreads Author),'B004O4C074,0044074,Invalid Length (not 10 or 13 after cleaning)
Deeds Darkly Done,J.L. Lahey (Goodreads Author),'B07NBKH13J,0713,Invalid Length (not 10 or 13 after cleaning)
Securing Piper,Susan Stoker (Goodreads Author),'B07H3W81M6,073816,Invalid Length (not 10 or 13 after cleaning)
Walt Disney's Alice in Wonderland Meets the White Rabbit (A Little Golden Book),"Jane Werner (Retold By), Al Dempster (Adapted By), Lewis Carroll (Original Story By), Walt Disney Company (Illustrations)",,,Invalid Length (not 10 or 13 after cleaning)
NORTHMAN,J.D. Hughes (Goodreads Author),'B00A8G2CIY,0082,Invalid Length (not 10 or 13 after cleaning)
Enslaved,Gemma James (Goodreads Author),'B00B97XOJM,0097,Invalid Length (not 10 or 13 after cleaning)
Diamonds,K.A. Linde (Goodreads Author),,,Invalid Length (not 10 or 13 after cleaning)
Snow and Mistletoe,Alexa Riley (Goodreads Author),'B01990D46I,0199046,Invalid Length (not 10 or 13 after cleaning)
A Shadow of Light,Bella Forrest (Goodreads Author),'B00E7820QI,007820,Invalid Length (not 10 or 13 after cleaning)
The House of Desires,"Catherine Boyle, Inés De La Cruz",'B015ORTRL6,0156,Invalid Length (not 10 or 13 after cleaning)
The Child of Mystery,Eve Hathaway,'B00CVEMQM8,008,Invalid Length (not 10 or 13 after cleaning)
How to Choose the Best Laptop for a Writer?: A Guide for Selecting a Notebook or Tablet for Writing,Joseph Monter (Goodreads Author),'B07L688NQ7,076887,Invalid Length (not 10 or 13 after cleaning)
Wild Irish Rose,Ava Miles (Goodreads Author),'B07K8TR8SQ,0788,Invalid Length (not 10 or 13 after cleaning)
The Fighter's Block,Hadley Quinn (Goodreads Author),'B00A9H95JQ,00995,Invalid Length (not 10 or 13 after cleaning)
Thief,Alexa Riley (Goodreads Author),'B01A951FMC,01951,Invalid Length (not 10 or 13 after cleaning)
A Blaze of Sun,Bella Forrest (Goodreads Author),,,Invalid Length (not 10 or 13 after cleaning)
A Comprehensive Introduction to Computer Systems and Beyond: A Supplemental Study Guide for the CompTIA A+ Certification Exam,Samuel Castro,'B07M799RZW,07799,Invalid Length (not 10 or 13 after cleaning)
Drantos,Laurann Dohner,'B0186SCX9S,01869,Invalid Length (not 10 or 13 after cleaning)
Break Her,B.G. Harlen (Goodreads Author),'B008VHD6AU,0086,Invalid Length (not 10 or 13 after cleaning)
Melting Iron,Laurann Dohner,,,Invalid Length (not 10 or 13 after cleaning)
Keeping King,Anne Jolin (Goodreads Author),,,Invalid Length (not 10 or 13 after cleaning)
Lelana: Sie kämpft um ihr Leben. Sie kämpft um Macht.,Marcus Johanus (Goodreads Author),'B01DUTCYY2,012,Invalid Length (not 10 or 13 after cleaning)
PS... You're Mine,Alexa Riley (Goodreads Author),'B01BB5J7B0,01570,Invalid Length (not 10 or 13 after cleaning)
A Castle of Sand,Bella Forrest (Goodreads Author),'B00DJUN2WG,002,Invalid Length (not 10 or 13 after cleaning)
How To Profit in Entertainment: Social Media Guide,Yolanda Nollie,'B07KY3546R,073546,Invalid Length (not 10 or 13 after cleaning)
Son of the Dragon,T.S. Joyce (Goodreads Author),'B075PS9MBW,0759,Invalid Length (not 10 or 13 after cleaning)
The Stars Are Fire,Anita Shreve,,,Invalid Length (not 10 or 13 after cleaning)
Bill of Human Wrongs,C. Michaels (Goodreads Author),'B00D4BFV60,00460,Invalid Length (not 10 or 13 after cleaning)
The King's Pleasure,Kitty Thomas (Goodreads Author),'B006NG36R4,006364,Invalid Length (not 10 or 13 after cleaning)
Choosing Henley,Anne Jolin (Goodreads Author),,,Invalid Length (not 10 or 13 after cleaning)
Tödliche Gedanken: Er kennt dein Geheimnis. Wie kannst du ihm vertrauen?,Marcus Johanus (Goodreads Author),'B0142V3TQE,01423,Invalid Length (not 10 or 13 after cleaning)
Beauty and the Biker,Alexa Riley (Goodreads Author),'B013NZN5B4,01354,Invalid Length (not 10 or 13 after cleaning)
The Rock Star's Daughter,Caitlyn Duffy (Goodreads Author),'B005BYPLPE,005,Invalid Length (not 10 or 13 after cleaning)
7 Powers of Man: The energy to design destiny,Jermaine James,'B07KLXFQ11,0711,Invalid Length (not 10 or 13 after cleaning)
Son of Kong,T.S. Joyce (Goodreads Author),'B0753JK8QQ,07538,Invalid Length (not 10 or 13 after cleaning)
A Mate for York,Charlene Hartnady (Goodreads Author),'B013VDLXY4,0134,Invalid Length (not 10 or 13 after cleaning)
Resonance,John Meaney,'B00E5D5SBO,0055,Invalid Length (not 10 or 13 after cleaning)
Breaking Bennett,Anne Jolin (Goodreads Author),,,Invalid Length (not 10 or 13 after cleaning)
Tödliche Wahrheit: Die Vergangenheit holt dich ein. Kannst du sie ertragen? (Kelltin 2),Marcus Johanus (Goodreads Author),'B01HO7TYRG,017,Invalid Length (not 10 or 13 after cleaning)
Fall Into Place,Alexa Riley (Goodreads Author),'B017Y1ZD4A,01714,Invalid Length (not 10 or 13 after cleaning)
A Clash of Storms,Bella Forrest (Goodreads Author),'B0758TLK7H,07587,Invalid Length (not 10 or 13 after cleaning)
Little Bad Wolf and Red Riding Hood,"Timothy Tocher, Bruce Lansky (Goodreads Author) (Editor)",'B007MCAYAK,007,Invalid Length (not 10 or 13 after cleaning)
The Mindful Vegetarian: A 28-Day Plan. The Essential Vegetarian Book for Health and Balance,Elizabeth Collins,'B07MY8N638,078638,Invalid Length (not 10 or 13 after cleaning)
Son of the Cursed Bear,T.S. Joyce (Goodreads Author),'B0746L61QT,074661,Invalid Length (not 10 or 13 after cleaning)
Gladiator,Anna Hackett (Goodreads Author),'B01M8MG59T,01859,Invalid Length (not 10 or 13 after cleaning)
The Spell of Mary Stewart: The Ivy Tree/This Rough Magic/Wildfire at Midnight,Mary Stewart,,,Invalid Length (not 10 or 13 after cleaning)
Ohne Ziel ist der weg auch egal,Michaela Grünig,'B00X4U821C,004821,Invalid Length (not 10 or 13 after cleaning)
Falling In,Alexa Riley (Goodreads Author),'B00XWVMQYC,00,Invalid Length (not 10 or 13 after cleaning)
CINCO HISTORIAS De Animales Te Cuento: VAROLES MORALES / ENSEÑANZA PARA LA VIDA,"Loriette Silva - Lopez, Canvas imagenes Stock (Illustrator)",'B07N45WW3W,07453,Invalid Length (not 10 or 13 after cleaning)
Redemption of a Wolf,T.S. Joyce (Goodreads Author),'B07GJLTDB5,075,Invalid Length (not 10 or 13 after cleaning)
The Secret Diaries of Miss Anne Lister,"Anne Lister, Helena Whitbread (Goodreads Author) (Editor)",,,Invalid Length (not 10 or 13 after cleaning)
Jane Austen: The Complete Collection,Jane Austen,'B0037KN05C,003705,Invalid Length (not 10 or 13 after cleaning)
Jakke,Hannah Davenport (Goodreads Author),'B01GTFE2BW,012,Invalid Length (not 10 or 13 after cleaning)
Hamlet as Told on the Street,Shel Silverstein,,,Invalid Length (not 10 or 13 after cleaning)
Real Ugly,C.M. Stunich (Goodreads Author),'B00DB7419K,007419,Invalid Length (not 10 or 13 after cleaning)
When You Were Here,Daisy Whitney,'B00A2CF5KQ,0025,Invalid Length (not 10 or 13 after cleaning)
Perfect Opposite,Zoya Tessi (Goodreads Author),'B00HNF3ZV6,0036,Invalid Length (not 10 or 13 after cleaning)
Chasing Rhodes,Anne Jolin (Goodreads Author),,,Invalid Length (not 10 or 13 after cleaning)
Taking the Fall: Vol 3,Alexa Riley (Goodreads Author),'B00X68HDRQ,0068,Invalid Length (not 10 or 13 after cleaning)
A Lady of Esteem,Kristi Ann Hunter (Goodreads Author),'B00VQR2NOW,002,Invalid Length (not 10 or 13 after cleaning)
Bellas historias te cuento De Animales: LOS VALORES MORALES,"Loriette Silva - Lopez, Canvas imagenes aptas para contenido comercial Canvas stock",'B07MHGP6KC,076,Invalid Length (not 10 or 13 after cleaning)
For the Pride of a Crow,T.S. Joyce (Goodreads Author),'B07FLWWBB6,076,Invalid Length (not 10 or 13 after cleaning)
Fated Mates,Alicia Montgomery (Goodreads Author),'B01KECQ3DG,013,Invalid Length (not 10 or 13 after cleaning)
Whisper Falls,Toni Blake (Goodreads Author),,,Invalid Length (not 10 or 13 after cleaning)
Deliver,Pam Godwin (Goodreads Author),'B00IOVUKNE,00,Invalid Length (not 10 or 13 after cleaning)
"Ein Mitbewohner zum Verlieben: Was sich liebt, das neckt sich",Fiona Winter (Goodreads Author),'B01J3P3KPY,0133,Invalid Length (not 10 or 13 after cleaning)
Taking the Fall: Vol 2,Alexa Riley (Goodreads Author),'B00WHGCDPU,00,Invalid Length (not 10 or 13 after cleaning)
For the Blood of a Crow,T.S. Joyce (Goodreads Author),'B07DPMTJBF,07,Invalid Length (not 10 or 13 after cleaning)
Withering Hope,Layla Hagen (Goodreads Author),'B00SF3OACS,003,Invalid Length (not 10 or 13 after cleaning)
By His Desire,Kate Grey (Goodreads Author),'B0082ZE4R0,008240,Invalid Length (not 10 or 13 after cleaning)
Treasure Your Love,J.C. Reed (Goodreads Author),'B00FVAKOY6,006,Invalid Length (not 10 or 13 after cleaning)
Palingenesis,J. Lewis Bennett (Goodreads Author),'B00DD70SJ0,00700,Invalid Length (not 10 or 13 after cleaning)
Taking What's His,Alexa Riley (Goodreads Author),'B015S1FJY2,01512,Invalid Length (not 10 or 13 after cleaning)
Hogwarts: An Incomplete and Unreliable Guide,J.K. Rowling,'B01JLXET7G,017,Invalid Length (not 10 or 13 after cleaning)
Brain Wave,Poul Anderson,,,Invalid Length (not 10 or 13 after cleaning)
Zena: Soldier,Edward Lake (Goodreads Author),'B07K8SRM1N,0781,Invalid Length (not 10 or 13 after cleaning)
For the Hope of a Crow,T.S. Joyce (Goodreads Author),'B07D4MGBW1,0741,Invalid Length (not 10 or 13 after cleaning)
Stolen by an Alien,Amanda Milo (Goodreads Author),'B0722HD7T1,072271,Invalid Length (not 10 or 13 after cleaning)
The Missing Sister,Elle Marr (Goodreads Author),'B07QYMXX41,0741,Invalid Length (not 10 or 13 after cleaning)
Exit Strategy,Martha Wells (Goodreads Author),'B078X1N8VF,07818,Invalid Length (not 10 or 13 after cleaning)
Eve's Diary,Mark Twain,,,Invalid Length (not 10 or 13 after cleaning)
The Darkness In the Light,Jaden Sparks,'B07NS52B6F,07526,Invalid Length (not 10 or 13 after cleaning)
Cocky Roomie,Faleena Hopkins (Goodreads Author),'B01H7RZDR8,0178,Invalid Length (not 10 or 13 after cleaning)
Stories We Never Told,Sonja Yoerg (Goodreads Author),'B07WCP61XL,0761,Invalid Length (not 10 or 13 after cleaning)
The Billion Dollar Girl,I.D. Blind (Goodreads Author),'B009K5DV6Q,00956,Invalid Length (not 10 or 13 after cleaning)
Mission: Her Defense,Anna Hackett (Goodreads Author),'B07NLCZ887,07887,Invalid Length (not 10 or 13 after cleaning)
Masters at Arms,Kallypso Masters (Goodreads Author),'B005H4V4UO,00544,Invalid Length (not 10 or 13 after cleaning)
Dirty Angels,Karina Halle (Goodreads Author),'B00K7MB38E,00738,Invalid Length (not 10 or 13 after cleaning)
Uprising,Shelly Crane (Goodreads Author),'B0058P5016,00585016,Invalid Length (not 10 or 13 after cleaning)
Retrain Your Mind: A Comprehensive Approach At Understanding and Overcoming Emotional Pain,Samuel Castro,'B07M7FLP58,07758,Invalid Length (not 10 or 13 after cleaning)
Adam,Jennifer Ashley (Goodreads Author),'B00TJ6PSEO,006,Invalid Length (not 10 or 13 after cleaning)
Dirty Deeds,Karina Halle (Goodreads Author),'B00S7R7GZK,0077,Invalid Length (not 10 or 13 after cleaning)
When the Music Ends,Simone Beaudelaire (Goodreads Author),'B00DCZU12M,0012,Invalid Length (not 10 or 13 after cleaning)
Rise at Twilight,Kayla Krantz (Goodreads Author),'B07W3WXVR9,0739,Invalid Length (not 10 or 13 after cleaning)
Idol,"Kristen Callihan (Goodreads Author), Anika Klüver (Translator)",'B01G4TEKT2,0142,Invalid Length (not 10 or 13 after cleaning)
Final Call,Emma Hart (Goodreads Author),,,Invalid Length (not 10 or 13 after cleaning)
Joe,H.D. Gordon (Goodreads Author),'B008GETO0O,0080,Invalid Length (not 10 or 13 after cleaning)
ReAwakened,Ada Adams (Goodreads Author),,,Invalid Length (not 10 or 13 after cleaning)
Cake,Nicole Reed (Goodreads Author),'B00EAP8UQ2,0082,Invalid Length (not 10 or 13 after cleaning)
"How To Get A Job Easily - Insider Secrets: And Get 3 - 6 Job Interviews In A Month Or Less (Tips for looking for a job, Find a job book, Golden nugget jobs, How to get a job book)",C.D. Thompson,'B07ZCCR392,07392,Invalid Length (not 10 or 13 after cleaning)
Dovis,Laurann Dohner,'B07GNTTRHD,07,Invalid Length (not 10 or 13 after cleaning)
Get Bent,C.M. Stunich (Goodreads Author),'B00E6SAS1I,0061,Invalid Length (not 10 or 13 after cleaning)
Courting Magic,Stephanie Burgis (Goodreads Author),,,Invalid Length (not 10 or 13 after cleaning)
Sweet Addiction,J. Daniels (Goodreads Author),,,Invalid Length (not 10 or 13 after cleaning)
Crave,B.J. Harvey (Goodreads Author),,,Invalid Length (not 10 or 13 after cleaning)
Learn Spanish - Word Power 101,Innovative Language,'B006OIUEKI,006,Invalid Length (not 10 or 13 after cleaning)
Alien Warrior,Sadie Carter,'B012YHT12E,01212,Invalid Length (not 10 or 13 after cleaning)
Absorbed,Emily Snow (Goodreads Author),,,Invalid Length (not 10 or 13 after cleaning)
Burn,Addison Moore (Goodreads Author),'B005CO2R46,005246,Invalid Length (not 10 or 13 after cleaning)
Alpha,Tiya Rayne (Goodreads Author),'B07K1TL1PN,0711,Invalid Length (not 10 or 13 after cleaning)
Tremble,Addison Moore (Goodreads Author),,,Invalid Length (not 10 or 13 after cleaning)
Catch Your Death,"Louise Voss (Goodreads Author), Mark Edwards (Goodreads Author)",'B0050X8HGG,00508,Invalid Length (not 10 or 13 after cleaning)
Arena Mode,Blake Northcott (Goodreads Author),'B00E55QLO0,00550,Invalid Length (not 10 or 13 after cleaning)
Pythen,Erin Raegan (Goodreads Author),'B07HMR97Y1,07971,Invalid Length (not 10 or 13 after cleaning)
How To Become Motivated In A Coronavirus Pandemic : The Magic Of Uncertainty,Darryl Bumpass Sr,'B08856W9W9,0885699,Invalid Length (not 10 or 13 after cleaning)
Paladyni,Halina Snopkiewicz,,,Invalid Length (not 10 or 13 after cleaning)
Unmaking Marchant,Ella James (Goodreads Author),,,Invalid Length (not 10 or 13 after cleaning)
Escape from Paradise,Gwendolyn Field (Goodreads Author),'B00DMT7UOA,007,Invalid Length (not 10 or 13 after cleaning)
Broken Silence,Karen Rose (Goodreads Author),'B00DD6YGGC,006,Invalid Length (not 10 or 13 after cleaning)
The Joy of Jesus,Doreen Virtue,'B07D42BNV7,07427,Invalid Length (not 10 or 13 after cleaning)
Down & Dirty: Zak,Jeanne St. James (Goodreads Author),'B074BHR5JG,0745,Invalid Length (not 10 or 13 after cleaning)
Celestra: Books 1-3,Addison Moore (Goodreads Author),'B00F3I3YZC,0033,Invalid Length (not 10 or 13 after cleaning)
Scornfully Yours,Pamela Ann (Goodreads Author),,,Invalid Length (not 10 or 13 after cleaning)
The Valley of Adventure,Enid Blyton,,,Invalid Length (not 10 or 13 after cleaning)
Uncle Remus and Brer Rabbit,Joel Chandler Harris,,,Invalid Length (not 10 or 13 after cleaning)
The Scorpion's Mate,Susan Trombley (Goodreads Author),'B07QLHL7JH,077,Invalid Length (not 10 or 13 after cleaning)
Launching Your Real Estate Career: The Definitive Guide,Eric Kistner,'B089TB7X43,089743,Invalid Length (not 10 or 13 after cleaning)
Vex,Addison Moore (Goodreads Author),'B006G9T1YA,00691,Invalid Length (not 10 or 13 after cleaning)
Watching Over the Watcher,Simone Beaudelaire (Goodreads Author),'B00CII1D1M,0011,Invalid Length (not 10 or 13 after cleaning)
The Arcav King's Mate,Hope Hart (Goodreads Author),'B07VDVBWC6,076,Invalid Length (not 10 or 13 after cleaning)
Misdiagnosis and Mistreatment: Your Doctor’s Advice is The Number One Cause of Death Kindle Edition,Brian J. Sheen (Goodreads Author),'B0884LBWG2,08842,Invalid Length (not 10 or 13 after cleaning)
Cloud Walking,A. Meredith Walters (Goodreads Author),'B00B4Y2UHW,0042,Invalid Length (not 10 or 13 after cleaning)
The Cypress Project,Gennifer Albin (Goodreads Author),,,Invalid Length (not 10 or 13 after cleaning)
An Amateur Peasant Girl,Alexander Pushkin,,,Invalid Length (not 10 or 13 after cleaning)
Dirty Secrets,Karen Rose (Goodreads Author),'B00F0LV41S,00041,Invalid Length (not 10 or 13 after cleaning)
Ambush,Barbara Nickless (Goodreads Author),'B076H4MBSQ,0764,Invalid Length (not 10 or 13 after cleaning)
Contagion,Amanda Milo (Goodreads Author),'B07Z5BM8NV,0758,Invalid Length (not 10 or 13 after cleaning)
Trouble,Samantha Towle (Goodreads Author),,,Invalid Length (not 10 or 13 after cleaning)
When I Fall,J. Daniels (Goodreads Author),,,Invalid Length (not 10 or 13 after cleaning)
Aideen,L.A. Casey (Goodreads Author),,,Invalid Length (not 10 or 13 after cleaning)
Learn Dutch - Word Power 101,Innovative Language,'B006OIXMUC,006,Invalid Length (not 10 or 13 after cleaning)
Dead Stop,Barbara Nickless (Goodreads Author),'B01KZOA32U,0132,Invalid Length (not 10 or 13 after cleaning)
See You Never,Misty Jae Ogert (Goodreads Author),'B00XKC1KTK,001,Invalid Length (not 10 or 13 after cleaning)
Gio,Elizabeth Reyes (Goodreads Author),'B0085BEENU,0085,Invalid Length (not 10 or 13 after cleaning)
Sweet Possession,J. Daniels (Goodreads Author),'B00MQJMEQQ,00,Invalid Length (not 10 or 13 after cleaning)
Undetected,Anna Hackett (Goodreads Author),'B07DN75RP3,07753,Invalid Length (not 10 or 13 after cleaning)
Nameless Fate,Stephanie West (Goodreads Author),'B01N229SV0,012290,Invalid Length (not 10 or 13 after cleaning)
Elemental,Kim Richardson (Goodreads Author),'B005IGOSCC,005,Invalid Length (not 10 or 13 after cleaning)
Anasazi,Emma Michaels,,,Invalid Length (not 10 or 13 after cleaning)
